v -0.328085 -0.261024 0.992683
v -0.328711 -0.270513 0.991121
v -0.330227 -0.279464 0.988642
v -0.331662 -0.288399 0.986046
v -0.333583 -0.296669 0.982959
v -0.335426 -0.304951 0.979782
v -0.337823 -0.312411 0.976223
v -0.340138 -0.319870 0.972632
v -0.342774 -0.326680 0.968816
v -0.345392 -0.333494 0.965023
v -0.348033 -0.339792 0.961439
v -0.313640 -0.234412 1.003922
v -0.314565 -0.244165 1.003110
v -0.315342 -0.253908 1.002063
v -0.315761 -0.263519 1.000842
v -0.316015 -0.273089 0.999346
v -0.317503 -0.282127 0.996679
v -0.318853 -0.291134 0.993806
v -0.320875 -0.299273 0.990351
v -0.322789 -0.307367 0.986766
v -0.325423 -0.314705 0.982898
v -0.327979 -0.322002 0.978918
v -0.330989 -0.328570 0.974982
v -0.333994 -0.335148 0.971077
v -0.336984 -0.341406 0.967221
v -0.340027 -0.347708 0.963503
v -0.342444 -0.353217 0.960278
v -0.344846 -0.358729 0.957059
v -0.297870 -0.206442 1.012077
v -0.299015 -0.216548 1.012248
v -0.300108 -0.226517 1.012169
v -0.301048 -0.236513 1.011821
v -0.301921 -0.246456 1.011103
v -0.302572 -0.256392 1.010020
v -0.302988 -0.266123 1.008582
v -0.303155 -0.275805 1.006729
v -0.304251 -0.284918 1.004000
v -0.305070 -0.293914 1.000806
v -0.307020 -0.301803 0.997199
v -0.308805 -0.309562 0.993250
v -0.311694 -0.316399 0.989168
v -0.314578 -0.323224 0.985100
v -0.318878 -0.329459 0.980640
v -0.323194 -0.335705 0.976160
v -0.326496 -0.342242 0.972145
v -0.329772 -0.348788 0.968200
v -0.332279 -0.354036 0.965119
v -0.334820 -0.359305 0.962115
v -0.337006 -0.364674 0.959279
v -0.339134 -0.370024 0.956348
v -0.341162 -0.375333 0.953537
v -0.280877 -0.177610 1.017251
v -0.282603 -0.187751 1.018124
v -0.284234 -0.197923 1.018818
v -0.285343 -0.208186 1.019449
v -0.286323 -0.218472 1.019860
v -0.287390 -0.228544 1.019800
v -0.288287 -0.238627 1.019437
v -0.288986 -0.248731 1.018597
v -0.289424 -0.258793 1.017294
v -0.289736 -0.268603 1.015477
v -0.289723 -0.278282 1.013052
v -0.290257 -0.287329 1.009936
v -0.290505 -0.296147 1.006150
v -0.292248 -0.303520 1.001871
v -0.293891 -0.310740 0.997311
v -0.297045 -0.316969 0.992875
v -0.300221 -0.323268 0.988521
v -0.305981 -0.329380 0.983962
v -0.311782 -0.335582 0.979537
v -0.315377 -0.342438 0.975481
v -0.319020 -0.349378 0.971616
v -0.321676 -0.354417 0.968810
v -0.324343 -0.359471 0.966018
v -0.326468 -0.364698 0.963452
v -0.328610 -0.369940 0.960939
v -0.330556 -0.375140 0.958359
v -0.332511 -0.380341 0.955793
v -0.334579 -0.385907 0.952993
v -0.336646 -0.391458 0.950143
v -0.263005 -0.148030 1.019657
v -0.264935 -0.158247 1.021079
v -0.266680 -0.168540 1.022598
v -0.268386 -0.178847 1.024041
v -0.270054 -0.189205 1.025192
v -0.271614 -0.199611 1.026147
v -0.272646 -0.210079 1.026939
v -0.273517 -0.220576 1.027449
v -0.274265 -0.230836 1.027527
v -0.274763 -0.241092 1.027172
v -0.275420 -0.251341 1.026084
v -0.275726 -0.261510 1.024373
v -0.275762 -0.271346 1.022233
v -0.275373 -0.280933 1.019227
v -0.275738 -0.289708 1.015542
v -0.275773 -0.298121 1.011084
v -0.276550 -0.305315 1.006253
v -0.277199 -0.312289 1.001098
v -0.283160 -0.317182 0.996094
v -0.289190 -0.322364 0.991484
v -0.295021 -0.328093 0.987018
v -0.300927 -0.334096 0.983022
v -0.304781 -0.340954 0.979067
v -0.308649 -0.347949 0.975392
v -0.311126 -0.353697 0.972584
v -0.313603 -0.359509 0.969875
v -0.315659 -0.364413 0.967583
v -0.317687 -0.369315 0.965286
v -0.319667 -0.374384 0.963003
v -0.321638 -0.379432 0.960686
v -0.323663 -0.384906 0.958246
v -0.325632 -0.390338 0.955710
v -0.327757 -0.396224 0.952936
v -0.329839 -0.402079 0.950091
v -0.332015 -0.408470 0.947077
v -0.245239 -0.117620 1.019984
v -0.246596 -0.128026 1.021858
v -0.247990 -0.138412 1.023869
v -0.250082 -0.148754 1.025708
v -0.252171 -0.159102 1.027552
v -0.254117 -0.169573 1.029364
v -0.255995 -0.180074 1.031032
v -0.257590 -0.190669 1.032450
v -0.259043 -0.201307 1.033592
v -0.259951 -0.211990 1.034461
v -0.260694 -0.222702 1.035014
v -0.261052 -0.233137 1.035115
v -0.261142 -0.243561 1.034691
v -0.261703 -0.253928 1.033273
v -0.261892 -0.264171 1.031126
v -0.261611 -0.273973 1.028503
v -0.260927 -0.283481 1.025059
v -0.261094 -0.291882 1.020644
v -0.260943 -0.299881 1.015514
v -0.260725 -0.306772 1.009957
v -0.260342 -0.313300 1.003963
v -0.269132 -0.316955 0.998588
v -0.278022 -0.321096 0.993762
v -0.283919 -0.326296 0.989127
v -0.289855 -0.332008 0.985159
v -0.293909 -0.338801 0.981061
v -0.298000 -0.345984 0.977753
v -0.300256 -0.352472 0.974872
v -0.302522 -0.359112 0.972426
v -0.304481 -0.363733 0.970524
v -0.306442 -0.368371 0.968652
v -0.308443 -0.373303 0.966685
v -0.310434 -0.378231 0.964678
v -0.312379 -0.383615 0.962632
v -0.314289 -0.388973 0.960492
v -0.316507 -0.394728 0.958103
v -0.318699 -0.400473 0.955644
v -0.320916 -0.406909 0.952931
v -0.323075 -0.413317 0.950074
v -0.229121 -0.107569 1.023861
v -0.231893 -0.117985 1.025323
v -0.233655 -0.128425 1.027596
v -0.235449 -0.138848 1.029933
v -0.237741 -0.149399 1.032171
v -0.240010 -0.159966 1.034349
v -0.241976 -0.170730 1.036414
v -0.243857 -0.181529 1.038328
v -0.245261 -0.192382 1.039928
v -0.246533 -0.203279 1.041287
v -0.247372 -0.214205 1.042172
v -0.248013 -0.225161 1.042720
v -0.248277 -0.235788 1.042662
v -0.248190 -0.246382 1.042009
v -0.248332 -0.256813 1.040473
v -0.248069 -0.267077 1.038214
v -0.247872 -0.276802 1.035068
v -0.247313 -0.286267 1.031263
v -0.247203 -0.294468 1.026272
v -0.246741 -0.302276 1.020643
v -0.249719 -0.307212 1.014210
v -0.252661 -0.312104 1.007726
v -0.260270 -0.315608 1.001878
v -0.267962 -0.319535 0.996472
v -0.273623 -0.324515 0.991496
v -0.279313 -0.329986 0.987136
v -0.283282 -0.336699 0.982907
v -0.287263 -0.344007 0.979971
v -0.289641 -0.350273 0.977534
v -0.292035 -0.356657 0.975403
v -0.293594 -0.361334 0.973910
v -0.295165 -0.366013 0.972440
v -0.297003 -0.370769 0.970861
v -0.298832 -0.375522 0.969236
v -0.300838 -0.380819 0.967479
v -0.302824 -0.386090 0.965641
v -0.305030 -0.391918 0.963536
v -0.307203 -0.397740 0.961379
v -0.309553 -0.404410 0.958942
v -0.311836 -0.411045 0.956339
v -0.314296 -0.418474 0.953366
v -0.316639 -0.425855 0.950184
v -0.319071 -0.433888 0.946565
v -0.211854 -0.097111 1.027583
v -0.215250 -0.107706 1.029276
v -0.218678 -0.118281 1.031037
v -0.220833 -0.128764 1.033624
v -0.223001 -0.139238 1.036243
v -0.225477 -0.150009 1.038803
v -0.227902 -0.160814 1.041260
v -0.229885 -0.171872 1.043587
v -0.231763 -0.182986 1.045725
v -0.233011 -0.194089 1.047568
v -0.234097 -0.205255 1.049132
v -0.234898 -0.216431 1.050086
v -0.235439 -0.227641 1.050602
v -0.235594 -0.238474 1.050427
v -0.235422 -0.249272 1.049697
v -0.235215 -0.259824 1.048163
v -0.234673 -0.270243 1.046073
v -0.234617 -0.279986 1.042470
v -0.234128 -0.289445 1.038209
v -0.233615 -0.297433 1.032434
v -0.232764 -0.305050 1.026183
v -0.238884 -0.308042 1.018891
v -0.245043 -0.311139 1.011705
v -0.251463 -0.314478 1.005347
v -0.257941 -0.318122 0.999279
v -0.263332 -0.322711 0.993712
v -0.268737 -0.327858 0.988778
v -0.272605 -0.334305 0.984119
v -0.276401 -0.341624 0.981045
v -0.278888 -0.347708 0.978996
v -0.281380 -0.353933 0.977508
v -0.282544 -0.358675 0.976385
v -0.283706 -0.363432 0.975403
v -0.285417 -0.368054 0.974329
v -0.287078 -0.372659 0.973180
v -0.289133 -0.377865 0.971741
v -0.291176 -0.383074 0.970267
v -0.293400 -0.389009 0.968620
v -0.295557 -0.394922 0.966825
v -0.298077 -0.401823 0.964732
v -0.300516 -0.408705 0.962444
v -0.303044 -0.416331 0.959852
v -0.305431 -0.423927 0.956982
v -0.307950 -0.432260 0.953692
v -0.310308 -0.440542 0.950141
v -0.197426 -0.097104 1.033702
v -0.201813 -0.107913 1.035464
v -0.206212 -0.118715 1.037241
v -0.208559 -0.129206 1.040059
v -0.210919 -0.139688 1.042901
v -0.213446 -0.150722 1.045704
v -0.215937 -0.161783 1.048435
v -0.217859 -0.173150 1.051012
v -0.219686 -0.184570 1.053414
v -0.220797 -0.196027 1.055451
v -0.221745 -0.207539 1.057211
v -0.222333 -0.219080 1.058289
v -0.222676 -0.230646 1.058937
v -0.222713 -0.241714 1.058826
v -0.222467 -0.252736 1.058265
v -0.222515 -0.263322 1.056574
v -0.222235 -0.273803 1.054408
v -0.221971 -0.283472 1.050483
v -0.221116 -0.292843 1.045824
v -0.223212 -0.299018 1.038810
v -0.225115 -0.304973 1.031553
v -0.230870 -0.308078 1.023853
v -0.236616 -0.311182 1.016151
v -0.242542 -0.314302 1.009284
v -0.248494 -0.317572 1.002548
v -0.253661 -0.321562 0.996596
v -0.258839 -0.325941 0.991012
v -0.262442 -0.331879 0.985820
v -0.265884 -0.338955 0.982560
v -0.268454 -0.344820 0.980718
v -0.271035 -0.350820 0.979498
v -0.272229 -0.355224 0.978924
v -0.273401 -0.359625 0.978450
v -0.273950 -0.363612 0.977993
v -0.274509 -0.367609 0.977703
v -0.276674 -0.372837 0.976677
v -0.278795 -0.378061 0.975552
v -0.281165 -0.384316 0.974225
v -0.283475 -0.390546 0.972792
v -0.286139 -0.397864 0.971096
v -0.288682 -0.405175 0.969133
v -0.291280 -0.413178 0.966844
v -0.293743 -0.421160 0.964303
v -0.296400 -0.429817 0.961230
v -0.298905 -0.438432 0.957890
v -0.301576 -0.447767 0.953934
v -0.183051 -0.097062 1.039960
v -0.188424 -0.108086 1.041766
v -0.193789 -0.119123 1.043551
v -0.196323 -0.129624 1.046579
v -0.198858 -0.140125 1.049601
v -0.201445 -0.151425 1.052662
v -0.203984 -0.162752 1.055638
v -0.205872 -0.174415 1.058508
v -0.207637 -0.186152 1.061161
v -0.208634 -0.197954 1.063435
v -0.209459 -0.209824 1.065417
v -0.209881 -0.221733 1.066667
v -0.210063 -0.233675 1.067534
v -0.210074 -0.244993 1.067620
v -0.209852 -0.256295 1.067366
v -0.210186 -0.266958 1.065549
v -0.210109 -0.277509 1.063196
v -0.209397 -0.287099 1.058701
v -0.208062 -0.296209 1.053389
v -0.212811 -0.300627 1.045228
v -0.217509 -0.304979 1.037006
v -0.222891 -0.308202 1.028883
v -0.228261 -0.311423 1.020762
v -0.233672 -0.314289 1.013324
v -0.239108 -0.317256 1.005968
v -0.244024 -0.320637 0.999620
v -0.248958 -0.324311 0.993520
v -0.252222 -0.329635 0.987881
v -0.255396 -0.336278 0.983889
v -0.258034 -0.341916 0.982513
v -0.260755 -0.347732 0.981781
v -0.261948 -0.351769 0.981654
v -0.263191 -0.355746 0.981728
v -0.262636 -0.359118 0.982092
v -0.262128 -0.362475 0.982690
v -0.264411 -0.367745 0.982053
v -0.266638 -0.372993 0.981303
v -0.269122 -0.379574 0.980234
v -0.271532 -0.386144 0.979034
v -0.274265 -0.393885 0.977567
v -0.276887 -0.401620 0.975889
v -0.279592 -0.410011 0.973967
v -0.282097 -0.418386 0.971702
v -0.284938 -0.427379 0.968900
v -0.287564 -0.436325 0.965744
v -0.290290 -0.446156 0.962006
v -0.292761 -0.455907 0.957905
v -0.176970 -0.108600 1.047745
v -0.182716 -0.120008 1.049807
v -0.185541 -0.130689 1.052935
v -0.188361 -0.141378 1.056051
v -0.190862 -0.152726 1.059307
v -0.193316 -0.164109 1.062475
v -0.195011 -0.176081 1.065637
v -0.196589 -0.188121 1.068595
v -0.197303 -0.200390 1.071209
v -0.197836 -0.212723 1.073533
v -0.197981 -0.224942 1.075126
v -0.197932 -0.237182 1.076406
v -0.198191 -0.248566 1.076558
v -0.198246 -0.259947 1.076405
v -0.198426 -0.270257 1.074451
v -0.197980 -0.280446 1.071705
v -0.199458 -0.288433 1.065621
v -0.200557 -0.296007 1.059007
v -0.204951 -0.300735 1.050769
v -0.209256 -0.305322 1.042394
v -0.214130 -0.308851 1.034028
v -0.218961 -0.312290 1.025597
v -0.224057 -0.315226 1.017661
v -0.229147 -0.318148 1.009722
v -0.234154 -0.321198 1.002985
v -0.239195 -0.324360 0.996253
v -0.242903 -0.328356 0.990680
v -0.246516 -0.333330 0.985858
v -0.249112 -0.338801 0.984765
v -0.251773 -0.344050 0.984177
v -0.252702 -0.347867 0.984577
v -0.253587 -0.351682 0.984840
v -0.253087 -0.354757 0.985784
v -0.252598 -0.357828 0.986817
v -0.253137 -0.361707 0.987431
v -0.253643 -0.365595 0.987983
v -0.256441 -0.372738 0.987178
v -0.259089 -0.379892 0.986158
v -0.261933 -0.388195 0.984807
v -0.264695 -0.396487 0.983331
v -0.267497 -0.405347 0.981623
v -0.270142 -0.414211 0.979656
v -0.273071 -0.423723 0.977111
v -0.275767 -0.433210 0.974204
v -0.278631 -0.443663 0.970604
v -0.281232 -0.454051 0.966641
v -0.284058 -0.464862 0.961947
v -0.171674 -0.120870 1.056117
v -0.174795 -0.131730 1.059360
v -0.177891 -0.142608 1.062556
v -0.180321 -0.154005 1.066022
v -0.182676 -0.165452 1.069366
v -0.184185 -0.177732 1.072820
v -0.185555 -0.190085 1.076059
v -0.185991 -0.202815 1.079028
v -0.186249 -0.215613 1.081715
v -0.186184 -0.228136 1.083744
v -0.185916 -0.240678 1.085453
v -0.186463 -0.252143 1.085691
v -0.186699 -0.263602 1.085517
v -0.186472 -0.273565 1.083158
v -0.185434 -0.283112 1.079645
v -0.189324 -0.289550 1.072261
v -0.193011 -0.295752 1.064566
v -0.197040 -0.300768 1.056230
v -0.200966 -0.305607 1.047734
v -0.205332 -0.309435 1.039123
v -0.209651 -0.313153 1.030435
v -0.214442 -0.316195 1.022013
v -0.219208 -0.319186 1.013564
v -0.224333 -0.322302 1.006694
v -0.229397 -0.324874 0.999472
v -0.233454 -0.327497 0.994125
v -0.237632 -0.330716 0.989228
v -0.240196 -0.335574 0.987857
v -0.242932 -0.340234 0.986850
v -0.243501 -0.343927 0.987528
v -0.244107 -0.347542 0.988322
v -0.243647 -0.350338 0.989753
v -0.243174 -0.353124 0.991170
v -0.241991 -0.355616 0.993063
v -0.240811 -0.358107 0.994978
v -0.244105 -0.365806 0.994688
v -0.247149 -0.373579 0.994105
v -0.250010 -0.382447 0.992732
v -0.252811 -0.391330 0.991306
v -0.255611 -0.400683 0.989615
v -0.258285 -0.410041 0.987736
v -0.261239 -0.420072 0.985371
v -0.263993 -0.430089 0.982716
v -0.266998 -0.441175 0.979268
v -0.269720 -0.452177 0.975403
v -0.272613 -0.463606 0.970753
v -0.275301 -0.474964 0.965819
v -0.164966 -0.132833 1.065779
v -0.167985 -0.143636 1.069105
v -0.170262 -0.155071 1.072664
v -0.172487 -0.166548 1.076140
v -0.173743 -0.179030 1.079847
v -0.174875 -0.191578 1.083351
v -0.175081 -0.204922 1.086716
v -0.175128 -0.218319 1.089838
v -0.175071 -0.231307 1.092196
v -0.174874 -0.244312 1.094353
v -0.175011 -0.255499 1.094616
v -0.174560 -0.266744 1.094130
v -0.176320 -0.275138 1.089900
v -0.177551 -0.283082 1.084825
v -0.181264 -0.289454 1.077478
v -0.184770 -0.295558 1.069795
v -0.188300 -0.300768 1.061479
v -0.191740 -0.305793 1.052990
v -0.195534 -0.309969 1.044104
v -0.199288 -0.314036 1.035146
v -0.203435 -0.318212 1.026189
v -0.207549 -0.322368 1.017213
v -0.213659 -0.324718 1.009724
v -0.219597 -0.326467 1.001842
v -0.224952 -0.328622 0.996542
v -0.230238 -0.330399 0.990950
v -0.232787 -0.333450 0.990326
v -0.235304 -0.336520 0.989547
v -0.235430 -0.339776 0.990472
v -0.235590 -0.343006 0.991529
v -0.234816 -0.345955 0.993456
v -0.234052 -0.348905 0.995460
v -0.232937 -0.351630 0.997955
v -0.231794 -0.354350 1.000443
v -0.233187 -0.359976 1.001696
v -0.234466 -0.365657 1.002816
v -0.237751 -0.375032 1.001736
v -0.240735 -0.384414 1.000334
v -0.243325 -0.394440 0.998557
v -0.245853 -0.404468 0.996697
v -0.248595 -0.414944 0.994490
v -0.251178 -0.425412 0.992074
v -0.254571 -0.437523 0.988563
v -0.257612 -0.449576 0.984555
v -0.260786 -0.461991 0.979821
v -0.263670 -0.474305 0.974678
v -0.266513 -0.486345 0.969257
v -0.155174 -0.133912 1.072258
v -0.158089 -0.144655 1.075675
v -0.160236 -0.156119 1.079364
v -0.162332 -0.167621 1.082966
v -0.163323 -0.180316 1.086905
v -0.164202 -0.193074 1.090660
v -0.164188 -0.207019 1.094451
v -0.164018 -0.221017 1.097981
v -0.164020 -0.234467 1.100760
v -0.163878 -0.247946 1.103319
v -0.163386 -0.258935 1.103363
v -0.161924 -0.269655 1.101984
v -0.165895 -0.276425 1.096155
v -0.169596 -0.282984 1.089899
v -0.173116 -0.289246 1.082558
v -0.176480 -0.295284 1.074941
v -0.179512 -0.300664 1.066629
v -0.182457 -0.305855 1.058151
v -0.185695 -0.310400 1.049013
v -0.188889 -0.314807 1.039790
v -0.192407 -0.320186 1.030330
v -0.196028 -0.325973 1.021095
v -0.202985 -0.327133 1.012754
v -0.209916 -0.328252 1.004376
v -0.216336 -0.329051 0.998296
v -0.222804 -0.329873 0.992297
v -0.225267 -0.331293 0.992339
v -0.227776 -0.332734 0.992454
v -0.227404 -0.335586 0.993509
v -0.227031 -0.338423 0.994724
v -0.226002 -0.341578 0.997271
v -0.224969 -0.344678 0.999790
v -0.223902 -0.347632 1.002895
v -0.222835 -0.350593 1.005987
v -0.222324 -0.354174 1.008779
v -0.221771 -0.357775 1.011526
v -0.225660 -0.367571 1.010966
v -0.229086 -0.377473 1.009918
v -0.231496 -0.388183 1.008102
v -0.233821 -0.398891 1.006190
v -0.236225 -0.409830 1.003995
v -0.238516 -0.420739 1.001638
v -0.242129 -0.433870 0.997836
v -0.245499 -0.446961 0.993683
v -0.248894 -0.460338 0.988797
v -0.251945 -0.473616 0.983418
v -0.254864 -0.486237 0.977987
v -0.257689 -0.498849 0.972443
v -0.146282 -0.134678 1.078499
v -0.148857 -0.145406 1.082062
v -0.150798 -0.156834 1.085779
v -0.152678 -0.168303 1.089409
v -0.153513 -0.181117 1.093495
v -0.154228 -0.194002 1.097392
v -0.154122 -0.208082 1.101369
v -0.153919 -0.222187 1.105191
v -0.153385 -0.237612 1.108653
v -0.152430 -0.253302 1.111580
v -0.153688 -0.261639 1.109619
v -0.154379 -0.269584 1.106636
v -0.158053 -0.276118 1.101000
v -0.161478 -0.282401 1.094902
v -0.164553 -0.288746 1.087677
v -0.167473 -0.294826 1.080138
v -0.169836 -0.300315 1.071817
v -0.172119 -0.305587 1.063328
v -0.173551 -0.311100 1.053987
v -0.174955 -0.316559 1.044609
v -0.180645 -0.320330 1.035055
v -0.186257 -0.323923 1.025399
v -0.193372 -0.324233 1.016284
v -0.200497 -0.324557 1.007179
v -0.209711 -0.325848 0.998554
v -0.220344 -0.328624 0.991357
v -0.221762 -0.330110 0.992784
v -0.220373 -0.331768 0.995062
v -0.218952 -0.333466 0.997291
v -0.217428 -0.336751 1.000837
v -0.215954 -0.339997 1.004460
v -0.214919 -0.343644 1.008256
v -0.213858 -0.347298 1.012025
v -0.213567 -0.351322 1.015247
v -0.213238 -0.355365 1.018432
v -0.215599 -0.362701 1.019244
v -0.217720 -0.370145 1.019806
v -0.219904 -0.380902 1.018648
v -0.221749 -0.391622 1.017132
v -0.223168 -0.402347 1.015192
v -0.224567 -0.413079 1.013245
v -0.228911 -0.428811 1.008191
v -0.233125 -0.444526 1.002972
v -0.236734 -0.458925 0.997809
v -0.240029 -0.473224 0.992196
v -0.242978 -0.486399 0.986680
v -0.245847 -0.499554 0.981047
v -0.248745 -0.512299 0.975567
v -0.137425 -0.135425 1.084784
v -0.139627 -0.146147 1.088459
v -0.141373 -0.157536 1.092224
v -0.143039 -0.168976 1.095871
v -0.143692 -0.181926 1.100070
v -0.144229 -0.194938 1.104071
v -0.144044 -0.209152 1.108268
v -0.143786 -0.223375 1.112336
v -0.142751 -0.240827 1.116615
v -0.140215 -0.258522 1.118677
v -0.143568 -0.264034 1.115060
v -0.146740 -0.269434 1.111113
v -0.150121 -0.275705 1.105646
v -0.153305 -0.281761 1.099817
v -0.155945 -0.288168 1.092704
v -0.158428 -0.294305 1.085272
v -0.160137 -0.299895 1.076959
v -0.161767 -0.305269 1.068471
v -0.161389 -0.311709 1.058915
v -0.161067 -0.318591 1.049569
v -0.168761 -0.320222 1.039626
v -0.176438 -0.321802 1.029646
v -0.183758 -0.321332 1.019814
v -0.191078 -0.320863 1.009982
v -0.215744 -0.327484 0.993106
v -0.213268 -0.327994 0.996415
v -0.210841 -0.328575 0.999790
v -0.208925 -0.331892 1.004485
v -0.207034 -0.335251 1.009195
v -0.205948 -0.339638 1.013613
v -0.204886 -0.344003 1.018049
v -0.204806 -0.348470 1.021701
v -0.204692 -0.352963 1.025314
v -0.205474 -0.357894 1.027451
v -0.206168 -0.362861 1.029503
v -0.208433 -0.373593 1.029312
v -0.210115 -0.384393 1.028552
v -0.210627 -0.394918 1.027013
v -0.211088 -0.405440 1.025414
v -0.215978 -0.423776 1.018934
v -0.220821 -0.442105 1.012364
v -0.224543 -0.457497 1.006775
v -0.228008 -0.472807 1.000814
v -0.230997 -0.486527 0.995212
v -0.233919 -0.500246 0.989549
v -0.236893 -0.513431 0.984178
v -0.239993 -0.526683 0.978966
v -0.128954 -0.135868 1.091052
v -0.130970 -0.146517 1.094614
v -0.132445 -0.157861 1.098330
v -0.133876 -0.169232 1.101977
v -0.134416 -0.182037 1.106057
v -0.134860 -0.194887 1.109978
v -0.134604 -0.208662 1.114197
v -0.134355 -0.222418 1.118419
v -0.133389 -0.238296 1.122521
v -0.131133 -0.254440 1.124600
v -0.134916 -0.261284 1.120711
v -0.138368 -0.267896 1.116189
v -0.141575 -0.274643 1.110694
v -0.144524 -0.281091 1.104688
v -0.146947 -0.287492 1.097702
v -0.149198 -0.293559 1.090342
v -0.150491 -0.299079 1.082212
v -0.151710 -0.304366 1.073916
v -0.151228 -0.310327 1.065035
v -0.150728 -0.316478 1.056235
v -0.155840 -0.318135 1.046988
v -0.160942 -0.319741 1.037726
v -0.175967 -0.315583 1.022238
v -0.203026 -0.325783 1.006333
v -0.199983 -0.327746 1.010216
v -0.196892 -0.329632 1.014051
v -0.196209 -0.335215 1.019843
v -0.195484 -0.340845 1.025586
v -0.195560 -0.346118 1.029658
v -0.195589 -0.351421 1.033687
v -0.196219 -0.356698 1.036171
v -0.196750 -0.362021 1.038561
v -0.198022 -0.369838 1.039322
v -0.198973 -0.377752 1.039767
v -0.200726 -0.392380 1.036606
v -0.202106 -0.406904 1.033046
v -0.205883 -0.424515 1.026860
v -0.209611 -0.442122 1.020596
v -0.212844 -0.457677 1.014937
v -0.215944 -0.473178 1.009087
v -0.218757 -0.487246 1.003560
v -0.221569 -0.501317 0.998025
v -0.224533 -0.514861 0.992815
v -0.227744 -0.528509 0.987960
v -0.122310 -0.146887 1.100765
v -0.123531 -0.158177 1.104455
v -0.124691 -0.169500 1.108052
v -0.125125 -0.182153 1.112019
v -0.125459 -0.194848 1.115828
v -0.125134 -0.208192 1.120069
v -0.124839 -0.221504 1.124373
v -0.123926 -0.235800 1.128257
v -0.121884 -0.250295 1.130210
v -0.126128 -0.258441 1.126151
v -0.129949 -0.266319 1.121173
v -0.132962 -0.273507 1.115612
v -0.135717 -0.280383 1.109510
v -0.137917 -0.286739 1.102615
v -0.139956 -0.292788 1.095378
v -0.140833 -0.298225 1.087444
v -0.141640 -0.303436 1.079338
v -0.141038 -0.308821 1.071103
v -0.140418 -0.314422 1.062939
v -0.142915 -0.316035 1.054344
v -0.145446 -0.317680 1.045807
v -0.195203 -0.322939 1.012812
v -0.191180 -0.323664 1.016117
v -0.186901 -0.324177 1.019171
v -0.186491 -0.330822 1.026105
v -0.186132 -0.337640 1.033165
v -0.186348 -0.343740 1.037640
v -0.186518 -0.349869 1.042073
v -0.186959 -0.355509 1.044879
v -0.187312 -0.361185 1.047599
v -0.187490 -0.366149 1.049212
v -0.187580 -0.371136 1.050736
v -0.190905 -0.389857 1.046279
v -0.193162 -0.408370 1.040740
v -0.195730 -0.425231 1.034733
v -0.198370 -0.442123 1.028784
v -0.201037 -0.457814 1.022933
v -0.203731 -0.473491 1.017123
v -0.206335 -0.487897 1.011615
v -0.209020 -0.502339 1.006235
v -0.212031 -0.516254 1.001246
v -0.215363 -0.530292 0.996747
v -0.113731 -0.147051 1.107100
v -0.114786 -0.158274 1.110561
v -0.115803 -0.169515 1.113961
v -0.116163 -0.181873 1.117587
v -0.116468 -0.194253 1.121112
v -0.116239 -0.207044 1.125079
v -0.116091 -0.219782 1.129177
v -0.115252 -0.233377 1.133017
v -0.113333 -0.247170 1.134958
v -0.117536 -0.255989 1.131041
v -0.121242 -0.264467 1.126021
v -0.124218 -0.272150 1.120507
v -0.126866 -0.279423 1.114285
v -0.128867 -0.285981 1.107425
v -0.130681 -0.292154 1.100147
v -0.131587 -0.297391 1.092380
v -0.132426 -0.302389 1.084445
v -0.132204 -0.307609 1.076283
v -0.131933 -0.313017 1.068177
v -0.134672 -0.314489 1.059758
v -0.137411 -0.315945 1.051330
v -0.182322 -0.320131 1.017286
v -0.178448 -0.320749 1.023473
v -0.174439 -0.321332 1.029542
v -0.175024 -0.328309 1.036253
v -0.175618 -0.335467 1.043007
v -0.176179 -0.342256 1.047410
v -0.176682 -0.349080 1.051765
v -0.177295 -0.355615 1.054530
v -0.177816 -0.362192 1.057202
v -0.178181 -0.368515 1.058699
v -0.178384 -0.374883 1.060019
v -0.181274 -0.393029 1.054962
v -0.183105 -0.410899 1.048795
v -0.184963 -0.427206 1.042642
v -0.186839 -0.443534 1.036513
v -0.189089 -0.458990 1.030542
v -0.191418 -0.474467 1.024714
v -0.193765 -0.489023 1.019281
v -0.196318 -0.503639 1.014216
v -0.199268 -0.517763 1.009447
v -0.202640 -0.532048 1.005371
v -0.105172 -0.147206 1.113459
v -0.106057 -0.158363 1.116681
v -0.106894 -0.169543 1.119833
v -0.107172 -0.181610 1.123097
v -0.107401 -0.193692 1.126273
v -0.107298 -0.205918 1.129997
v -0.107297 -0.218087 1.133896
v -0.106438 -0.230969 1.137584
v -0.104689 -0.244027 1.139518
v -0.108848 -0.253462 1.135722
v -0.112497 -0.262590 1.130772
v -0.115385 -0.270694 1.125232
v -0.117995 -0.278441 1.119011
v -0.119799 -0.285196 1.112204
v -0.121398 -0.291530 1.104913
v -0.122333 -0.296557 1.097312
v -0.123206 -0.301372 1.089555
v -0.123352 -0.306424 1.081514
v -0.123499 -0.311700 1.073526
v -0.126430 -0.312943 1.065173
v -0.129376 -0.314210 1.056854
v -0.169441 -0.317323 1.021761
v -0.165688 -0.317871 1.030803
v -0.161940 -0.318412 1.039851
v -0.163596 -0.325846 1.046451
v -0.165033 -0.333327 1.052775
v -0.165957 -0.340793 1.057126
v -0.166802 -0.348312 1.061411
v -0.167593 -0.355741 1.064140
v -0.168251 -0.363223 1.066729
v -0.168788 -0.370909 1.068101
v -0.169116 -0.378633 1.069228
v -0.171471 -0.396163 1.063465
v -0.172938 -0.413376 1.056710
v -0.173950 -0.429080 1.050227
v -0.175099 -0.444852 1.043908
v -0.176852 -0.460019 1.037662
v -0.178854 -0.475321 1.031853
v -0.180895 -0.490009 1.026440
v -0.183250 -0.504824 1.021598
v -0.186235 -0.519203 1.017202
v -0.189710 -0.533759 1.013661
v -0.096836 -0.147081 1.119671
v -0.097565 -0.158126 1.122415
v -0.098266 -0.169184 1.125116
v -0.098611 -0.181024 1.127921
v -0.098940 -0.192860 1.130698
v -0.098898 -0.204747 1.134245
v -0.098963 -0.216571 1.137992
v -0.098170 -0.229092 1.141605
v -0.096490 -0.241839 1.143376
v -0.100534 -0.251712 1.139746
v -0.104041 -0.261234 1.134823
v -0.106658 -0.269694 1.129459
v -0.108954 -0.277727 1.123290
v -0.110669 -0.284622 1.116632
v -0.112157 -0.291032 1.109431
v -0.113119 -0.295975 1.101955
v -0.114033 -0.300728 1.094357
v -0.114416 -0.305652 1.086359
v -0.114774 -0.310856 1.078384
v -0.116811 -0.311896 1.070140
v -0.118852 -0.312933 1.061899
v -0.149410 -0.315159 1.044346
v -0.149656 -0.316165 1.052980
v -0.151563 -0.324125 1.058303
v -0.153266 -0.332062 1.063330
v -0.154683 -0.339980 1.067519
v -0.156001 -0.347986 1.071600
v -0.157006 -0.356410 1.074136
v -0.157859 -0.364892 1.076509
v -0.158583 -0.373603 1.077388
v -0.158990 -0.382357 1.077898
v -0.160629 -0.399297 1.071935
v -0.161352 -0.415838 1.064906
v -0.161968 -0.431250 1.057883
v -0.162726 -0.446766 1.051053
v -0.164071 -0.461699 1.044530
v -0.165759 -0.476841 1.038593
v -0.167598 -0.491488 1.033164
v -0.169893 -0.506350 1.028674
v -0.172767 -0.520836 1.024561
v -0.176266 -0.535505 1.021688
v -0.088471 -0.146964 1.125840
v -0.089037 -0.157903 1.128081
v -0.089590 -0.168846 1.130303
v -0.089995 -0.180460 1.132635
v -0.090416 -0.192066 1.135004
v -0.090424 -0.203622 1.138335
v -0.090555 -0.215098 1.141949
v -0.089790 -0.227261 1.145421
v -0.088220 -0.239618 1.147070
v -0.092140 -0.249914 1.143602
v -0.095522 -0.259831 1.138737
v -0.097864 -0.268636 1.133551
v -0.099907 -0.277027 1.127558
v -0.101517 -0.284014 1.121022
v -0.102916 -0.290546 1.113961
v -0.103917 -0.295423 1.106624
v -0.104859 -0.300088 1.099153
v -0.105455 -0.304944 1.091220
v -0.106054 -0.310043 1.083287
v -0.107192 -0.310850 1.075105
v -0.108329 -0.311656 1.066944
v -0.137392 -0.313906 1.066140
v -0.139324 -0.322513 1.069915
v -0.141375 -0.330886 1.073757
v -0.143304 -0.339248 1.077800
v -0.145093 -0.347712 1.081676
v -0.146327 -0.357113 1.084040
v -0.147345 -0.366600 1.086140
v -0.148221 -0.376332 1.086504
v -0.148735 -0.386067 1.086413
v -0.149562 -0.402343 1.080164
v -0.149479 -0.418129 1.072723
v -0.149658 -0.433204 1.065033
v -0.150008 -0.448453 1.057613
v -0.150921 -0.463107 1.050630
v -0.152311 -0.478128 1.044631
v -0.153937 -0.492755 1.039137
v -0.156115 -0.507716 1.034900
v -0.158950 -0.522376 1.031213
v -0.162541 -0.537224 1.029181
v -0.081043 -0.157593 1.132606
v -0.081558 -0.168557 1.134348
v -0.081859 -0.180083 1.136375
v -0.082199 -0.191590 1.138479
v -0.082314 -0.203106 1.141701
v -0.082559 -0.214526 1.145259
v -0.082113 -0.226496 1.148563
v -0.080915 -0.238670 1.149917
v -0.084183 -0.249188 1.146769
v -0.086904 -0.259290 1.142122
v -0.089051 -0.268223 1.137038
v -0.090893 -0.276756 1.131123
v -0.092372 -0.283828 1.124829
v -0.093617 -0.290377 1.117907
v -0.094550 -0.295342 1.110687
v -0.095421 -0.300059 1.103296
v -0.095948 -0.304791 1.095504
v -0.096511 -0.309876 1.087812
v -0.097820 -0.310460 1.079252
v -0.099108 -0.310959 1.070645
v -0.123886 -0.312265 1.074150
v -0.126316 -0.321275 1.078338
v -0.128809 -0.330075 1.082583
v -0.130980 -0.338906 1.087029
v -0.133023 -0.347860 1.091315
v -0.134480 -0.358080 1.093679
v -0.135642 -0.368399 1.095672
v -0.136534 -0.378984 1.095580
v -0.136902 -0.389570 1.094751
v -0.137301 -0.405495 1.087878
v -0.136826 -0.420800 1.079781
v -0.136662 -0.435434 1.071616
v -0.136661 -0.450258 1.063763
v -0.137218 -0.464708 1.056417
v -0.138335 -0.479697 1.050426
v -0.139786 -0.494245 1.044744
v -0.141911 -0.509283 1.040897
v -0.144530 -0.523815 1.037680
v -0.148054 -0.538552 1.036725
v -0.072499 -0.146316 1.135748
v -0.072947 -0.157308 1.136938
v -0.073421 -0.168297 1.138184
v -0.073613 -0.179753 1.139851
v -0.073865 -0.191171 1.141688
v -0.074093 -0.202670 1.144768
v -0.074453 -0.214041 1.148314
v -0.074296 -0.225771 1.151403
v -0.073527 -0.237712 1.152540
v -0.076146 -0.248418 1.149764
v -0.078240 -0.258694 1.145348
v -0.080178 -0.267764 1.140385
v -0.081842 -0.276435 1.134571
v -0.083165 -0.283527 1.128471
v -0.084287 -0.290152 1.121780
v -0.085158 -0.295191 1.114679
v -0.085967 -0.300011 1.107417
v -0.086444 -0.304695 1.099837
v -0.087001 -0.309835 1.092465
v -0.088448 -0.310070 1.083399
v -0.089888 -0.310263 1.074347
v -0.110379 -0.310582 1.082137
v -0.113178 -0.320140 1.086580
v -0.116131 -0.329380 1.091265
v -0.118546 -0.338660 1.096151
v -0.120793 -0.348118 1.100746
v -0.122446 -0.359099 1.103143
v -0.123681 -0.370230 1.104874
v -0.124540 -0.381655 1.104254
v -0.124737 -0.392952 1.102619
v -0.124665 -0.408356 1.095062
v -0.123780 -0.423125 1.086201
v -0.123244 -0.437229 1.077388
v -0.122893 -0.451604 1.068975
v -0.123087 -0.465846 1.061091
v -0.123889 -0.480808 1.054884
v -0.125197 -0.495408 1.049070
v -0.127325 -0.510675 1.045821
v -0.129874 -0.525281 1.043611
v -0.133376 -0.539900 1.043845
v -0.064469 -0.157299 1.140090
v -0.064797 -0.168374 1.140984
v -0.065028 -0.179862 1.142268
v -0.065335 -0.191301 1.143861
v -0.065606 -0.202826 1.146866
v -0.065991 -0.214211 1.150467
v -0.066419 -0.225821 1.153655
v -0.066284 -0.237682 1.154632
v -0.068206 -0.248592 1.152205
v -0.069563 -0.259005 1.147947
v -0.071158 -0.268013 1.143148
v -0.072514 -0.276630 1.137540
v -0.073603 -0.283770 1.131543
v -0.074486 -0.290389 1.124906
v -0.075178 -0.295560 1.117858
v -0.075792 -0.300426 1.110594
v -0.076292 -0.305128 1.103293
v -0.076820 -0.310095 1.095990
v -0.078004 -0.310121 1.086870
v -0.079158 -0.310043 1.077687
v -0.098159 -0.310375 1.087846
v -0.100445 -0.320036 1.092780
v -0.102869 -0.329337 1.097988
v -0.105167 -0.338908 1.103336
v -0.107330 -0.348685 1.108409
v -0.109150 -0.360183 1.111145
v -0.110462 -0.371942 1.112938
v -0.111490 -0.383973 1.112035
v -0.111637 -0.395797 1.109531
v -0.111165 -0.410952 1.101353
v -0.109968 -0.425296 1.091780
v -0.109334 -0.439123 1.082453
v -0.108830 -0.453223 1.073520
v -0.108876 -0.467209 1.065247
v -0.109492 -0.482167 1.059056
v -0.110377 -0.496611 1.053109
v -0.112138 -0.512048 1.050774
v -0.114735 -0.527049 1.049676
v -0.118277 -0.541883 1.051246
v -0.055706 -0.146144 1.142478
v -0.055837 -0.157313 1.142775
v -0.055999 -0.168491 1.143179
v -0.056303 -0.180036 1.144042
v -0.056668 -0.191532 1.145385
v -0.057019 -0.203135 1.148367
v -0.057422 -0.214532 1.152092
v -0.058372 -0.225931 1.155325
v -0.058977 -0.237622 1.156420
v -0.060194 -0.248701 1.154488
v -0.060860 -0.259301 1.150465
v -0.062092 -0.268182 1.145724
v -0.063140 -0.276731 1.140325
v -0.063987 -0.283907 1.134475
v -0.064668 -0.290603 1.127990
v -0.065169 -0.295839 1.120962
v -0.065613 -0.300850 1.113760
v -0.066089 -0.305438 1.106568
v -0.066681 -0.310483 1.099636
v -0.067561 -0.310171 1.090342
v -0.068428 -0.309823 1.081028
v -0.085921 -0.310115 1.093513
v -0.087627 -0.319987 1.098777
v -0.089504 -0.329449 1.104502
v -0.091637 -0.339325 1.110241
v -0.093613 -0.349452 1.115558
v -0.095438 -0.361437 1.118441
v -0.096737 -0.373691 1.120070
v -0.097920 -0.386221 1.118989
v -0.098055 -0.398334 1.115579
v -0.097151 -0.412950 1.106608
v -0.095673 -0.426749 1.096265
v -0.094950 -0.440214 1.086238
v -0.094336 -0.454054 1.076678
v -0.094287 -0.467921 1.067962
v -0.094710 -0.482963 1.061672
v -0.095237 -0.497631 1.055848
v -0.096764 -0.513409 1.055094
v -0.099536 -0.528795 1.055646
v -0.103060 -0.543890 1.058349
v -0.047168 -0.157492 1.144065
v -0.047344 -0.168735 1.144047
v -0.047769 -0.180408 1.144586
v -0.048220 -0.192043 1.145675
v -0.048664 -0.203974 1.148765
v -0.049084 -0.215663 1.152839
v -0.049793 -0.227339 1.156628
v -0.050224 -0.239399 1.158005
v -0.051156 -0.250116 1.156383
v -0.051568 -0.260315 1.152554
v -0.052481 -0.269047 1.147964
v -0.053190 -0.277385 1.142607
v -0.053873 -0.284558 1.136737
v -0.054395 -0.291234 1.130216
v -0.054705 -0.296540 1.123196
v -0.054950 -0.301534 1.115929
v -0.055395 -0.306225 1.108892
v -0.055897 -0.311182 1.101965
v -0.056109 -0.310743 1.092663
v -0.056316 -0.310270 1.083376
v -0.072677 -0.310712 1.097678
v -0.074041 -0.320542 1.103091
v -0.075495 -0.329984 1.108926
v -0.077269 -0.340106 1.114929
v -0.078940 -0.350516 1.120526
v -0.080542 -0.362637 1.123880
v -0.081728 -0.375137 1.125712
v -0.082947 -0.388163 1.124777
v -0.083057 -0.400603 1.120620
v -0.082089 -0.414659 1.110518
v -0.080756 -0.427863 1.099422
v -0.079995 -0.440969 1.089006
v -0.079312 -0.454604 1.079280
v -0.079173 -0.468490 1.070491
v -0.079369 -0.483647 1.064377
v -0.079865 -0.498416 1.058779
v -0.081401 -0.514364 1.059452
v -0.084033 -0.530068 1.061618
v -0.087175 -0.545456 1.065348
v -0.038442 -0.157651 1.144840
v -0.038658 -0.168979 1.144359
v -0.039230 -0.180809 1.144578
v -0.039775 -0.192618 1.145395
v -0.040319 -0.204920 1.148779
v -0.040746 -0.216913 1.153208
v -0.041157 -0.228819 1.157501
v -0.041419 -0.241149 1.159289
v -0.042042 -0.251445 1.157984
v -0.042262 -0.261305 1.154559
v -0.042850 -0.269870 1.150088
v -0.043240 -0.278036 1.144857
v -0.043751 -0.285182 1.138945
v -0.044125 -0.291873 1.132440
v -0.044232 -0.297177 1.125364
v -0.044291 -0.302226 1.118100
v -0.044670 -0.306878 1.111074
v -0.045116 -0.311905 1.104270
v -0.044657 -0.311315 1.094986
v -0.044204 -0.310717 1.085724
v -0.059414 -0.311242 1.101747
v -0.060356 -0.321219 1.107124
v -0.061408 -0.330734 1.113025
v -0.062798 -0.341130 1.119204
v -0.064094 -0.351828 1.124816
v -0.065326 -0.364072 1.128144
v -0.066270 -0.376600 1.129937
v -0.067407 -0.389856 1.129006
v -0.067655 -0.402344 1.124418
v -0.066773 -0.415662 1.113486
v -0.065624 -0.428074 1.101334
v -0.064859 -0.440802 1.090432
v -0.064123 -0.454338 1.080535
v -0.063868 -0.468449 1.071767
v -0.063837 -0.483947 1.065900
v -0.064402 -0.499237 1.061197
v -0.065986 -0.515338 1.063620
v -0.068378 -0.531368 1.067159
v -0.071054 -0.547185 1.071745
v -0.029656 -0.157712 1.144708
v -0.029844 -0.169110 1.143877
v -0.030280 -0.181249 1.143826
v -0.030659 -0.193384 1.144460
v -0.031045 -0.206146 1.148106
v -0.031235 -0.218495 1.153081
v -0.031228 -0.230964 1.158101
v -0.031150 -0.244017 1.160465
v -0.031943 -0.253522 1.159272
v -0.032455 -0.262655 1.156167
v -0.032912 -0.271139 1.151835
v -0.033170 -0.279164 1.146634
v -0.033509 -0.286127 1.140609
v -0.033737 -0.292649 1.134085
v -0.033833 -0.297887 1.126847
v -0.033893 -0.302887 1.119447
v -0.034146 -0.307599 1.112229
v -0.034416 -0.312585 1.105151
v -0.034468 -0.311739 1.095880
v -0.034525 -0.310883 1.086631
v -0.044842 -0.312183 1.103799
v -0.045734 -0.322139 1.109277
v -0.046671 -0.331668 1.115174
v -0.047724 -0.342048 1.121401
v -0.048727 -0.352759 1.127075
v -0.049616 -0.365048 1.130610
v -0.050351 -0.377659 1.132757
v -0.051328 -0.391078 1.131992
v -0.051593 -0.403576 1.126883
v -0.050785 -0.416216 1.115073
v -0.049854 -0.427873 1.102336
v -0.049272 -0.440383 1.091216
v -0.048665 -0.453930 1.081456
v -0.048480 -0.468075 1.073113
v -0.048414 -0.483485 1.067635
v -0.048862 -0.499401 1.063788
v -0.050170 -0.515621 1.067211
v -0.052034 -0.531576 1.071666
v -0.053975 -0.547475 1.076666
v -0.020674 -0.146338 1.145892
v -0.020860 -0.157758 1.144396
v -0.021047 -0.169230 1.143131
v -0.021338 -0.181695 1.142856
v -0.021551 -0.194188 1.143245
v -0.021741 -0.207403 1.147346
v -0.021729 -0.220138 1.152807
v -0.021301 -0.233142 1.158545
v -0.020845 -0.246835 1.161384
v -0.021810 -0.255514 1.160219
v -0.022590 -0.263908 1.157532
v -0.022902 -0.272272 1.153304
v -0.023049 -0.280157 1.148204
v -0.023229 -0.286941 1.142138
v -0.023335 -0.293347 1.135635
v -0.023418 -0.298521 1.128273
v -0.023474 -0.303443 1.120715
v -0.023592 -0.308159 1.113299
v -0.023714 -0.313263 1.106062
v -0.024279 -0.312164 1.096774
v -0.024846 -0.311050 1.087539
v -0.030262 -0.313133 1.105742
v -0.031075 -0.323195 1.111209
v -0.031898 -0.332763 1.117096
v -0.032602 -0.343174 1.123262
v -0.033297 -0.353865 1.128771
v -0.033837 -0.366184 1.132278
v -0.034300 -0.378746 1.134487
v -0.035054 -0.392113 1.133708
v -0.035393 -0.404407 1.128475
v -0.034784 -0.416452 1.116343
v -0.034069 -0.427470 1.103060
v -0.033638 -0.439851 1.091826
v -0.033208 -0.453373 1.082114
v -0.033024 -0.467547 1.074111
v -0.032938 -0.482849 1.068671
v -0.033251 -0.499565 1.065731
v -0.034192 -0.516049 1.070042
v -0.035389 -0.532056 1.075099
v -0.036587 -0.548144 1.080260
v -0.011056 -0.146313 1.145597
v -0.011130 -0.157791 1.143806
v -0.011184 -0.169333 1.142339
v -0.011317 -0.181873 1.141866
v -0.011382 -0.194467 1.142251
v -0.011646 -0.207766 1.146358
v -0.011774 -0.220473 1.152076
v -0.011579 -0.233916 1.158431
v -0.011388 -0.248235 1.161893
v -0.011936 -0.256633 1.160957
v -0.012384 -0.264799 1.158486
v -0.012624 -0.273070 1.154367
v -0.012758 -0.280749 1.149221
v -0.012900 -0.287577 1.142986
v -0.012992 -0.293970 1.136293
v -0.013086 -0.299016 1.128869
v -0.013162 -0.303779 1.121256
v -0.013195 -0.308516 1.113801
v -0.013241 -0.313534 1.106428
v -0.013540 -0.312566 1.097394
v -0.013845 -0.311555 1.088390
v -0.016423 -0.313735 1.106547
v -0.016760 -0.323737 1.111890
v -0.017077 -0.333255 1.117679
v -0.017431 -0.343697 1.123669
v -0.017801 -0.354441 1.129073
v -0.017984 -0.366690 1.132697
v -0.018156 -0.379235 1.135121
v -0.018424 -0.392690 1.134576
v -0.018488 -0.405139 1.129259
v -0.018172 -0.416825 1.116847
v -0.017805 -0.427545 1.103523
v -0.017598 -0.439843 1.092264
v -0.017411 -0.453373 1.082681
v -0.017314 -0.467472 1.074876
v -0.017297 -0.482683 1.069698
v -0.017355 -0.499472 1.067238
v -0.017778 -0.515915 1.071822
v -0.018273 -0.532091 1.077104
v -0.018744 -0.548426 1.082203
v -0.001435 -0.146292 1.145353
v -0.001368 -0.157844 1.143414
v -0.001306 -0.169458 1.141810
v -0.001245 -0.182063 1.141279
v -0.001192 -0.194710 1.141649
v -0.001496 -0.208004 1.145765
v -0.001803 -0.220723 1.151492
v -0.001857 -0.234676 1.158411
v -0.001920 -0.249605 1.162079
v -0.002024 -0.257646 1.161112
v -0.002131 -0.265415 1.158777
v -0.002282 -0.273506 1.154794
v -0.002421 -0.281063 1.149863
v -0.002520 -0.287953 1.143563
v -0.002619 -0.294397 1.136768
v -0.002726 -0.299356 1.129355
v -0.002835 -0.304051 1.121757
v -0.002799 -0.308780 1.114246
v -0.002759 -0.313845 1.106829
v -0.002801 -0.312969 1.098014
v -0.002845 -0.312061 1.089241
v -0.002577 -0.314269 1.107356
v -0.002420 -0.324309 1.112437
v -0.002245 -0.333760 1.118219
v -0.002276 -0.344258 1.124061
v -0.002305 -0.355035 1.129326
v -0.002160 -0.367268 1.132938
v -0.001999 -0.379763 1.135353
v -0.001753 -0.393210 1.134714
v -0.001547 -0.405592 1.129437
v -0.001526 -0.417080 1.117228
v -0.001511 -0.427544 1.103854
v -0.001555 -0.439771 1.092535
v -0.001596 -0.453247 1.083014
v -0.001610 -0.467238 1.075219
v -0.001617 -0.482330 1.069956
v -0.001401 -0.499399 1.067472
v -0.001267 -0.516075 1.072466
v -0.001049 -0.532451 1.077875
v -0.000823 -0.548983 1.082982
v 0.007711 -0.157931 1.143648
v 0.007754 -0.169484 1.142155
v 0.007838 -0.181982 1.141673
v 0.007859 -0.194527 1.142064
v 0.007717 -0.207547 1.146022
v 0.007425 -0.220000 1.151584
v 0.007234 -0.233722 1.158181
v 0.007089 -0.248431 1.161922
v 0.007446 -0.256800 1.161137
v 0.007708 -0.264916 1.158730
v 0.007828 -0.273180 1.154576
v 0.007850 -0.280860 1.149433
v 0.007893 -0.287728 1.143112
v 0.007890 -0.294150 1.136322
v 0.007871 -0.299189 1.128943
v 0.007839 -0.303935 1.121370
v 0.007865 -0.308685 1.113857
v 0.007877 -0.313744 1.106437
v 0.008020 -0.312676 1.097346
v 0.008160 -0.311591 1.088304
v 0.011270 -0.313906 1.106795
v 0.011822 -0.323930 1.112103
v 0.012388 -0.333366 1.117946
v 0.012902 -0.343763 1.123910
v 0.013435 -0.354497 1.129213
v 0.013943 -0.366833 1.132820
v 0.014443 -0.379505 1.135024
v 0.015004 -0.392984 1.134503
v 0.015324 -0.405432 1.128994
v 0.015049 -0.417032 1.116727
v 0.014702 -0.427590 1.103378
v 0.014481 -0.439753 1.092171
v 0.014299 -0.453201 1.082684
v 0.014294 -0.467207 1.074885
v 0.014360 -0.482322 1.069770
v 0.014622 -0.499283 1.067193
v 0.015170 -0.515866 1.071936
v 0.016151 -0.532061 1.077170
v 0.017096 -0.548414 1.082234
v 0.016777 -0.158038 1.144038
v 0.016811 -0.169531 1.142748
v 0.016885 -0.181909 1.142377
v 0.016869 -0.194312 1.142834
v 0.016859 -0.207001 1.146599
v 0.016636 -0.219190 1.151831
v 0.016349 -0.232782 1.158059
v 0.016090 -0.247200 1.161476
v 0.016875 -0.255831 1.160525
v 0.017483 -0.264123 1.157922
v 0.017862 -0.272458 1.153673
v 0.018071 -0.280317 1.148529
v 0.018261 -0.287187 1.142317
v 0.018366 -0.293634 1.135628
v 0.018447 -0.298799 1.128353
v 0.018495 -0.303666 1.120862
v 0.018520 -0.308462 1.113366
v 0.018523 -0.313661 1.106047
v 0.018841 -0.312383 1.096678
v 0.019165 -0.311121 1.087367
v 0.025095 -0.313491 1.106372
v 0.026031 -0.323584 1.111582
v 0.027015 -0.333013 1.117589
v 0.028105 -0.343314 1.123653
v 0.029176 -0.353979 1.128997
v 0.030058 -0.366486 1.132380
v 0.030868 -0.379239 1.134328
v 0.031741 -0.392674 1.133496
v 0.032163 -0.405012 1.128041
v 0.031590 -0.416847 1.116063
v 0.030891 -0.427616 1.102853
v 0.030531 -0.439706 1.091638
v 0.030160 -0.453020 1.082048
v 0.030183 -0.467012 1.074121
v 0.030320 -0.482179 1.068905
v 0.030590 -0.499148 1.065697
v 0.031535 -0.515936 1.070345
v 0.033217 -0.532002 1.075214
v 0.034917 -0.548108 1.080213
v 0.025644 -0.157906 1.144385
v 0.025672 -0.169283 1.143407
v 0.025850 -0.181384 1.143291
v 0.025953 -0.193488 1.143920
v 0.026125 -0.205806 1.147350
v 0.026088 -0.217692 1.152147
v 0.026270 -0.230681 1.157617
v 0.026431 -0.244341 1.160566
v 0.027068 -0.253746 1.159601
v 0.027396 -0.262767 1.156627
v 0.027838 -0.271350 1.152158
v 0.028095 -0.279498 1.146893
v 0.028445 -0.286540 1.140746
v 0.028674 -0.293094 1.134043
v 0.028868 -0.298310 1.126940
v 0.029019 -0.303232 1.119612
v 0.029150 -0.308014 1.112388
v 0.029290 -0.313025 1.105203
v 0.029077 -0.311972 1.095811
v 0.028866 -0.310916 1.086442
v 0.039786 -0.312844 1.104510
v 0.040765 -0.322767 1.109815
v 0.041822 -0.332151 1.115861
v 0.043295 -0.342314 1.121889
v 0.044706 -0.352901 1.127220
v 0.045893 -0.365240 1.130734
v 0.046874 -0.377963 1.132428
v 0.048001 -0.391545 1.131712
v 0.048359 -0.404120 1.126294
v 0.047667 -0.416566 1.114710
v 0.046814 -0.427921 1.102013
v 0.046331 -0.440084 1.090994
v 0.045855 -0.453304 1.081354
v 0.045782 -0.467290 1.073094
v 0.045834 -0.482514 1.067797
v 0.046412 -0.498966 1.063926
v 0.047868 -0.515650 1.067517
v 0.049994 -0.531565 1.071812
v 0.052232 -0.547427 1.076741
v 0.034483 -0.146519 1.145406
v 0.034514 -0.157757 1.144527
v 0.034550 -0.169027 1.143895
v 0.034827 -0.180853 1.144048
v 0.035056 -0.192674 1.144881
v 0.035377 -0.204617 1.148054
v 0.035548 -0.216212 1.152427
v 0.036193 -0.228615 1.157043
v 0.036750 -0.241438 1.159470
v 0.037200 -0.251596 1.158344
v 0.037249 -0.261277 1.155039
v 0.037764 -0.270125 1.150434
v 0.038085 -0.278545 1.145058
v 0.038595 -0.285736 1.138993
v 0.038966 -0.292457 1.132352
v 0.039268 -0.297694 1.125416
v 0.039519 -0.302661 1.118254
v 0.039770 -0.307354 1.111243
v 0.040061 -0.312396 1.104373
v 0.039313 -0.311560 1.094944
v 0.038567 -0.310712 1.085516
v 0.054472 -0.312105 1.102718
v 0.055477 -0.322117 1.107895
v 0.056614 -0.331418 1.113920
v 0.058454 -0.341531 1.119755
v 0.060178 -0.352002 1.124894
v 0.061624 -0.364199 1.128043
v 0.062730 -0.376705 1.129491
v 0.064016 -0.390232 1.128563
v 0.064374 -0.402788 1.123626
v 0.063736 -0.415881 1.112953
v 0.062719 -0.427898 1.100827
v 0.062092 -0.440270 1.090068
v 0.061534 -0.453426 1.080340
v 0.061296 -0.467423 1.071755
v 0.061291 -0.482727 1.066026
v 0.062156 -0.498773 1.061267
v 0.064041 -0.515507 1.063986
v 0.066494 -0.531409 1.067371
v 0.069257 -0.547081 1.071971
v 0.043046 -0.146387 1.144141
v 0.043114 -0.157573 1.143806
v 0.043196 -0.168775 1.143673
v 0.043478 -0.180418 1.144153
v 0.043767 -0.192033 1.145208
v 0.044200 -0.203778 1.148255
v 0.044601 -0.215275 1.152279
v 0.045298 -0.227241 1.156267
v 0.045813 -0.239570 1.158128
v 0.046481 -0.250207 1.156659
v 0.046657 -0.260324 1.152979
v 0.047441 -0.269294 1.148257
v 0.048019 -0.277873 1.142792
v 0.048672 -0.285198 1.136750
v 0.049161 -0.291988 1.130043
v 0.049545 -0.297223 1.123158
v 0.049871 -0.302165 1.116038
v 0.050264 -0.306783 1.109104
v 0.050689 -0.311665 1.102190
v 0.050707 -0.310999 1.092759
v 0.050728 -0.310323 1.083326
v 0.067935 -0.311328 1.098382
v 0.069447 -0.321265 1.103669
v 0.071117 -0.330610 1.109618
v 0.073248 -0.340479 1.115429
v 0.075233 -0.350746 1.120644
v 0.077017 -0.362726 1.123846
v 0.078268 -0.375083 1.125154
v 0.079711 -0.388360 1.124071
v 0.079978 -0.400880 1.119590
v 0.079196 -0.414742 1.109708
v 0.077950 -0.427592 1.098597
v 0.077258 -0.440318 1.088388
v 0.076692 -0.453611 1.078912
v 0.076624 -0.467365 1.070375
v 0.076880 -0.482380 1.064538
v 0.077742 -0.497641 1.058948
v 0.079639 -0.514060 1.059684
v 0.082363 -0.529801 1.061914
v 0.085584 -0.545227 1.065642
v 0.051532 -0.146227 1.142432
v 0.051655 -0.157371 1.142581
v 0.051812 -0.168516 1.142898
v 0.052121 -0.180004 1.143704
v 0.052483 -0.191459 1.144999
v 0.053044 -0.203068 1.148009
v 0.053644 -0.214458 1.151809
v 0.054388 -0.225943 1.155085
v 0.054839 -0.237692 1.156553
v 0.055707 -0.248763 1.154707
v 0.056038 -0.259320 1.150799
v 0.057086 -0.268402 1.145963
v 0.057942 -0.277172 1.140476
v 0.058736 -0.284590 1.134406
v 0.059348 -0.291476 1.127679
v 0.059808 -0.296673 1.120826
v 0.060196 -0.301573 1.113732
v 0.060708 -0.306034 1.106771
v 0.061319 -0.310947 1.100044
v 0.062101 -0.310438 1.090574
v 0.062889 -0.309933 1.081137
v 0.081404 -0.310529 1.094081
v 0.083361 -0.320593 1.099246
v 0.085546 -0.329993 1.105040
v 0.087912 -0.339713 1.110599
v 0.090051 -0.349798 1.115522
v 0.092010 -0.361488 1.118242
v 0.093317 -0.373486 1.119275
v 0.094788 -0.386179 1.117967
v 0.095124 -0.398361 1.114187
v 0.094397 -0.412859 1.105476
v 0.092933 -0.426386 1.095177
v 0.092243 -0.439517 1.085507
v 0.091649 -0.453016 1.076228
v 0.091720 -0.466755 1.067766
v 0.092260 -0.481618 1.061710
v 0.093233 -0.496531 1.056005
v 0.095172 -0.512634 1.055237
v 0.098093 -0.528238 1.056002
v 0.101690 -0.543542 1.058666
v 0.059775 -0.146213 1.139238
v 0.059980 -0.157326 1.139964
v 0.060221 -0.168434 1.140803
v 0.060415 -0.179934 1.142063
v 0.060684 -0.191385 1.143623
v 0.061062 -0.202968 1.146688
v 0.061542 -0.214403 1.150378
v 0.061894 -0.226048 1.153543
v 0.061807 -0.237944 1.154808
v 0.063575 -0.248797 1.152422
v 0.064803 -0.259134 1.148178
v 0.066200 -0.268273 1.143267
v 0.067364 -0.277061 1.137606
v 0.068371 -0.284439 1.131550
v 0.069157 -0.291240 1.124744
v 0.069721 -0.296393 1.117773
v 0.070213 -0.301238 1.110571
v 0.070815 -0.305760 1.103430
v 0.071468 -0.310600 1.096360
v 0.072600 -0.310398 1.087099
v 0.073731 -0.310181 1.077859
v 0.093850 -0.310822 1.088082
v 0.096444 -0.320543 1.093002
v 0.099240 -0.329729 1.098359
v 0.101827 -0.339111 1.103623
v 0.104180 -0.348844 1.108385
v 0.106098 -0.360131 1.110869
v 0.107369 -0.371718 1.112127
v 0.108565 -0.383860 1.111069
v 0.108710 -0.395705 1.108088
v 0.108311 -0.410721 1.100080
v 0.107129 -0.424829 1.090642
v 0.106614 -0.438409 1.081587
v 0.106211 -0.452245 1.072868
v 0.106443 -0.466126 1.064832
v 0.107234 -0.480928 1.058842
v 0.108473 -0.495518 1.053075
v 0.110561 -0.511048 1.050805
v 0.113392 -0.526291 1.049992
v 0.117104 -0.541311 1.051522
v 0.067881 -0.146212 1.135692
v 0.068166 -0.157305 1.136900
v 0.068488 -0.168392 1.138181
v 0.068597 -0.179920 1.139826
v 0.068770 -0.191416 1.141654
v 0.069000 -0.203014 1.144851
v 0.069358 -0.214485 1.148514
v 0.069318 -0.226222 1.151594
v 0.068717 -0.238198 1.152859
v 0.071373 -0.248771 1.149954
v 0.073546 -0.258928 1.145506
v 0.075244 -0.268063 1.140361
v 0.076734 -0.276881 1.134609
v 0.077967 -0.284194 1.128543
v 0.078939 -0.290902 1.121693
v 0.079623 -0.296053 1.114658
v 0.080215 -0.300865 1.107355
v 0.080888 -0.305395 1.099959
v 0.081620 -0.310239 1.092646
v 0.083098 -0.310357 1.083624
v 0.084573 -0.310429 1.074582
v 0.106298 -0.311141 1.082099
v 0.109422 -0.320654 1.086479
v 0.112780 -0.329706 1.091342
v 0.115522 -0.338786 1.096183
v 0.117952 -0.348178 1.100523
v 0.119657 -0.358981 1.102610
v 0.120807 -0.369960 1.103847
v 0.121714 -0.381427 1.103124
v 0.121801 -0.392727 1.101082
v 0.121825 -0.408057 1.093842
v 0.120888 -0.422613 1.085089
v 0.120561 -0.436559 1.076502
v 0.120345 -0.450723 1.068147
v 0.120817 -0.464889 1.060530
v 0.121807 -0.479733 1.054426
v 0.123423 -0.494314 1.048917
v 0.125768 -0.509493 1.045807
v 0.128644 -0.524319 1.043788
v 0.132371 -0.539129 1.044038
v 0.075841 -0.146355 1.130755
v 0.076196 -0.157476 1.132540
v 0.076561 -0.168600 1.134340
v 0.076745 -0.180226 1.136403
v 0.076967 -0.191830 1.138551
v 0.077093 -0.203593 1.141914
v 0.077361 -0.215258 1.145651
v 0.077108 -0.227255 1.148812
v 0.076160 -0.239448 1.150179
v 0.079403 -0.249730 1.146897
v 0.082138 -0.259602 1.142235
v 0.084135 -0.268580 1.137043
v 0.085894 -0.277207 1.131162
v 0.087346 -0.284417 1.124915
v 0.088514 -0.291044 1.117930
v 0.089296 -0.296121 1.110633
v 0.089995 -0.300906 1.103137
v 0.090644 -0.305487 1.095584
v 0.091363 -0.310407 1.088153
v 0.092655 -0.310756 1.079484
v 0.093968 -0.311112 1.070877
v 0.120039 -0.312797 1.073796
v 0.122842 -0.321693 1.077969
v 0.125860 -0.330257 1.082507
v 0.128371 -0.338908 1.086989
v 0.130611 -0.347830 1.091101
v 0.132072 -0.357934 1.093262
v 0.133098 -0.368169 1.094820
v 0.133951 -0.378802 1.094593
v 0.134096 -0.389413 1.093389
v 0.134535 -0.405148 1.086649
v 0.134045 -0.420235 1.078639
v 0.134012 -0.434655 1.070589
v 0.134137 -0.449265 1.062856
v 0.134879 -0.463679 1.055722
v 0.136142 -0.478576 1.049823
v 0.137857 -0.493112 1.044469
v 0.140213 -0.508071 1.040782
v 0.143196 -0.522850 1.037775
v 0.147011 -0.537739 1.036869
v 0.083694 -0.146522 1.125641
v 0.084118 -0.157677 1.127968
v 0.084531 -0.168838 1.130270
v 0.084784 -0.180575 1.132703
v 0.085038 -0.192306 1.135121
v 0.085099 -0.204249 1.138701
v 0.085267 -0.216108 1.142526
v 0.084754 -0.228319 1.145726
v 0.083524 -0.240699 1.147256
v 0.087346 -0.250634 1.143692
v 0.090698 -0.260247 1.138877
v 0.092979 -0.269022 1.133552
v 0.094994 -0.277439 1.127533
v 0.096654 -0.284511 1.121117
v 0.098031 -0.291027 1.114008
v 0.098943 -0.296126 1.106557
v 0.099759 -0.300923 1.098882
v 0.100397 -0.305528 1.091136
v 0.101078 -0.310497 1.083531
v 0.102212 -0.311155 1.075344
v 0.103363 -0.311794 1.067172
v 0.133773 -0.314473 1.065481
v 0.136205 -0.322843 1.069378
v 0.138788 -0.330970 1.073463
v 0.141034 -0.339198 1.077558
v 0.143018 -0.347627 1.081326
v 0.144214 -0.356975 1.083524
v 0.145102 -0.366410 1.085355
v 0.145805 -0.376193 1.085574
v 0.145958 -0.385951 1.085088
v 0.146876 -0.401970 1.078921
v 0.146775 -0.417463 1.071456
v 0.147086 -0.432355 1.063957
v 0.147507 -0.447367 1.056637
v 0.148548 -0.462032 1.049867
v 0.149995 -0.477011 1.043963
v 0.151885 -0.491625 1.038764
v 0.154249 -0.506515 1.034677
v 0.157526 -0.521398 1.031245
v 0.161474 -0.536384 1.029332
v 0.091883 -0.146541 1.119530
v 0.092576 -0.157798 1.122317
v 0.093237 -0.169072 1.125060
v 0.093457 -0.181099 1.127967
v 0.093666 -0.193122 1.130832
v 0.093700 -0.205423 1.134555
v 0.093856 -0.217649 1.138515
v 0.093176 -0.230185 1.141869
v 0.091683 -0.242897 1.143538
v 0.095713 -0.252403 1.139794
v 0.099278 -0.261597 1.134910
v 0.101877 -0.270047 1.129489
v 0.104196 -0.278110 1.123348
v 0.105967 -0.285027 1.116788
v 0.107437 -0.291384 1.109558
v 0.108291 -0.296514 1.101910
v 0.109068 -0.301379 1.094076
v 0.109530 -0.306098 1.086281
v 0.110016 -0.311164 1.078611
v 0.112042 -0.312075 1.070300
v 0.114078 -0.312946 1.061989
v 0.146403 -0.316417 1.052370
v 0.148828 -0.324080 1.057880
v 0.151040 -0.331869 1.063161
v 0.152713 -0.339725 1.067386
v 0.154176 -0.347739 1.071385
v 0.155147 -0.356212 1.073747
v 0.155879 -0.364753 1.075836
v 0.156424 -0.373505 1.076527
v 0.156515 -0.382290 1.076676
v 0.158146 -0.398896 1.070691
v 0.158782 -0.415104 1.063590
v 0.159497 -0.430388 1.056688
v 0.160343 -0.445771 1.049961
v 0.161774 -0.460649 1.043577
v 0.163549 -0.475707 1.037838
v 0.165580 -0.490325 1.032580
v 0.168055 -0.505174 1.028229
v 0.171302 -0.519813 1.024412
v 0.175113 -0.534580 1.021708
v 0.100050 -0.146570 1.113382
v 0.100985 -0.157941 1.116587
v 0.101890 -0.169331 1.119744
v 0.102076 -0.181644 1.123116
v 0.102224 -0.193973 1.126411
v 0.102245 -0.206636 1.130293
v 0.102364 -0.219245 1.134350
v 0.101511 -0.232080 1.137838
v 0.099800 -0.245084 1.139688
v 0.104010 -0.254133 1.135742
v 0.107778 -0.262874 1.130743
v 0.110707 -0.270987 1.125240
v 0.113333 -0.278692 1.118987
v 0.115207 -0.285457 1.112321
v 0.116813 -0.291683 1.105048
v 0.117641 -0.296922 1.097268
v 0.118375 -0.301852 1.089259
v 0.118697 -0.306740 1.081511
v 0.118980 -0.311886 1.073736
v 0.121872 -0.312996 1.065255
v 0.124793 -0.314099 1.056805
v 0.159021 -0.318346 1.039147
v 0.161320 -0.325483 1.046155
v 0.163141 -0.332890 1.052686
v 0.164242 -0.340358 1.057063
v 0.165188 -0.347923 1.061281
v 0.165934 -0.355487 1.063806
v 0.166516 -0.363113 1.066155
v 0.166851 -0.370840 1.067273
v 0.166836 -0.378596 1.067993
v 0.169164 -0.395735 1.062202
v 0.170468 -0.412554 1.055287
v 0.171604 -0.428223 1.048917
v 0.172810 -0.443931 1.042631
v 0.174670 -0.459010 1.036617
v 0.176674 -0.474146 1.030841
v 0.178912 -0.488862 1.025639
v 0.181435 -0.503683 1.020934
v 0.184759 -0.518174 1.016916
v 0.188484 -0.532756 1.013607
v 0.108503 -0.146319 1.106990
v 0.109648 -0.157802 1.110462
v 0.110750 -0.169312 1.113873
v 0.111071 -0.181925 1.117580
v 0.111321 -0.194567 1.121171
v 0.111217 -0.207745 1.125314
v 0.111184 -0.220876 1.129585
v 0.110280 -0.234427 1.133136
v 0.108460 -0.248183 1.135058
v 0.112741 -0.256562 1.130957
v 0.116641 -0.264687 1.126026
v 0.119683 -0.272256 1.120478
v 0.122443 -0.279468 1.114310
v 0.124494 -0.286047 1.107583
v 0.126308 -0.292150 1.100320
v 0.127154 -0.297504 1.092382
v 0.127921 -0.302588 1.084270
v 0.127761 -0.307687 1.076232
v 0.127605 -0.313114 1.068302
v 0.130387 -0.314445 1.059862
v 0.132994 -0.315713 1.051105
v 0.175271 -0.320131 1.022169
v 0.171603 -0.320814 1.028430
v 0.172971 -0.327823 1.035800
v 0.173961 -0.335077 1.042819
v 0.174708 -0.341989 1.047302
v 0.175317 -0.348979 1.051657
v 0.175823 -0.355561 1.054307
v 0.176173 -0.362213 1.056793
v 0.176334 -0.368472 1.058113
v 0.176253 -0.374780 1.059173
v 0.178997 -0.392628 1.053947
v 0.180628 -0.410156 1.047553
v 0.182519 -0.426368 1.041341
v 0.184514 -0.442627 1.035281
v 0.186848 -0.457910 1.029400
v 0.189294 -0.473221 1.023698
v 0.191746 -0.487782 1.018384
v 0.194450 -0.502420 1.013481
v 0.197785 -0.516647 1.009007
v 0.201489 -0.530975 1.005124
v 0.116966 -0.146061 1.100606
v 0.118305 -0.157664 1.104326
v 0.119587 -0.169299 1.107962
v 0.120029 -0.182218 1.111989
v 0.120365 -0.195178 1.115838
v 0.120128 -0.208878 1.120240
v 0.119924 -0.222542 1.124674
v 0.119000 -0.236808 1.128348
v 0.117039 -0.251254 1.130247
v 0.121407 -0.258950 1.126042
v 0.125417 -0.266410 1.121092
v 0.128595 -0.273457 1.115595
v 0.131516 -0.280195 1.109551
v 0.133756 -0.286575 1.102755
v 0.135770 -0.292542 1.095511
v 0.136656 -0.298057 1.087471
v 0.137438 -0.303255 1.079203
v 0.136835 -0.308653 1.071008
v 0.136273 -0.314381 1.062937
v 0.138773 -0.315911 1.054263
v 0.141196 -0.317327 1.045405
v 0.192111 -0.321904 1.011249
v 0.188298 -0.322718 1.014642
v 0.184284 -0.323301 1.017805
v 0.184618 -0.330143 1.025447
v 0.184718 -0.337294 1.032896
v 0.185127 -0.343637 1.037506
v 0.185430 -0.350047 1.042012
v 0.185666 -0.355658 1.044755
v 0.185755 -0.361334 1.047353
v 0.185679 -0.366142 1.048818
v 0.185452 -0.370980 1.050128
v 0.188642 -0.389451 1.045494
v 0.190630 -0.407698 1.039641
v 0.193282 -0.424449 1.033570
v 0.196000 -0.441210 1.027578
v 0.198826 -0.456702 1.021841
v 0.201604 -0.472144 1.016014
v 0.204312 -0.486585 1.010663
v 0.207128 -0.501061 1.005475
v 0.210557 -0.515076 1.000698
v 0.214272 -0.529167 0.996310
v 0.125705 -0.145554 1.094111
v 0.127266 -0.157148 1.097887
v 0.128790 -0.168766 1.101606
v 0.129386 -0.181866 1.105765
v 0.129898 -0.195008 1.109788
v 0.129670 -0.209174 1.114189
v 0.129457 -0.223314 1.118603
v 0.128531 -0.239146 1.122434
v 0.126428 -0.255230 1.124421
v 0.130309 -0.261705 1.120480
v 0.133936 -0.268001 1.116047
v 0.137343 -0.274533 1.110591
v 0.140486 -0.280760 1.104620
v 0.142980 -0.287017 1.097733
v 0.145288 -0.292922 1.090462
v 0.146591 -0.298516 1.082286
v 0.147791 -0.303794 1.073869
v 0.147240 -0.309773 1.064831
v 0.146720 -0.316298 1.056022
v 0.151837 -0.317770 1.046619
v 0.156818 -0.319062 1.036983
v 0.204457 -0.324340 0.996420
v 0.200223 -0.324625 1.004766
v 0.197677 -0.326863 1.008994
v 0.194975 -0.328909 1.013121
v 0.194732 -0.334740 1.019318
v 0.194392 -0.340653 1.025447
v 0.194563 -0.346199 1.029641
v 0.194622 -0.351818 1.033727
v 0.194917 -0.356939 1.036084
v 0.195054 -0.362133 1.038291
v 0.196194 -0.369811 1.038833
v 0.196906 -0.377588 1.038955
v 0.198545 -0.391922 1.035649
v 0.199801 -0.406146 1.031976
v 0.203525 -0.423664 1.025662
v 0.207286 -0.441183 1.019410
v 0.210571 -0.456548 1.013767
v 0.213768 -0.471858 1.007980
v 0.216628 -0.485968 1.002509
v 0.219575 -0.500092 0.997153
v 0.222949 -0.513706 0.992102
v 0.134452 -0.145040 1.087625
v 0.136234 -0.156626 1.091456
v 0.137964 -0.168246 1.095209
v 0.138730 -0.181524 1.099514
v 0.139382 -0.194854 1.103640
v 0.139177 -0.209486 1.108084
v 0.138920 -0.224119 1.112433
v 0.137967 -0.241524 1.116370
v 0.135678 -0.259148 1.118330
v 0.139110 -0.264387 1.114733
v 0.142352 -0.269505 1.110798
v 0.145983 -0.275487 1.105381
v 0.149399 -0.281248 1.099577
v 0.152180 -0.287407 1.092647
v 0.154768 -0.293234 1.085339
v 0.156501 -0.298918 1.077036
v 0.158102 -0.304252 1.068466
v 0.157592 -0.310892 1.058626
v 0.157214 -0.318192 1.049149
v 0.164821 -0.319531 1.038851
v 0.172440 -0.320797 1.028560
v 0.210804 -0.322847 0.985471
v 0.212197 -0.326034 0.991124
v 0.210289 -0.326641 0.994740
v 0.208326 -0.327281 0.998295
v 0.206911 -0.330988 1.003316
v 0.205474 -0.334644 1.008317
v 0.204768 -0.339320 1.013155
v 0.204098 -0.343971 1.018019
v 0.204000 -0.348742 1.021772
v 0.203805 -0.353581 1.025429
v 0.204131 -0.358232 1.027379
v 0.204292 -0.362948 1.029162
v 0.206520 -0.373556 1.028646
v 0.207998 -0.384226 1.027429
v 0.208476 -0.394403 1.025858
v 0.208873 -0.404566 1.024203
v 0.213688 -0.422852 1.017661
v 0.218490 -0.441117 1.011118
v 0.222237 -0.456354 1.005571
v 0.225714 -0.471480 0.999610
v 0.228777 -0.485279 0.994099
v 0.231829 -0.499065 0.988550
v 0.235199 -0.512317 0.983307
v 0.140978 -0.133239 1.077413
v 0.143568 -0.144155 1.080997
v 0.145606 -0.155809 1.084803
v 0.147591 -0.167503 1.088534
v 0.148559 -0.180583 1.092685
v 0.149432 -0.193713 1.096695
v 0.149350 -0.208163 1.100898
v 0.149169 -0.222634 1.104936
v 0.148739 -0.238046 1.108249
v 0.147936 -0.253725 1.111122
v 0.149261 -0.261940 1.109121
v 0.150018 -0.269753 1.106171
v 0.153998 -0.275850 1.100520
v 0.157758 -0.281732 1.094489
v 0.161021 -0.287777 1.087483
v 0.164074 -0.293505 1.080111
v 0.166553 -0.299028 1.071835
v 0.168907 -0.304241 1.063309
v 0.170139 -0.309904 1.053654
v 0.171273 -0.315453 1.043843
v 0.176863 -0.319221 1.034059
v 0.205474 -0.324046 0.996343
v 0.214793 -0.325301 0.987838
v 0.216502 -0.326934 0.989266
v 0.218272 -0.328541 0.990788
v 0.217395 -0.330494 0.993333
v 0.216476 -0.332458 0.995813
v 0.215448 -0.335975 0.999788
v 0.214441 -0.339485 1.003787
v 0.213733 -0.343458 1.007854
v 0.212986 -0.347455 1.011880
v 0.212542 -0.351677 1.015150
v 0.211991 -0.355958 1.018313
v 0.213997 -0.363006 1.018951
v 0.215610 -0.370205 1.019193
v 0.217638 -0.380750 1.017761
v 0.219266 -0.391254 1.015936
v 0.220700 -0.401698 1.013977
v 0.222117 -0.412139 1.011999
v 0.226456 -0.427800 1.006959
v 0.230637 -0.443422 1.001751
v 0.234278 -0.457748 0.996596
v 0.237588 -0.471980 0.990976
v 0.240671 -0.485177 0.985405
v 0.243771 -0.498375 0.979854
v 0.247067 -0.511183 0.974509
v 0.149782 -0.132266 1.070944
v 0.152713 -0.143253 1.074411
v 0.155002 -0.154979 1.078188
v 0.157219 -0.166758 1.081854
v 0.158407 -0.179633 1.085885
v 0.159465 -0.192574 1.089721
v 0.159505 -0.206841 1.093685
v 0.159380 -0.221152 1.097379
v 0.159493 -0.234637 1.100185
v 0.159445 -0.248146 1.102752
v 0.158958 -0.259179 1.102715
v 0.157550 -0.269894 1.101313
v 0.161916 -0.276109 1.095481
v 0.166046 -0.282134 1.089276
v 0.169786 -0.288046 1.082204
v 0.173338 -0.293691 1.074807
v 0.176559 -0.299018 1.066531
v 0.179652 -0.304062 1.058018
v 0.182648 -0.308825 1.048595
v 0.185597 -0.313380 1.039041
v 0.188846 -0.318596 1.029122
v 0.192358 -0.324585 1.019622
v 0.205721 -0.326051 1.001980
v 0.212179 -0.326829 0.995866
v 0.218647 -0.327679 0.989856
v 0.221438 -0.329366 0.990086
v 0.224210 -0.331131 0.990276
v 0.224376 -0.334389 0.991693
v 0.224658 -0.337526 0.993403
v 0.224062 -0.340892 0.996353
v 0.223495 -0.344243 0.999352
v 0.222698 -0.347580 1.002562
v 0.221860 -0.350945 1.005727
v 0.221069 -0.354617 1.008510
v 0.220186 -0.358336 1.011201
v 0.223757 -0.367866 1.010410
v 0.226661 -0.377520 1.008971
v 0.228904 -0.387918 1.007035
v 0.231082 -0.398315 1.005025
v 0.233510 -0.409027 1.002757
v 0.235828 -0.419728 1.000364
v 0.239421 -0.432745 0.996522
v 0.242788 -0.445719 0.992381
v 0.246233 -0.459128 0.987515
v 0.249320 -0.472441 0.982143
v 0.252491 -0.485062 0.976632
v 0.255636 -0.497660 0.971057
v 0.159332 -0.131048 1.064316
v 0.162501 -0.142108 1.067650
v 0.164944 -0.153783 1.071321
v 0.167327 -0.165500 1.074905
v 0.168768 -0.178157 1.078641
v 0.170098 -0.190875 1.082200
v 0.170361 -0.204443 1.085714
v 0.170467 -0.218064 1.088999
v 0.170514 -0.231122 1.091392
v 0.170433 -0.244192 1.093603
v 0.170616 -0.255381 1.093787
v 0.170258 -0.266639 1.093326
v 0.172308 -0.274700 1.089064
v 0.173846 -0.282338 1.084031
v 0.177848 -0.288281 1.076892
v 0.181626 -0.293954 1.069397
v 0.185435 -0.298966 1.061216
v 0.189114 -0.303736 1.052817
v 0.192768 -0.308014 1.043741
v 0.196352 -0.312099 1.034544
v 0.200217 -0.316136 1.025177
v 0.204109 -0.320190 1.015830
v 0.209807 -0.321944 1.007666
v 0.215493 -0.323588 0.999450
v 0.220702 -0.325533 0.993650
v 0.226087 -0.327897 0.988438
v 0.228888 -0.331201 0.987771
v 0.231771 -0.334642 0.987395
v 0.232420 -0.338236 0.988688
v 0.233100 -0.341798 0.990194
v 0.232666 -0.345085 0.992526
v 0.232208 -0.348372 0.994870
v 0.231178 -0.351396 0.997469
v 0.230114 -0.354431 1.000043
v 0.231300 -0.360095 1.001177
v 0.232279 -0.365848 1.002079
v 0.235235 -0.374982 1.000774
v 0.237878 -0.384098 0.999124
v 0.240393 -0.393944 0.997289
v 0.242878 -0.403788 0.995426
v 0.245649 -0.414132 0.993103
v 0.248296 -0.424475 0.990615
v 0.251744 -0.436437 0.987023
v 0.254902 -0.448352 0.983021
v 0.258100 -0.460758 0.978214
v 0.261080 -0.473113 0.973115
v 0.264195 -0.485138 0.967670
v 0.165525 -0.118667 1.054550
v 0.168932 -0.129796 1.057760
v 0.172331 -0.140933 1.060953
v 0.174916 -0.152565 1.064505
v 0.177439 -0.164239 1.067962
v 0.179159 -0.176668 1.071434
v 0.180737 -0.189172 1.074683
v 0.181226 -0.202039 1.077769
v 0.181535 -0.214967 1.080581
v 0.181579 -0.227590 1.082664
v 0.181426 -0.240228 1.084453
v 0.182070 -0.251659 1.084695
v 0.182420 -0.263101 1.084558
v 0.182426 -0.273000 1.082188
v 0.181551 -0.282450 1.078640
v 0.185818 -0.288403 1.071428
v 0.189837 -0.294093 1.063859
v 0.194228 -0.298755 1.055761
v 0.198484 -0.303212 1.047466
v 0.202802 -0.307004 1.038768
v 0.207047 -0.310648 1.029971
v 0.211535 -0.313642 1.021161
v 0.216008 -0.316617 1.012360
v 0.220616 -0.318946 1.004667
v 0.225243 -0.321497 0.997107
v 0.229207 -0.324357 0.991588
v 0.233317 -0.328038 0.986549
v 0.236293 -0.333078 0.985043
v 0.239462 -0.338057 0.984663
v 0.240493 -0.342077 0.985768
v 0.241536 -0.346108 0.986989
v 0.241211 -0.349323 0.988667
v 0.240868 -0.352544 0.990353
v 0.239611 -0.355235 0.992341
v 0.238345 -0.357930 0.994355
v 0.241467 -0.365611 0.993819
v 0.244244 -0.373381 0.992884
v 0.246949 -0.382009 0.991410
v 0.249635 -0.390643 0.989897
v 0.252396 -0.399945 0.988185
v 0.255031 -0.409249 0.986291
v 0.258075 -0.419241 0.983829
v 0.260899 -0.429210 0.981043
v 0.264061 -0.440116 0.977478
v 0.266911 -0.450954 0.973501
v 0.269930 -0.462381 0.968869
v 0.272740 -0.473754 0.963972
v 0.171078 -0.106420 1.045832
v 0.176802 -0.117849 1.047963
v 0.179905 -0.128749 1.051079
v 0.183002 -0.139654 1.054186
v 0.185575 -0.151154 1.057572
v 0.188101 -0.162685 1.060885
v 0.189961 -0.174752 1.064038
v 0.191709 -0.186883 1.067004
v 0.192566 -0.199265 1.069654
v 0.193264 -0.211703 1.072050
v 0.193490 -0.223962 1.073749
v 0.193500 -0.236243 1.075129
v 0.193829 -0.247680 1.075296
v 0.193960 -0.259106 1.075195
v 0.194351 -0.269302 1.073242
v 0.194093 -0.279425 1.070553
v 0.195778 -0.287260 1.064621
v 0.196976 -0.294599 1.058049
v 0.201855 -0.298791 1.050071
v 0.206603 -0.302790 1.041899
v 0.211482 -0.306158 1.033546
v 0.216307 -0.309411 1.025110
v 0.221122 -0.312265 1.016824
v 0.225938 -0.315126 1.008573
v 0.230494 -0.317881 1.001283
v 0.235087 -0.320872 0.994155
v 0.238595 -0.324970 0.988082
v 0.242331 -0.330550 0.983369
v 0.245240 -0.336222 0.982189
v 0.248347 -0.341807 0.982091
v 0.249513 -0.345972 0.982691
v 0.250649 -0.350160 0.983318
v 0.250186 -0.353458 0.984445
v 0.249717 -0.356783 0.985645
v 0.250231 -0.360806 0.986255
v 0.250694 -0.364856 0.986819
v 0.253370 -0.372079 0.985876
v 0.255907 -0.379305 0.984761
v 0.258692 -0.387460 0.983316
v 0.261422 -0.395609 0.981778
v 0.264262 -0.404424 0.979989
v 0.266948 -0.413241 0.977947
v 0.269929 -0.422761 0.975311
v 0.272688 -0.432262 0.972360
v 0.275706 -0.442601 0.968619
v 0.278467 -0.452896 0.964560
v 0.281401 -0.463713 0.959872
v 0.182552 -0.105853 1.039540
v 0.188109 -0.117009 1.041426
v 0.190908 -0.127679 1.044452
v 0.193708 -0.138352 1.047477
v 0.196268 -0.149717 1.050699
v 0.198782 -0.161117 1.053841
v 0.200803 -0.172816 1.056702
v 0.202696 -0.184584 1.059350
v 0.203946 -0.196477 1.061597
v 0.205010 -0.208430 1.063541
v 0.205480 -0.220316 1.064946
v 0.205687 -0.232241 1.065958
v 0.205739 -0.243695 1.066112
v 0.205543 -0.255123 1.065889
v 0.206042 -0.265652 1.064119
v 0.206113 -0.276090 1.061833
v 0.205508 -0.285878 1.057516
v 0.204028 -0.295014 1.052132
v 0.209404 -0.298703 1.044263
v 0.214661 -0.302271 1.036261
v 0.220111 -0.305203 1.028251
v 0.225539 -0.308149 1.020257
v 0.230688 -0.310912 1.012516
v 0.235885 -0.313834 1.004907
v 0.240432 -0.317074 0.998030
v 0.245025 -0.320677 0.991472
v 0.248200 -0.325984 0.984726
v 0.251438 -0.333333 0.980947
v 0.254329 -0.339298 0.979758
v 0.257266 -0.345492 0.979455
v 0.258556 -0.349833 0.979603
v 0.259807 -0.354181 0.979737
v 0.259228 -0.357574 0.980385
v 0.258662 -0.360986 0.981145
v 0.260960 -0.366360 0.980406
v 0.263175 -0.371748 0.979563
v 0.265628 -0.378459 0.978469
v 0.268028 -0.385171 0.977290
v 0.270816 -0.392855 0.975776
v 0.273501 -0.400535 0.974084
v 0.276298 -0.408896 0.972024
v 0.278916 -0.417229 0.969679
v 0.281818 -0.426286 0.966858
v 0.284469 -0.435299 0.963659
v 0.287363 -0.445098 0.959812
v 0.290043 -0.454835 0.955636
v 0.196359 -0.105656 1.032869
v 0.200902 -0.116555 1.034762
v 0.203405 -0.127211 1.037671
v 0.205918 -0.137859 1.040593
v 0.208488 -0.148939 1.043505
v 0.211023 -0.160043 1.046353
v 0.213015 -0.171363 1.048949
v 0.214896 -0.182739 1.051350
v 0.216219 -0.194241 1.053351
v 0.217393 -0.205795 1.055103
v 0.217999 -0.217295 1.056246
v 0.218376 -0.228829 1.057052
v 0.218435 -0.239942 1.057027
v 0.218228 -0.251037 1.056609
v 0.218358 -0.261489 1.054956
v 0.218149 -0.271845 1.052851
v 0.218062 -0.281536 1.049052
v 0.217262 -0.290906 1.044435
v 0.219625 -0.296737 1.037607
v 0.221726 -0.302292 1.030475
v 0.227709 -0.304954 1.022891
v 0.233696 -0.307638 1.015331
v 0.239422 -0.310572 1.008188
v 0.245220 -0.313758 1.001259
v 0.250210 -0.317601 0.994791
v 0.255253 -0.321939 0.988740
v 0.258874 -0.328102 0.982620
v 0.262414 -0.336016 0.979271
v 0.265131 -0.342215 0.977800
v 0.267809 -0.348587 0.976832
v 0.268910 -0.353200 0.976385
v 0.270027 -0.357809 0.976050
v 0.270543 -0.361864 0.975781
v 0.271043 -0.365944 0.975567
v 0.273270 -0.371290 0.974529
v 0.275471 -0.376630 0.973433
v 0.277822 -0.383010 0.972149
v 0.280127 -0.389390 0.970739
v 0.282773 -0.396693 0.968992
v 0.285314 -0.403979 0.967008
v 0.288071 -0.412024 0.964653
v 0.290660 -0.420036 0.961985
v 0.293383 -0.428703 0.958870
v 0.295939 -0.437331 0.955484
v 0.298699 -0.446691 0.951548
v 0.206677 -0.094789 1.024387
v 0.210193 -0.105442 1.026254
v 0.213725 -0.116083 1.028153
v 0.215936 -0.126723 1.030951
v 0.218147 -0.137362 1.033746
v 0.220743 -0.148142 1.036384
v 0.223279 -0.158958 1.038901
v 0.225258 -0.169898 1.041263
v 0.227120 -0.180887 1.043408
v 0.228549 -0.191990 1.045210
v 0.229811 -0.203150 1.046722
v 0.230646 -0.214258 1.047752
v 0.231229 -0.225413 1.048373
v 0.231397 -0.236216 1.048315
v 0.231251 -0.246986 1.047756
v 0.231091 -0.257439 1.046346
v 0.230548 -0.267762 1.044341
v 0.230698 -0.277381 1.040826
v 0.230375 -0.286712 1.036647
v 0.229871 -0.294840 1.031057
v 0.228838 -0.302412 1.024789
v 0.235370 -0.304819 1.017632
v 0.241990 -0.307405 1.010643
v 0.248273 -0.310528 1.004075
v 0.254644 -0.314022 0.997876
v 0.260044 -0.318511 0.991810
v 0.265491 -0.323746 0.986586
v 0.269486 -0.330544 0.981004
v 0.273367 -0.338777 0.977973
v 0.275878 -0.345124 0.975993
v 0.278403 -0.351630 0.974530
v 0.279407 -0.356488 0.973583
v 0.280418 -0.361365 0.972773
v 0.282081 -0.366083 0.971660
v 0.283716 -0.370807 0.970523
v 0.285884 -0.376130 0.969167
v 0.288012 -0.381434 0.967730
v 0.290208 -0.387508 0.966138
v 0.292349 -0.393566 0.964395
v 0.294835 -0.400503 0.962351
v 0.297206 -0.407402 0.960079
v 0.299906 -0.415134 0.957364
v 0.302462 -0.422821 0.954380
v 0.305062 -0.431117 0.951051
v 0.307528 -0.439368 0.947486
v 0.224333 -0.105225 1.020640
v 0.227151 -0.115697 1.022242
v 0.229034 -0.126254 1.024680
v 0.230940 -0.136787 1.027180
v 0.233298 -0.147346 1.029509
v 0.235633 -0.157916 1.031785
v 0.237640 -0.168556 1.033890
v 0.239561 -0.179240 1.035841
v 0.241059 -0.190089 1.037431
v 0.242430 -0.200986 1.038796
v 0.243300 -0.211810 1.039728
v 0.243986 -0.222661 1.040333
v 0.244224 -0.233184 1.040358
v 0.244160 -0.243697 1.039906
v 0.244285 -0.253993 1.038452
v 0.244022 -0.264131 1.036322
v 0.243946 -0.273742 1.033225
v 0.243474 -0.283058 1.029441
v 0.243402 -0.291281 1.024580
v 0.242905 -0.299012 1.018993
v 0.246186 -0.303615 1.012741
v 0.249425 -0.308192 1.006443
v 0.256956 -0.311455 1.000314
v 0.264604 -0.315189 0.994639
v 0.270404 -0.320189 0.989271
v 0.276221 -0.325844 0.984769
v 0.280312 -0.333076 0.980114
v 0.284355 -0.340955 0.976859
v 0.286769 -0.347495 0.974332
v 0.289183 -0.354220 0.972296
v 0.290644 -0.359007 0.970882
v 0.292071 -0.363806 0.969481
v 0.293896 -0.368622 0.967960
v 0.295693 -0.373438 0.966352
v 0.297804 -0.378772 0.964572
v 0.299924 -0.384112 0.962790
v 0.302050 -0.390127 0.960766
v 0.304149 -0.396143 0.958644
v 0.306529 -0.402869 0.956180
v 0.308841 -0.409567 0.953608
v 0.311405 -0.417051 0.950561
v 0.313893 -0.424508 0.947403
v 0.316332 -0.432599 0.943844
v 0.240659 -0.115264 1.016580
v 0.242217 -0.125736 1.018671
v 0.243806 -0.136186 1.020821
v 0.245940 -0.146511 1.022817
v 0.248034 -0.156859 1.024756
v 0.250085 -0.167206 1.026655
v 0.252025 -0.177597 1.028338
v 0.253648 -0.188180 1.029825
v 0.255111 -0.198814 1.031015
v 0.256072 -0.209350 1.031906
v 0.256863 -0.219923 1.032504
v 0.257195 -0.230198 1.032668
v 0.257262 -0.240466 1.032366
v 0.257764 -0.250634 1.030975
v 0.257931 -0.260719 1.028986
v 0.257754 -0.270443 1.026451
v 0.257146 -0.279877 1.023089
v 0.257415 -0.288243 1.018832
v 0.257317 -0.296179 1.013801
v 0.257237 -0.302936 1.008409
v 0.256966 -0.309311 1.002555
v 0.265732 -0.312676 0.996768
v 0.274622 -0.316754 0.991782
v 0.280754 -0.322022 0.986824
v 0.286918 -0.327870 0.982667
v 0.291029 -0.335093 0.978227
v 0.295176 -0.342755 0.974715
v 0.297497 -0.349619 0.971870
v 0.299804 -0.356622 0.969425
v 0.301702 -0.361353 0.967586
v 0.303610 -0.366081 0.965769
v 0.305610 -0.371032 0.963850
v 0.307574 -0.375979 0.961900
v 0.309661 -0.381338 0.959803
v 0.311729 -0.386690 0.957654
v 0.313843 -0.392696 0.955273
v 0.315898 -0.398690 0.952856
v 0.318205 -0.405218 0.950120
v 0.320445 -0.411709 0.947254
v 0.258982 -0.145642 1.016649
v 0.260828 -0.155859 1.018237
v 0.262726 -0.166065 1.019791
v 0.264591 -0.176284 1.021264
v 0.266208 -0.186629 1.022518
v 0.267720 -0.197001 1.023550
v 0.268860 -0.207276 1.024291
v 0.269877 -0.217580 1.024800
v 0.270565 -0.227728 1.024887
v 0.271028 -0.237877 1.024577
v 0.271645 -0.247964 1.023546
v 0.271923 -0.257943 1.021912
v 0.271988 -0.267651 1.019804
v 0.271660 -0.277133 1.016920
v 0.272119 -0.285777 1.013329
v 0.272224 -0.294052 1.008940
v 0.273154 -0.301200 1.004321
v 0.273903 -0.308028 0.999194
v 0.279981 -0.312898 0.994043
v 0.286116 -0.318081 0.989313
v 0.291955 -0.323891 0.984609
v 0.297841 -0.330021 0.980449
v 0.301750 -0.337241 0.976237
v 0.305693 -0.344671 0.972483
v 0.308225 -0.350790 0.969566
v 0.310761 -0.356957 0.966771
v 0.312773 -0.361955 0.964511
v 0.314785 -0.366966 0.962276
v 0.316802 -0.372064 0.959979
v 0.318824 -0.377183 0.957677
v 0.320981 -0.382657 0.955221
v 0.323122 -0.388116 0.952699
v 0.325183 -0.394191 0.949991
v 0.277190 -0.174969 1.014256
v 0.278787 -0.185070 1.015236
v 0.280284 -0.195223 1.016071
v 0.281630 -0.205232 1.016706
v 0.282832 -0.215284 1.017095
v 0.283892 -0.225305 1.017089
v 0.284740 -0.235324 1.016724
v 0.285415 -0.245260 1.015918
v 0.285835 -0.255207 1.014731
v 0.286112 -0.264837 1.012919
v 0.286090 -0.274352 1.010564
v 0.286734 -0.283246 1.007567
v 0.287091 -0.291908 1.003932
v 0.288954 -0.299252 0.999713
v 0.290698 -0.306466 0.995297
v 0.294080 -0.312707 0.990651
v 0.297502 -0.319078 0.986221
v 0.303045 -0.325281 0.981510
v 0.308587 -0.331656 0.977086
v 0.312265 -0.338805 0.972855
v 0.315957 -0.346063 0.968864
v 0.318697 -0.351474 0.965875
v 0.321443 -0.356943 0.963004
v 0.323563 -0.362250 0.960440
v 0.325689 -0.367574 0.957880
v 0.327745 -0.372880 0.955356
v 0.329798 -0.378176 0.952806
v 0.294211 -0.203468 1.009165
v 0.295543 -0.213363 1.009399
v 0.296720 -0.223226 1.009324
v 0.297725 -0.233104 1.008963
v 0.298516 -0.242928 1.008273
v 0.299077 -0.252741 1.007228
v 0.299478 -0.262351 1.005761
v 0.299635 -0.271928 1.003947
v 0.300742 -0.280899 1.001236
v 0.301619 -0.289759 0.998132
v 0.303583 -0.297620 0.994549
v 0.305423 -0.305385 0.990728
v 0.308468 -0.312259 0.986589
v 0.311499 -0.319122 0.982448
v 0.315671 -0.325506 0.977941
v 0.319897 -0.331937 0.973486
v 0.323279 -0.338716 0.969343
v 0.326731 -0.345522 0.965267
v 0.329352 -0.351063 0.962139
v 0.331966 -0.356629 0.959072
v 0.334231 -0.362051 0.956181
v 0.310460 -0.230873 1.000770
v 0.311297 -0.240552 1.000103
v 0.311955 -0.250226 0.999168
v 0.312435 -0.259799 0.998001
v 0.312674 -0.269303 0.996440
v 0.314152 -0.278279 0.993856
v 0.315461 -0.287207 0.991024
v 0.317442 -0.295372 0.987683
v 0.319314 -0.303493 0.984166
v 0.322039 -0.310824 0.980282
v 0.324724 -0.318126 0.976317
v 0.327710 -0.324865 0.972382
v 0.330682 -0.331613 0.968439
v 0.333892 -0.338083 0.964486
v 0.337127 -0.344577 0.960617
v 0.324850 -0.257347 0.989703
v 0.325505 -0.266743 0.988147
v 0.326941 -0.275691 0.985671
v 0.328355 -0.284650 0.983163
v 0.330144 -0.292949 0.980081
v 0.331970 -0.301245 0.976975
v 0.334429 -0.308725 0.973386
v 0.336855 -0.316204 0.969765
v 0.339607 -0.323131 0.965990
v -0.206729 -0.547150 1.001482
v -0.193967 -0.549382 1.010453
v -0.180572 -0.551416 1.019291
v -0.167008 -0.553455 1.027887
v -0.152591 -0.555215 1.036643
v -0.138015 -0.557002 1.045101
v -0.122715 -0.559115 1.053688
v -0.107229 -0.561304 1.061960
v -0.090811 -0.562716 1.069550
v 0.121761 -0.558600 1.054011
v 0.137264 -0.556360 1.045428
v 0.151838 -0.554549 1.036951
v 0.166290 -0.552748 1.028257
v 0.179829 -0.550609 1.019598
f 1 15 14
f 1 2 16
f 1 16 15
f 2 3 16
f 3 17 16
f 3 4 18
f 3 18 17
f 4 5 18
f 5 19 18
f 5 6 20
f 5 20 19
f 6 7 20
f 7 21 20
f 7 8 22
f 7 22 21
f 8 9 22
f 9 23 22
f 9 10 24
f 9 24 23
f 10 11 24
f 11 25 24
f 12 32 31
f 12 13 33
f 12 33 32
f 13 14 33
f 14 34 33
f 14 15 35
f 14 35 34
f 15 16 35
f 16 36 35
f 16 17 37
f 16 37 36
f 17 18 37
f 18 38 37
f 18 19 39
f 18 39 38
f 19 20 39
f 20 40 39
f 20 21 41
f 20 41 40
f 21 22 41
f 22 42 41
f 22 23 43
f 22 43 42
f 23 24 43
f 24 44 43
f 24 25 45
f 24 45 44
f 25 26 45
f 26 46 45
f 26 27 47
f 26 47 46
f 27 28 47
f 28 48 47
f 29 55 54
f 29 30 56
f 29 56 55
f 30 31 56
f 31 57 56
f 31 32 58
f 31 58 57
f 32 33 58
f 33 59 58
f 33 34 60
f 33 60 59
f 34 35 60
f 35 61 60
f 35 36 62
f 35 62 61
f 36 37 62
f 37 63 62
f 37 38 64
f 37 64 63
f 38 39 64
f 39 65 64
f 39 40 66
f 39 66 65
f 40 41 66
f 41 67 66
f 41 42 68
f 41 68 67
f 42 43 68
f 43 69 68
f 43 44 70
f 43 70 69
f 44 45 70
f 45 71 70
f 45 46 72
f 45 72 71
f 46 47 72
f 47 73 72
f 47 48 74
f 47 74 73
f 48 49 74
f 49 75 74
f 49 50 76
f 49 76 75
f 50 51 76
f 51 77 76
f 52 84 83
f 52 53 85
f 52 85 84
f 53 54 85
f 54 86 85
f 54 55 87
f 54 87 86
f 55 56 87
f 56 88 87
f 56 57 89
f 56 89 88
f 57 58 89
f 58 90 89
f 58 59 91
f 58 91 90
f 59 60 91
f 60 92 91
f 60 61 93
f 60 93 92
f 61 62 93
f 62 94 93
f 62 63 95
f 62 95 94
f 63 64 95
f 64 96 95
f 64 65 97
f 64 97 96
f 65 66 97
f 66 98 97
f 66 67 99
f 66 99 98
f 67 68 99
f 68 100 99
f 68 69 101
f 68 101 100
f 69 70 101
f 70 102 101
f 70 71 103
f 70 103 102
f 71 72 103
f 72 104 103
f 72 73 105
f 72 105 104
f 73 74 105
f 74 106 105
f 74 75 107
f 74 107 106
f 75 76 107
f 76 108 107
f 76 77 109
f 76 109 108
f 77 78 109
f 78 110 109
f 78 79 111
f 78 111 110
f 79 80 111
f 80 112 111
f 81 119 118
f 81 82 120
f 81 120 119
f 82 83 120
f 83 121 120
f 83 84 122
f 83 122 121
f 84 85 122
f 85 123 122
f 85 86 124
f 85 124 123
f 86 87 124
f 87 125 124
f 87 88 126
f 87 126 125
f 88 89 126
f 89 127 126
f 89 90 128
f 89 128 127
f 90 91 128
f 91 129 128
f 91 92 130
f 91 130 129
f 92 93 130
f 93 131 130
f 93 94 132
f 93 132 131
f 94 95 132
f 95 133 132
f 95 96 134
f 95 134 133
f 96 97 134
f 97 135 134
f 97 98 136
f 97 136 135
f 98 99 136
f 99 137 136
f 99 100 138
f 99 138 137
f 100 101 138
f 101 139 138
f 101 102 140
f 101 140 139
f 102 103 140
f 103 141 140
f 103 104 142
f 103 142 141
f 104 105 142
f 105 143 142
f 105 106 144
f 105 144 143
f 106 107 144
f 107 145 144
f 107 108 146
f 107 146 145
f 108 109 146
f 109 147 146
f 109 110 148
f 109 148 147
f 110 111 148
f 111 149 148
f 111 112 150
f 111 150 149
f 112 113 150
f 113 151 150
f 113 114 152
f 113 152 151
f 114 115 152
f 115 153 152
f 116 117 157
f 116 157 156
f 117 118 157
f 118 158 157
f 118 119 159
f 118 159 158
f 119 120 159
f 120 160 159
f 120 121 161
f 120 161 160
f 121 122 161
f 122 162 161
f 122 123 163
f 122 163 162
f 123 124 163
f 124 164 163
f 124 125 165
f 124 165 164
f 125 126 165
f 126 166 165
f 126 127 167
f 126 167 166
f 127 128 167
f 128 168 167
f 128 129 169
f 128 169 168
f 129 130 169
f 130 170 169
f 130 131 171
f 130 171 170
f 131 132 171
f 132 172 171
f 132 133 173
f 132 173 172
f 133 134 173
f 134 174 173
f 134 135 175
f 134 175 174
f 135 136 175
f 136 176 175
f 136 137 177
f 136 177 176
f 137 138 177
f 138 178 177
f 138 139 179
f 138 179 178
f 139 140 179
f 140 180 179
f 140 141 181
f 140 181 180
f 141 142 181
f 142 182 181
f 142 143 183
f 142 183 182
f 143 144 183
f 144 184 183
f 144 145 185
f 144 185 184
f 145 146 185
f 146 186 185
f 146 147 187
f 146 187 186
f 147 148 187
f 148 188 187
f 148 149 189
f 148 189 188
f 149 150 189
f 150 190 189
f 150 151 191
f 150 191 190
f 151 152 191
f 152 192 191
f 152 153 193
f 152 193 192
f 153 154 193
f 154 194 193
f 154 195 194
f 155 199 198
f 155 156 200
f 155 200 199
f 156 157 200
f 157 201 200
f 157 158 202
f 157 202 201
f 158 159 202
f 159 203 202
f 159 160 204
f 159 204 203
f 160 161 204
f 161 205 204
f 161 162 206
f 161 206 205
f 162 163 206
f 163 207 206
f 163 164 208
f 163 208 207
f 164 165 208
f 165 209 208
f 165 166 210
f 165 210 209
f 166 167 210
f 167 211 210
f 167 168 212
f 167 212 211
f 168 169 212
f 169 213 212
f 169 170 214
f 169 214 213
f 170 171 214
f 171 215 214
f 171 172 216
f 171 216 215
f 172 173 216
f 173 217 216
f 173 174 218
f 173 218 217
f 174 175 218
f 175 219 218
f 175 176 220
f 175 220 219
f 176 177 220
f 177 221 220
f 177 178 222
f 177 222 221
f 178 179 222
f 179 223 222
f 179 180 224
f 179 224 223
f 180 181 224
f 181 225 224
f 181 182 226
f 181 226 225
f 182 183 226
f 183 227 226
f 183 184 228
f 183 228 227
f 184 185 228
f 185 229 228
f 185 186 230
f 185 230 229
f 186 187 230
f 187 231 230
f 187 188 232
f 187 232 231
f 188 189 232
f 189 233 232
f 189 190 234
f 189 234 233
f 190 191 234
f 191 235 234
f 191 192 236
f 191 236 235
f 192 193 236
f 193 237 236
f 193 194 238
f 193 238 237
f 194 195 238
f 195 239 238
f 195 196 240
f 195 240 239
f 196 197 240
f 197 241 240
f 198 199 244
f 198 244 243
f 199 200 244
f 200 245 244
f 200 201 246
f 200 246 245
f 201 202 246
f 202 247 246
f 202 203 248
f 202 248 247
f 203 204 248
f 204 249 248
f 204 205 250
f 204 250 249
f 205 206 250
f 206 251 250
f 206 207 252
f 206 252 251
f 207 208 252
f 208 253 252
f 208 209 254
f 208 254 253
f 209 210 254
f 210 255 254
f 210 211 256
f 210 256 255
f 211 212 256
f 212 257 256
f 212 213 258
f 212 258 257
f 213 214 258
f 214 259 258
f 214 215 260
f 214 260 259
f 215 216 260
f 216 261 260
f 216 217 262
f 216 262 261
f 217 218 262
f 218 263 262
f 218 219 264
f 218 264 263
f 219 220 264
f 220 265 264
f 220 221 266
f 220 266 265
f 221 222 266
f 222 267 266
f 222 223 268
f 222 268 267
f 223 224 268
f 224 269 268
f 224 225 270
f 224 270 269
f 225 226 270
f 226 271 270
f 226 227 272
f 226 272 271
f 227 228 272
f 228 273 272
f 228 229 274
f 228 274 273
f 229 230 274
f 230 275 274
f 230 231 276
f 230 276 275
f 231 232 276
f 232 277 276
f 232 233 278
f 232 278 277
f 233 234 278
f 234 279 278
f 234 235 280
f 234 280 279
f 235 236 280
f 236 281 280
f 236 237 282
f 236 282 281
f 237 238 282
f 238 283 282
f 238 239 284
f 238 284 283
f 239 240 284
f 240 285 284
f 240 241 286
f 240 286 285
f 241 242 286
f 242 287 286
f 242 288 287
f 243 244 289
f 244 290 289
f 244 245 291
f 244 291 290
f 245 246 291
f 246 292 291
f 246 247 293
f 246 293 292
f 247 248 293
f 248 294 293
f 248 249 295
f 248 295 294
f 249 250 295
f 250 296 295
f 250 251 297
f 250 297 296
f 251 252 297
f 252 298 297
f 252 253 299
f 252 299 298
f 253 254 299
f 254 300 299
f 254 255 301
f 254 301 300
f 255 256 301
f 256 302 301
f 256 257 303
f 256 303 302
f 257 258 303
f 258 304 303
f 258 259 305
f 258 305 304
f 259 260 305
f 260 306 305
f 260 261 307
f 260 307 306
f 261 262 307
f 262 308 307
f 262 263 309
f 262 309 308
f 263 264 309
f 264 310 309
f 264 265 311
f 264 311 310
f 265 266 311
f 266 312 311
f 266 267 313
f 266 313 312
f 267 268 313
f 268 314 313
f 268 269 315
f 268 315 314
f 269 270 315
f 270 316 315
f 270 271 317
f 270 317 316
f 271 272 317
f 272 318 317
f 272 273 319
f 272 319 318
f 273 274 319
f 274 320 319
f 274 275 321
f 274 321 320
f 275 276 321
f 276 322 321
f 276 277 323
f 276 323 322
f 277 278 323
f 278 324 323
f 278 279 325
f 278 325 324
f 279 280 325
f 280 326 325
f 280 281 327
f 280 327 326
f 281 282 327
f 282 328 327
f 282 283 329
f 282 329 328
f 283 284 329
f 284 330 329
f 284 285 331
f 284 331 330
f 285 286 331
f 286 332 331
f 286 287 333
f 286 333 332
f 287 288 333
f 288 334 333
f 288 335 334
f 290 291 336
f 291 337 336
f 291 292 338
f 291 338 337
f 292 293 338
f 293 339 338
f 293 294 340
f 293 340 339
f 294 295 340
f 295 341 340
f 295 296 342
f 295 342 341
f 296 297 342
f 297 343 342
f 297 298 344
f 297 344 343
f 298 299 344
f 299 345 344
f 299 300 346
f 299 346 345
f 300 301 346
f 301 347 346
f 301 302 348
f 301 348 347
f 302 303 348
f 303 349 348
f 303 304 350
f 303 350 349
f 304 305 350
f 305 351 350
f 305 306 352
f 305 352 351
f 306 307 352
f 307 353 352
f 307 308 354
f 307 354 353
f 308 309 354
f 309 355 354
f 309 310 356
f 309 356 355
f 310 311 356
f 311 357 356
f 311 312 358
f 311 358 357
f 312 313 358
f 313 359 358
f 313 314 360
f 313 360 359
f 314 315 360
f 315 361 360
f 315 316 362
f 315 362 361
f 316 317 362
f 317 363 362
f 317 318 364
f 317 364 363
f 318 319 364
f 319 365 364
f 319 320 366
f 319 366 365
f 320 321 366
f 321 367 366
f 321 322 368
f 321 368 367
f 322 323 368
f 323 369 368
f 323 324 370
f 323 370 369
f 324 325 370
f 325 371 370
f 325 326 372
f 325 372 371
f 326 327 372
f 327 373 372
f 327 328 374
f 327 374 373
f 328 329 374
f 329 375 374
f 329 330 376
f 329 376 375
f 330 331 376
f 331 377 376
f 331 332 378
f 331 378 377
f 332 333 378
f 333 379 378
f 333 334 380
f 333 380 379
f 334 335 380
f 335 381 380
f 335 382 381
f 337 338 383
f 338 384 383
f 338 339 385
f 338 385 384
f 339 340 385
f 340 386 385
f 340 341 387
f 340 387 386
f 341 342 387
f 342 388 387
f 342 343 389
f 342 389 388
f 343 344 389
f 344 390 389
f 344 345 391
f 344 391 390
f 345 346 391
f 346 392 391
f 346 347 393
f 346 393 392
f 347 348 393
f 348 394 393
f 348 349 395
f 348 395 394
f 349 350 395
f 350 396 395
f 350 351 397
f 350 397 396
f 351 352 397
f 352 398 397
f 352 353 399
f 352 399 398
f 353 354 399
f 354 400 399
f 354 355 401
f 354 401 400
f 355 356 401
f 356 402 401
f 356 357 403
f 356 403 402
f 357 358 403
f 358 404 403
f 358 359 405
f 358 405 404
f 359 360 405
f 360 406 405
f 360 361 407
f 360 407 406
f 361 362 407
f 362 408 407
f 362 363 409
f 362 409 408
f 363 364 409
f 364 410 409
f 364 365 411
f 364 411 410
f 365 366 411
f 366 412 411
f 366 367 413
f 366 413 412
f 367 368 413
f 368 414 413
f 368 369 415
f 368 415 414
f 369 370 415
f 370 416 415
f 370 371 417
f 370 417 416
f 371 372 417
f 372 418 417
f 372 373 419
f 372 419 418
f 373 374 419
f 374 420 419
f 374 375 421
f 374 421 420
f 375 376 421
f 376 422 421
f 376 377 423
f 376 423 422
f 377 378 423
f 378 424 423
f 378 379 425
f 378 425 424
f 379 380 425
f 380 426 425
f 380 381 427
f 380 427 426
f 381 382 427
f 382 428 427
f 382 429 428
f 383 384 430
f 384 385 430
f 385 431 430
f 385 386 432
f 385 432 431
f 386 387 432
f 387 433 432
f 387 388 434
f 387 434 433
f 388 389 434
f 389 435 434
f 389 390 436
f 389 436 435
f 390 391 436
f 391 437 436
f 391 392 438
f 391 438 437
f 392 393 438
f 393 439 438
f 393 394 440
f 393 440 439
f 394 395 440
f 395 441 440
f 395 396 442
f 395 442 441
f 396 397 442
f 397 443 442
f 397 398 444
f 397 444 443
f 398 399 444
f 399 445 444
f 399 400 446
f 399 446 445
f 400 401 446
f 401 447 446
f 401 402 448
f 401 448 447
f 402 403 448
f 403 449 448
f 403 404 450
f 403 450 449
f 404 405 450
f 405 451 450
f 405 406 452
f 405 452 451
f 406 407 452
f 407 453 452
f 407 408 454
f 407 454 453
f 408 409 454
f 409 455 454
f 409 410 456
f 409 456 455
f 410 411 456
f 411 457 456
f 411 412 458
f 411 458 457
f 412 413 458
f 413 459 458
f 413 414 460
f 413 460 459
f 414 415 460
f 415 461 460
f 415 416 462
f 415 462 461
f 416 417 462
f 417 463 462
f 417 418 464
f 417 464 463
f 418 419 464
f 419 465 464
f 419 420 466
f 419 466 465
f 420 421 466
f 421 467 466
f 421 422 468
f 421 468 467
f 422 423 468
f 423 469 468
f 423 424 470
f 423 470 469
f 424 425 470
f 425 471 470
f 425 426 472
f 425 472 471
f 426 427 472
f 427 473 472
f 427 428 474
f 427 474 473
f 428 429 474
f 429 475 474
f 429 476 475
f 430 431 478
f 430 478 477
f 431 432 478
f 432 479 478
f 432 433 480
f 432 480 479
f 433 434 480
f 434 481 480
f 434 435 482
f 434 482 481
f 435 436 482
f 436 483 482
f 436 437 484
f 436 484 483
f 437 438 484
f 438 485 484
f 438 439 486
f 438 486 485
f 439 440 486
f 440 487 486
f 440 441 488
f 440 488 487
f 441 442 488
f 442 489 488
f 442 443 490
f 442 490 489
f 443 444 490
f 444 491 490
f 444 445 492
f 444 492 491
f 445 446 492
f 446 493 492
f 446 447 494
f 446 494 493
f 447 448 494
f 448 495 494
f 448 449 496
f 448 496 495
f 449 450 496
f 450 497 496
f 450 451 498
f 450 498 497
f 451 452 498
f 452 499 498
f 452 453 500
f 452 500 499
f 453 454 500
f 454 501 500
f 454 455 502
f 454 502 501
f 455 456 502
f 456 503 502
f 456 457 504
f 456 504 503
f 457 458 504
f 458 505 504
f 458 459 506
f 458 506 505
f 459 460 506
f 460 507 506
f 460 461 508
f 460 508 507
f 461 462 508
f 462 509 508
f 462 463 510
f 462 510 509
f 463 464 510
f 464 511 510
f 464 465 512
f 464 512 511
f 465 466 512
f 466 513 512
f 466 467 514
f 466 514 513
f 467 468 514
f 468 515 514
f 468 469 516
f 468 516 515
f 469 470 516
f 470 517 516
f 470 471 518
f 470 518 517
f 471 472 518
f 472 519 518
f 472 473 520
f 472 520 519
f 473 474 520
f 474 521 520
f 474 475 522
f 474 522 521
f 475 476 522
f 476 523 522
f 476 524 523
f 477 478 525
f 478 526 525
f 478 479 527
f 478 527 526
f 479 480 527
f 480 528 527
f 480 481 529
f 480 529 528
f 481 482 529
f 482 530 529
f 482 483 531
f 482 531 530
f 483 484 531
f 484 532 531
f 484 485 533
f 484 533 532
f 485 486 533
f 486 534 533
f 486 487 535
f 486 535 534
f 487 488 535
f 488 536 535
f 488 489 537
f 488 537 536
f 489 490 537
f 490 538 537
f 490 491 539
f 490 539 538
f 491 492 539
f 492 540 539
f 492 493 541
f 492 541 540
f 493 494 541
f 494 542 541
f 494 495 543
f 494 543 542
f 495 496 543
f 496 544 543
f 496 497 545
f 496 545 544
f 497 498 545
f 498 546 545
f 498 499 547
f 498 547 546
f 499 500 547
f 500 548 547
f 500 501 549
f 500 549 548
f 501 502 549
f 502 503 550
f 503 504 550
f 504 551 550
f 504 505 552
f 504 552 551
f 505 506 552
f 506 553 552
f 506 507 554
f 506 554 553
f 507 508 554
f 508 555 554
f 508 509 556
f 508 556 555
f 509 510 556
f 510 557 556
f 510 511 558
f 510 558 557
f 511 512 558
f 512 559 558
f 512 513 560
f 512 560 559
f 513 514 560
f 514 561 560
f 514 515 562
f 514 562 561
f 515 516 562
f 516 563 562
f 516 517 564
f 516 564 563
f 517 518 564
f 518 565 564
f 518 519 566
f 518 566 565
f 519 520 566
f 520 567 566
f 520 521 568
f 520 568 567
f 521 522 568
f 522 569 568
f 522 523 570
f 522 570 569
f 523 524 570
f 524 571 570
f 525 526 574
f 525 574 573
f 526 527 574
f 527 575 574
f 527 528 576
f 527 576 575
f 528 529 576
f 529 577 576
f 529 530 578
f 529 578 577
f 530 531 578
f 531 579 578
f 531 532 580
f 531 580 579
f 532 533 580
f 533 581 580
f 533 534 582
f 533 582 581
f 534 535 582
f 535 583 582
f 535 536 584
f 535 584 583
f 536 537 584
f 537 585 584
f 537 538 586
f 537 586 585
f 538 539 586
f 539 587 586
f 539 540 588
f 539 588 587
f 540 541 588
f 541 589 588
f 541 542 590
f 541 590 589
f 542 543 590
f 543 591 590
f 543 544 592
f 543 592 591
f 544 545 592
f 545 593 592
f 545 546 594
f 545 594 593
f 546 547 594
f 547 595 594
f 547 548 596
f 547 596 595
f 548 549 596
f 550 551 597
f 551 552 597
f 552 598 597
f 552 553 599
f 552 599 598
f 553 554 599
f 554 600 599
f 554 555 601
f 554 601 600
f 555 556 601
f 556 602 601
f 556 557 603
f 556 603 602
f 557 558 603
f 558 604 603
f 558 559 605
f 558 605 604
f 559 560 605
f 560 606 605
f 560 561 607
f 560 607 606
f 561 562 607
f 562 608 607
f 562 563 609
f 562 609 608
f 563 564 609
f 564 610 609
f 564 565 611
f 564 611 610
f 565 566 611
f 566 612 611
f 566 567 613
f 566 613 612
f 567 568 613
f 568 614 613
f 568 569 615
f 568 615 614
f 569 570 615
f 570 616 615
f 570 571 617
f 570 617 616
f 571 572 617
f 572 618 617
f 573 574 620
f 574 621 620
f 574 575 622
f 574 622 621
f 575 576 622
f 576 623 622
f 576 577 624
f 576 624 623
f 577 578 624
f 578 625 624
f 578 579 626
f 578 626 625
f 579 580 626
f 580 627 626
f 580 581 628
f 580 628 627
f 581 582 628
f 582 629 628
f 582 583 630
f 582 630 629
f 583 584 630
f 584 631 630
f 584 585 632
f 584 632 631
f 585 586 632
f 586 633 632
f 586 587 634
f 586 634 633
f 587 588 634
f 588 635 634
f 588 589 636
f 588 636 635
f 589 590 636
f 590 637 636
f 590 591 638
f 590 638 637
f 591 592 638
f 592 639 638
f 592 593 640
f 592 640 639
f 593 594 640
f 594 641 640
f 594 595 642
f 594 642 641
f 595 596 642
f 599 600 644
f 599 644 643
f 600 601 644
f 601 645 644
f 601 602 646
f 601 646 645
f 602 603 646
f 603 647 646
f 603 604 648
f 603 648 647
f 604 605 648
f 605 649 648
f 605 606 650
f 605 650 649
f 606 607 650
f 607 651 650
f 607 608 652
f 607 652 651
f 608 609 652
f 609 653 652
f 609 610 654
f 609 654 653
f 610 611 654
f 611 655 654
f 611 612 656
f 611 656 655
f 612 613 656
f 613 657 656
f 613 614 658
f 613 658 657
f 614 615 658
f 615 659 658
f 615 616 660
f 615 660 659
f 616 617 660
f 617 661 660
f 617 618 662
f 617 662 661
f 618 619 662
f 619 663 662
f 621 622 664
f 622 665 664
f 622 623 666
f 622 666 665
f 623 624 666
f 624 667 666
f 624 625 668
f 624 668 667
f 625 626 668
f 626 669 668
f 626 627 670
f 626 670 669
f 627 628 670
f 628 671 670
f 628 629 672
f 628 672 671
f 629 630 672
f 630 673 672
f 630 631 674
f 630 674 673
f 631 632 674
f 632 675 674
f 632 633 676
f 632 676 675
f 633 634 676
f 634 677 676
f 634 635 678
f 634 678 677
f 635 636 678
f 636 679 678
f 636 637 680
f 636 680 679
f 637 638 680
f 638 681 680
f 638 639 682
f 638 682 681
f 639 640 682
f 640 683 682
f 640 641 684
f 640 684 683
f 641 642 684
f 643 644 685
f 644 686 685
f 644 645 687
f 644 687 686
f 645 646 687
f 646 688 687
f 646 647 689
f 646 689 688
f 647 648 689
f 648 690 689
f 648 649 691
f 648 691 690
f 649 650 691
f 650 692 691
f 650 651 693
f 650 693 692
f 651 652 693
f 652 694 693
f 652 653 695
f 652 695 694
f 653 654 695
f 654 696 695
f 654 655 697
f 654 697 696
f 655 656 697
f 656 698 697
f 656 657 699
f 656 699 698
f 657 658 699
f 658 700 699
f 658 659 701
f 658 701 700
f 659 660 701
f 660 702 701
f 660 661 703
f 660 703 702
f 661 662 703
f 662 704 703
f 662 663 705
f 662 705 704
f 664 665 707
f 664 707 706
f 665 666 707
f 666 708 707
f 666 667 709
f 666 709 708
f 667 668 709
f 668 710 709
f 668 669 711
f 668 711 710
f 669 670 711
f 670 712 711
f 670 671 713
f 670 713 712
f 671 672 713
f 672 714 713
f 672 673 715
f 672 715 714
f 673 674 715
f 674 716 715
f 674 675 717
f 674 717 716
f 675 676 717
f 676 718 717
f 676 677 719
f 676 719 718
f 677 678 719
f 678 720 719
f 678 679 721
f 678 721 720
f 679 680 721
f 680 722 721
f 680 681 723
f 680 723 722
f 681 682 723
f 682 724 723
f 682 683 725
f 682 725 724
f 683 684 725
f 684 726 725
f 685 686 728
f 685 728 727
f 686 687 728
f 687 729 728
f 687 688 730
f 687 730 729
f 688 689 730
f 689 731 730
f 689 690 732
f 689 732 731
f 690 691 732
f 691 733 732
f 691 692 734
f 691 734 733
f 692 693 734
f 693 735 734
f 693 694 736
f 693 736 735
f 694 695 736
f 695 737 736
f 695 696 738
f 695 738 737
f 696 697 738
f 697 739 738
f 697 698 740
f 697 740 739
f 698 699 740
f 699 741 740
f 699 700 742
f 699 742 741
f 700 701 742
f 701 743 742
f 701 702 744
f 701 744 743
f 702 703 744
f 703 745 744
f 703 704 746
f 703 746 745
f 704 705 746
f 705 747 746
f 706 707 748
f 707 749 748
f 707 708 750
f 707 750 749
f 708 709 750
f 709 751 750
f 709 710 752
f 709 752 751
f 710 711 752
f 711 753 752
f 711 712 754
f 711 754 753
f 712 713 754
f 713 755 754
f 713 714 756
f 713 756 755
f 714 715 756
f 715 757 756
f 715 716 758
f 715 758 757
f 716 717 758
f 717 759 758
f 717 718 760
f 717 760 759
f 718 719 760
f 719 761 760
f 719 720 762
f 719 762 761
f 720 721 762
f 721 763 762
f 721 722 764
f 721 764 763
f 722 723 764
f 723 765 764
f 723 724 766
f 723 766 765
f 724 725 766
f 725 767 766
f 725 726 768
f 725 768 767
f 727 728 769
f 728 770 769
f 728 729 771
f 728 771 770
f 729 730 771
f 730 772 771
f 730 731 773
f 730 773 772
f 731 732 773
f 732 774 773
f 732 733 775
f 732 775 774
f 733 734 775
f 734 776 775
f 734 735 777
f 734 777 776
f 735 736 777
f 736 778 777
f 736 737 779
f 736 779 778
f 737 738 779
f 738 780 779
f 738 739 781
f 738 781 780
f 739 740 781
f 740 782 781
f 740 741 783
f 740 783 782
f 741 742 783
f 742 784 783
f 742 743 785
f 742 785 784
f 743 744 785
f 744 786 785
f 744 745 787
f 744 787 786
f 745 746 787
f 746 788 787
f 746 747 789
f 746 789 788
f 748 749 791
f 748 791 790
f 749 750 791
f 750 792 791
f 750 751 793
f 750 793 792
f 751 752 793
f 752 794 793
f 752 753 795
f 752 795 794
f 753 754 795
f 754 796 795
f 754 755 797
f 754 797 796
f 755 756 797
f 756 798 797
f 756 757 799
f 756 799 798
f 757 758 799
f 758 800 799
f 758 759 801
f 758 801 800
f 759 760 801
f 760 802 801
f 760 761 803
f 760 803 802
f 761 762 803
f 762 804 803
f 762 763 805
f 762 805 804
f 763 764 805
f 764 806 805
f 764 765 807
f 764 807 806
f 765 766 807
f 766 808 807
f 766 767 809
f 766 809 808
f 767 768 809
f 768 810 809
f 769 770 811
f 770 771 811
f 771 812 811
f 771 772 813
f 771 813 812
f 772 773 813
f 773 814 813
f 773 774 815
f 773 815 814
f 774 775 815
f 775 816 815
f 775 776 817
f 775 817 816
f 776 777 817
f 777 818 817
f 777 778 819
f 777 819 818
f 778 779 819
f 779 820 819
f 779 780 821
f 779 821 820
f 780 781 821
f 781 822 821
f 781 782 823
f 781 823 822
f 782 783 823
f 783 824 823
f 783 784 825
f 783 825 824
f 784 785 825
f 785 826 825
f 785 786 827
f 785 827 826
f 786 787 827
f 787 828 827
f 787 788 829
f 787 829 828
f 788 789 829
f 789 830 829
f 790 791 831
f 791 832 831
f 791 792 833
f 791 833 832
f 792 793 833
f 793 834 833
f 793 794 835
f 793 835 834
f 794 795 835
f 795 836 835
f 795 796 837
f 795 837 836
f 796 797 837
f 797 838 837
f 797 798 839
f 797 839 838
f 798 799 839
f 799 840 839
f 799 800 841
f 799 841 840
f 800 801 841
f 801 842 841
f 801 802 843
f 801 843 842
f 802 803 843
f 803 844 843
f 803 804 845
f 803 845 844
f 804 805 845
f 805 846 845
f 805 806 847
f 805 847 846
f 806 807 847
f 807 848 847
f 807 808 849
f 807 849 848
f 808 809 849
f 809 850 849
f 809 810 851
f 809 851 850
f 811 812 852
f 812 813 852
f 813 853 852
f 813 814 854
f 813 854 853
f 814 815 854
f 815 855 854
f 815 816 856
f 815 856 855
f 816 817 856
f 817 857 856
f 817 818 858
f 817 858 857
f 818 819 858
f 819 859 858
f 819 820 860
f 819 860 859
f 820 821 860
f 821 861 860
f 821 822 862
f 821 862 861
f 822 823 862
f 823 863 862
f 823 824 864
f 823 864 863
f 824 825 864
f 825 865 864
f 825 826 866
f 825 866 865
f 826 827 866
f 827 867 866
f 827 828 868
f 827 868 867
f 828 829 868
f 829 869 868
f 829 830 870
f 829 870 869
f 831 832 871
f 832 833 871
f 833 872 871
f 833 834 873
f 833 873 872
f 834 835 873
f 835 874 873
f 835 836 875
f 835 875 874
f 836 837 875
f 837 876 875
f 837 838 877
f 837 877 876
f 838 839 877
f 839 878 877
f 839 840 879
f 839 879 878
f 840 841 879
f 841 880 879
f 841 842 881
f 841 881 880
f 842 843 881
f 843 882 881
f 843 844 883
f 843 883 882
f 844 845 883
f 845 884 883
f 845 846 885
f 845 885 884
f 846 847 885
f 847 886 885
f 847 848 887
f 847 887 886
f 848 849 887
f 849 888 887
f 849 850 889
f 849 889 888
f 850 851 889
f 851 890 889
f 852 853 892
f 852 892 891
f 853 854 892
f 854 893 892
f 854 855 894
f 854 894 893
f 855 856 894
f 856 895 894
f 856 857 896
f 856 896 895
f 857 858 896
f 858 897 896
f 858 859 898
f 858 898 897
f 859 860 898
f 860 899 898
f 860 861 900
f 860 900 899
f 861 862 900
f 862 901 900
f 862 863 902
f 862 902 901
f 863 864 902
f 864 903 902
f 864 865 904
f 864 904 903
f 865 866 904
f 866 905 904
f 866 867 906
f 866 906 905
f 867 868 906
f 868 907 906
f 868 869 908
f 868 908 907
f 869 870 908
f 870 909 908
f 871 911 910
f 871 872 912
f 871 912 911
f 872 873 912
f 873 913 912
f 873 874 914
f 873 914 913
f 874 875 914
f 875 915 914
f 875 876 916
f 875 916 915
f 876 877 916
f 877 917 916
f 877 878 918
f 877 918 917
f 878 879 918
f 879 919 918
f 879 880 920
f 879 920 919
f 880 881 920
f 881 921 920
f 881 882 922
f 881 922 921
f 882 883 922
f 883 923 922
f 883 884 924
f 883 924 923
f 884 885 924
f 885 925 924
f 885 886 926
f 885 926 925
f 886 887 926
f 887 927 926
f 887 888 928
f 887 928 927
f 888 889 928
f 889 929 928
f 889 890 930
f 889 930 929
f 891 892 931
f 892 932 931
f 892 893 933
f 892 933 932
f 893 894 933
f 894 934 933
f 894 895 935
f 894 935 934
f 895 896 935
f 896 936 935
f 896 897 937
f 896 937 936
f 897 898 937
f 898 938 937
f 898 899 939
f 898 939 938
f 899 900 939
f 900 940 939
f 900 901 941
f 900 941 940
f 901 902 941
f 902 942 941
f 902 903 943
f 902 943 942
f 903 904 943
f 904 944 943
f 904 905 945
f 904 945 944
f 905 906 945
f 906 946 945
f 906 907 947
f 906 947 946
f 907 908 947
f 908 948 947
f 908 909 949
f 908 949 948
f 910 911 950
f 911 912 950
f 912 951 950
f 912 913 952
f 912 952 951
f 913 914 952
f 914 953 952
f 914 915 954
f 914 954 953
f 915 916 954
f 916 955 954
f 916 917 956
f 916 956 955
f 917 918 956
f 918 957 956
f 918 919 958
f 918 958 957
f 919 920 958
f 920 959 958
f 920 921 960
f 920 960 959
f 921 922 960
f 922 961 960
f 922 923 962
f 922 962 961
f 923 924 962
f 924 963 962
f 924 925 964
f 924 964 963
f 925 926 964
f 926 965 964
f 926 927 966
f 926 966 965
f 927 928 966
f 928 967 966
f 928 929 968
f 928 968 967
f 929 930 968
f 930 969 968
f 931 932 971
f 931 971 970
f 932 933 971
f 933 972 971
f 933 934 973
f 933 973 972
f 934 935 973
f 935 974 973
f 935 936 975
f 935 975 974
f 936 937 975
f 937 976 975
f 937 938 977
f 937 977 976
f 938 939 977
f 939 978 977
f 939 940 979
f 939 979 978
f 940 941 979
f 941 980 979
f 941 942 981
f 941 981 980
f 942 943 981
f 943 982 981
f 943 944 983
f 943 983 982
f 944 945 983
f 945 984 983
f 945 946 985
f 945 985 984
f 946 947 985
f 947 986 985
f 947 948 987
f 947 987 986
f 948 949 987
f 949 988 987
f 950 990 989
f 950 951 991
f 950 991 990
f 951 952 991
f 952 992 991
f 952 953 993
f 952 993 992
f 953 954 993
f 954 994 993
f 954 955 995
f 954 995 994
f 955 956 995
f 956 996 995
f 956 957 997
f 956 997 996
f 957 958 997
f 958 998 997
f 958 959 999
f 958 999 998
f 959 960 999
f 960 1000 999
f 960 961 1001
f 960 1001 1000
f 961 962 1001
f 962 1002 1001
f 962 963 1003
f 962 1003 1002
f 963 964 1003
f 964 1004 1003
f 964 965 1005
f 964 1005 1004
f 965 966 1005
f 966 1006 1005
f 966 967 1007
f 966 1007 1006
f 967 968 1007
f 968 1008 1007
f 968 969 1009
f 968 1009 1008
f 970 971 1010
f 971 1011 1010
f 971 972 1012
f 971 1012 1011
f 972 973 1012
f 973 1013 1012
f 973 974 1014
f 973 1014 1013
f 974 975 1014
f 975 1015 1014
f 975 976 1016
f 975 1016 1015
f 976 977 1016
f 977 1017 1016
f 977 978 1018
f 977 1018 1017
f 978 979 1018
f 979 1019 1018
f 979 980 1020
f 979 1020 1019
f 980 981 1020
f 981 1021 1020
f 981 982 1022
f 981 1022 1021
f 982 983 1022
f 983 1023 1022
f 983 984 1024
f 983 1024 1023
f 984 985 1024
f 985 1025 1024
f 985 986 1026
f 985 1026 1025
f 986 987 1026
f 987 1027 1026
f 987 988 1028
f 987 1028 1027
f 989 990 1029
f 990 991 1029
f 991 1030 1029
f 991 992 1031
f 991 1031 1030
f 992 993 1031
f 993 1032 1031
f 993 994 1033
f 993 1033 1032
f 994 995 1033
f 995 1034 1033
f 995 996 1035
f 995 1035 1034
f 996 997 1035
f 997 1036 1035
f 997 998 1037
f 997 1037 1036
f 998 999 1037
f 999 1038 1037
f 999 1000 1039
f 999 1039 1038
f 1000 1001 1039
f 1001 1040 1039
f 1001 1002 1041
f 1001 1041 1040
f 1002 1003 1041
f 1003 1042 1041
f 1003 1004 1043
f 1003 1043 1042
f 1004 1005 1043
f 1005 1044 1043
f 1005 1006 1045
f 1005 1045 1044
f 1006 1007 1045
f 1007 1046 1045
f 1007 1008 1047
f 1007 1047 1046
f 1008 1009 1047
f 1009 1048 1047
f 1010 1011 1050
f 1010 1050 1049
f 1011 1012 1050
f 1012 1051 1050
f 1012 1013 1052
f 1012 1052 1051
f 1013 1014 1052
f 1014 1053 1052
f 1014 1015 1054
f 1014 1054 1053
f 1015 1016 1054
f 1016 1055 1054
f 1016 1017 1056
f 1016 1056 1055
f 1017 1018 1056
f 1018 1057 1056
f 1018 1019 1058
f 1018 1058 1057
f 1019 1020 1058
f 1020 1059 1058
f 1020 1021 1060
f 1020 1060 1059
f 1021 1022 1060
f 1022 1061 1060
f 1022 1023 1062
f 1022 1062 1061
f 1023 1024 1062
f 1024 1063 1062
f 1024 1025 1064
f 1024 1064 1063
f 1025 1026 1064
f 1026 1065 1064
f 1026 1027 1066
f 1026 1066 1065
f 1027 1028 1066
f 1028 1067 1066
f 1029 1030 1069
f 1029 1069 1068
f 1030 1031 1069
f 1031 1070 1069
f 1031 1032 1071
f 1031 1071 1070
f 1032 1033 1071
f 1033 1072 1071
f 1033 1034 1073
f 1033 1073 1072
f 1034 1035 1073
f 1035 1074 1073
f 1035 1036 1075
f 1035 1075 1074
f 1036 1037 1075
f 1037 1076 1075
f 1037 1038 1077
f 1037 1077 1076
f 1038 1039 1077
f 1039 1078 1077
f 1039 1040 1079
f 1039 1079 1078
f 1040 1041 1079
f 1041 1080 1079
f 1041 1042 1081
f 1041 1081 1080
f 1042 1043 1081
f 1043 1082 1081
f 1043 1044 1083
f 1043 1083 1082
f 1044 1045 1083
f 1045 1084 1083
f 1045 1046 1085
f 1045 1085 1084
f 1046 1047 1085
f 1047 1086 1085
f 1047 1048 1087
f 1047 1087 1086
f 1049 1050 1088
f 1050 1089 1088
f 1050 1051 1090
f 1050 1090 1089
f 1051 1052 1090
f 1052 1091 1090
f 1052 1053 1092
f 1052 1092 1091
f 1053 1054 1092
f 1054 1093 1092
f 1054 1055 1094
f 1054 1094 1093
f 1055 1056 1094
f 1056 1095 1094
f 1056 1057 1096
f 1056 1096 1095
f 1057 1058 1096
f 1058 1097 1096
f 1058 1059 1098
f 1058 1098 1097
f 1059 1060 1098
f 1060 1099 1098
f 1060 1061 1100
f 1060 1100 1099
f 1061 1062 1100
f 1062 1101 1100
f 1062 1063 1102
f 1062 1102 1101
f 1063 1064 1102
f 1064 1103 1102
f 1064 1065 1104
f 1064 1104 1103
f 1065 1066 1104
f 1066 1105 1104
f 1066 1067 1106
f 1066 1106 1105
f 1068 1069 1107
f 1069 1108 1107
f 1069 1070 1109
f 1069 1109 1108
f 1070 1071 1109
f 1071 1110 1109
f 1071 1072 1111
f 1071 1111 1110
f 1072 1073 1111
f 1073 1112 1111
f 1073 1074 1113
f 1073 1113 1112
f 1074 1075 1113
f 1075 1114 1113
f 1075 1076 1115
f 1075 1115 1114
f 1076 1077 1115
f 1077 1116 1115
f 1077 1078 1117
f 1077 1117 1116
f 1078 1079 1117
f 1079 1118 1117
f 1079 1080 1119
f 1079 1119 1118
f 1080 1081 1119
f 1081 1120 1119
f 1081 1082 1121
f 1081 1121 1120
f 1082 1083 1121
f 1083 1122 1121
f 1083 1084 1123
f 1083 1123 1122
f 1084 1085 1123
f 1085 1124 1123
f 1085 1086 1125
f 1085 1125 1124
f 1086 1087 1125
f 1087 1126 1125
f 1088 1089 1128
f 1088 1128 1127
f 1089 1090 1128
f 1090 1129 1128
f 1090 1091 1130
f 1090 1130 1129
f 1091 1092 1130
f 1092 1131 1130
f 1092 1093 1132
f 1092 1132 1131
f 1093 1094 1132
f 1094 1133 1132
f 1094 1095 1134
f 1094 1134 1133
f 1095 1096 1134
f 1096 1135 1134
f 1096 1097 1136
f 1096 1136 1135
f 1097 1098 1136
f 1098 1137 1136
f 1098 1099 1138
f 1098 1138 1137
f 1099 1100 1138
f 1100 1139 1138
f 1100 1101 1140
f 1100 1140 1139
f 1101 1102 1140
f 1102 1141 1140
f 1102 1103 1142
f 1102 1142 1141
f 1103 1104 1142
f 1104 1143 1142
f 1104 1105 1144
f 1104 1144 1143
f 1105 1106 1144
f 1106 1145 1144
f 1107 1147 1146
f 1107 1108 1148
f 1107 1148 1147
f 1108 1109 1148
f 1109 1149 1148
f 1109 1110 1150
f 1109 1150 1149
f 1110 1111 1150
f 1111 1151 1150
f 1111 1112 1152
f 1111 1152 1151
f 1112 1113 1152
f 1113 1153 1152
f 1113 1114 1154
f 1113 1154 1153
f 1114 1115 1154
f 1115 1155 1154
f 1115 1116 1156
f 1115 1156 1155
f 1116 1117 1156
f 1117 1157 1156
f 1117 1118 1158
f 1117 1158 1157
f 1118 1119 1158
f 1119 1159 1158
f 1119 1120 1160
f 1119 1160 1159
f 1120 1121 1160
f 1121 1161 1160
f 1121 1122 1162
f 1121 1162 1161
f 1122 1123 1162
f 1123 1163 1162
f 1123 1124 1164
f 1123 1164 1163
f 1124 1125 1164
f 1125 1165 1164
f 1125 1126 1166
f 1125 1166 1165
f 1127 1128 1167
f 1128 1168 1167
f 1128 1129 1169
f 1128 1169 1168
f 1129 1130 1169
f 1130 1170 1169
f 1130 1131 1171
f 1130 1171 1170
f 1131 1132 1171
f 1132 1172 1171
f 1132 1133 1173
f 1132 1173 1172
f 1133 1134 1173
f 1134 1174 1173
f 1134 1135 1175
f 1134 1175 1174
f 1135 1136 1175
f 1136 1176 1175
f 1136 1137 1177
f 1136 1177 1176
f 1137 1138 1177
f 1138 1178 1177
f 1138 1139 1179
f 1138 1179 1178
f 1139 1140 1179
f 1140 1180 1179
f 1140 1141 1181
f 1140 1181 1180
f 1141 1142 1181
f 1142 1182 1181
f 1142 1143 1183
f 1142 1183 1182
f 1143 1144 1183
f 1144 1184 1183
f 1144 1145 1185
f 1144 1185 1184
f 1146 1147 1187
f 1146 1187 1186
f 1147 1148 1187
f 1148 1188 1187
f 1148 1149 1189
f 1148 1189 1188
f 1149 1150 1189
f 1150 1190 1189
f 1150 1151 1191
f 1150 1191 1190
f 1151 1152 1191
f 1152 1192 1191
f 1152 1153 1193
f 1152 1193 1192
f 1153 1154 1193
f 1154 1194 1193
f 1154 1155 1195
f 1154 1195 1194
f 1155 1156 1195
f 1156 1196 1195
f 1156 1157 1197
f 1156 1197 1196
f 1157 1158 1197
f 1158 1198 1197
f 1158 1159 1199
f 1158 1199 1198
f 1159 1160 1199
f 1160 1200 1199
f 1160 1161 1201
f 1160 1201 1200
f 1161 1162 1201
f 1162 1202 1201
f 1162 1163 1203
f 1162 1203 1202
f 1163 1164 1203
f 1164 1204 1203
f 1164 1165 1205
f 1164 1205 1204
f 1165 1166 1205
f 1166 1206 1205
f 1167 1168 1208
f 1167 1208 1207
f 1168 1169 1208
f 1169 1209 1208
f 1169 1170 1210
f 1169 1210 1209
f 1170 1171 1210
f 1171 1211 1210
f 1171 1172 1212
f 1171 1212 1211
f 1172 1173 1212
f 1173 1213 1212
f 1173 1174 1214
f 1173 1214 1213
f 1174 1175 1214
f 1175 1215 1214
f 1175 1176 1216
f 1175 1216 1215
f 1176 1177 1216
f 1177 1217 1216
f 1177 1178 1218
f 1177 1218 1217
f 1178 1179 1218
f 1179 1219 1218
f 1179 1180 1220
f 1179 1220 1219
f 1180 1181 1220
f 1181 1221 1220
f 1181 1182 1222
f 1181 1222 1221
f 1182 1183 1222
f 1183 1223 1222
f 1183 1184 1224
f 1183 1224 1223
f 1184 1185 1224
f 1185 1225 1224
f 1186 1187 1226
f 1187 1227 1226
f 1187 1188 1228
f 1187 1228 1227
f 1188 1189 1228
f 1189 1229 1228
f 1189 1190 1230
f 1189 1230 1229
f 1190 1191 1230
f 1191 1231 1230
f 1191 1192 1232
f 1191 1232 1231
f 1192 1193 1232
f 1193 1233 1232
f 1193 1194 1234
f 1193 1234 1233
f 1194 1195 1234
f 1195 1235 1234
f 1195 1196 1236
f 1195 1236 1235
f 1196 1197 1236
f 1197 1237 1236
f 1197 1198 1238
f 1197 1238 1237
f 1198 1199 1238
f 1199 1239 1238
f 1199 1200 1240
f 1199 1240 1239
f 1200 1201 1240
f 1201 1241 1240
f 1201 1202 1242
f 1201 1242 1241
f 1202 1203 1242
f 1203 1243 1242
f 1203 1204 1244
f 1203 1244 1243
f 1204 1205 1244
f 1205 1245 1244
f 1205 1206 1246
f 1205 1246 1245
f 1207 1208 1247
f 1208 1248 1247
f 1208 1209 1249
f 1208 1249 1248
f 1209 1210 1249
f 1210 1250 1249
f 1210 1211 1251
f 1210 1251 1250
f 1211 1212 1251
f 1212 1252 1251
f 1212 1213 1253
f 1212 1253 1252
f 1213 1214 1253
f 1214 1254 1253
f 1214 1215 1255
f 1214 1255 1254
f 1215 1216 1255
f 1216 1256 1255
f 1216 1217 1257
f 1216 1257 1256
f 1217 1218 1257
f 1218 1258 1257
f 1218 1219 1259
f 1218 1259 1258
f 1219 1220 1259
f 1220 1260 1259
f 1220 1221 1261
f 1220 1261 1260
f 1221 1222 1261
f 1222 1262 1261
f 1222 1223 1263
f 1222 1263 1262
f 1223 1224 1263
f 1224 1264 1263
f 1224 1225 1265
f 1224 1265 1264
f 1227 1228 1266
f 1228 1267 1266
f 1228 1229 1268
f 1228 1268 1267
f 1229 1230 1268
f 1230 1269 1268
f 1230 1231 1270
f 1230 1270 1269
f 1231 1232 1270
f 1232 1271 1270
f 1232 1233 1272
f 1232 1272 1271
f 1233 1234 1272
f 1234 1273 1272
f 1234 1235 1274
f 1234 1274 1273
f 1235 1236 1274
f 1236 1275 1274
f 1236 1237 1276
f 1236 1276 1275
f 1237 1238 1276
f 1238 1277 1276
f 1238 1239 1278
f 1238 1278 1277
f 1239 1240 1278
f 1240 1279 1278
f 1240 1241 1280
f 1240 1280 1279
f 1241 1242 1280
f 1242 1281 1280
f 1242 1243 1282
f 1242 1282 1281
f 1243 1244 1282
f 1244 1283 1282
f 1244 1245 1284
f 1244 1284 1283
f 1245 1246 1284
f 1246 1285 1284
f 1247 1248 1287
f 1247 1287 1286
f 1248 1249 1287
f 1249 1288 1287
f 1249 1250 1289
f 1249 1289 1288
f 1250 1251 1289
f 1251 1290 1289
f 1251 1252 1291
f 1251 1291 1290
f 1252 1253 1291
f 1253 1292 1291
f 1253 1254 1293
f 1253 1293 1292
f 1254 1255 1293
f 1255 1294 1293
f 1255 1256 1295
f 1255 1295 1294
f 1256 1257 1295
f 1257 1296 1295
f 1257 1258 1297
f 1257 1297 1296
f 1258 1259 1297
f 1259 1298 1297
f 1259 1260 1299
f 1259 1299 1298
f 1260 1261 1299
f 1261 1300 1299
f 1261 1262 1301
f 1261 1301 1300
f 1262 1263 1301
f 1263 1302 1301
f 1263 1264 1303
f 1263 1303 1302
f 1264 1265 1303
f 1265 1304 1303
f 1266 1267 1306
f 1266 1306 1305
f 1267 1268 1306
f 1268 1307 1306
f 1268 1269 1308
f 1268 1308 1307
f 1269 1270 1308
f 1270 1309 1308
f 1270 1271 1310
f 1270 1310 1309
f 1271 1272 1310
f 1272 1311 1310
f 1272 1273 1312
f 1272 1312 1311
f 1273 1274 1312
f 1274 1313 1312
f 1274 1275 1314
f 1274 1314 1313
f 1275 1276 1314
f 1276 1315 1314
f 1276 1277 1316
f 1276 1316 1315
f 1277 1278 1316
f 1278 1317 1316
f 1278 1279 1318
f 1278 1318 1317
f 1279 1280 1318
f 1280 1319 1318
f 1280 1281 1320
f 1280 1320 1319
f 1281 1282 1320
f 1282 1321 1320
f 1282 1283 1322
f 1282 1322 1321
f 1283 1284 1322
f 1284 1323 1322
f 1284 1285 1324
f 1284 1324 1323
f 1286 1287 1325
f 1287 1326 1325
f 1287 1288 1327
f 1287 1327 1326
f 1288 1289 1327
f 1289 1328 1327
f 1289 1290 1329
f 1289 1329 1328
f 1290 1291 1329
f 1291 1330 1329
f 1291 1292 1331
f 1291 1331 1330
f 1292 1293 1331
f 1293 1332 1331
f 1293 1294 1333
f 1293 1333 1332
f 1294 1295 1333
f 1295 1334 1333
f 1295 1296 1335
f 1295 1335 1334
f 1296 1297 1335
f 1297 1336 1335
f 1297 1298 1337
f 1297 1337 1336
f 1298 1299 1337
f 1299 1338 1337
f 1299 1300 1339
f 1299 1339 1338
f 1300 1301 1339
f 1301 1340 1339
f 1301 1302 1341
f 1301 1341 1340
f 1302 1303 1341
f 1303 1342 1341
f 1303 1304 1343
f 1303 1343 1342
f 1305 1306 1344
f 1306 1345 1344
f 1306 1307 1346
f 1306 1346 1345
f 1307 1308 1346
f 1308 1347 1346
f 1308 1309 1348
f 1308 1348 1347
f 1309 1310 1348
f 1310 1349 1348
f 1310 1311 1350
f 1310 1350 1349
f 1311 1312 1350
f 1312 1351 1350
f 1312 1313 1352
f 1312 1352 1351
f 1313 1314 1352
f 1314 1353 1352
f 1314 1315 1354
f 1314 1354 1353
f 1315 1316 1354
f 1316 1355 1354
f 1316 1317 1356
f 1316 1356 1355
f 1317 1318 1356
f 1318 1357 1356
f 1318 1319 1358
f 1318 1358 1357
f 1319 1320 1358
f 1320 1359 1358
f 1320 1321 1360
f 1320 1360 1359
f 1321 1322 1360
f 1322 1361 1360
f 1322 1323 1362
f 1322 1362 1361
f 1323 1324 1362
f 1324 1363 1362
f 1325 1326 1365
f 1325 1365 1364
f 1326 1327 1365
f 1327 1366 1365
f 1327 1328 1367
f 1327 1367 1366
f 1328 1329 1367
f 1329 1368 1367
f 1329 1330 1369
f 1329 1369 1368
f 1330 1331 1369
f 1331 1370 1369
f 1331 1332 1371
f 1331 1371 1370
f 1332 1333 1371
f 1333 1372 1371
f 1333 1334 1373
f 1333 1373 1372
f 1334 1335 1373
f 1335 1374 1373
f 1335 1336 1375
f 1335 1375 1374
f 1336 1337 1375
f 1337 1376 1375
f 1337 1338 1377
f 1337 1377 1376
f 1338 1339 1377
f 1339 1378 1377
f 1339 1340 1379
f 1339 1379 1378
f 1340 1341 1379
f 1341 1380 1379
f 1341 1342 1381
f 1341 1381 1380
f 1342 1343 1381
f 1343 1382 1381
f 1344 1384 1383
f 1344 1345 1385
f 1344 1385 1384
f 1345 1346 1385
f 1346 1386 1385
f 1346 1347 1387
f 1346 1387 1386
f 1347 1348 1387
f 1348 1388 1387
f 1348 1349 1389
f 1348 1389 1388
f 1349 1350 1389
f 1350 1390 1389
f 1350 1351 1391
f 1350 1391 1390
f 1351 1352 1391
f 1352 1392 1391
f 1352 1353 1393
f 1352 1393 1392
f 1353 1354 1393
f 1354 1394 1393
f 1354 1355 1395
f 1354 1395 1394
f 1355 1356 1395
f 1356 1396 1395
f 1356 1357 1397
f 1356 1397 1396
f 1357 1358 1397
f 1358 1398 1397
f 1358 1359 1399
f 1358 1399 1398
f 1359 1360 1399
f 1360 1400 1399
f 1360 1361 1401
f 1360 1401 1400
f 1361 1362 1401
f 1362 1402 1401
f 1362 1363 1403
f 1362 1403 1402
f 1364 1365 1404
f 1365 1405 1404
f 1365 1366 1406
f 1365 1406 1405
f 1366 1367 1406
f 1367 1407 1406
f 1367 1368 1408
f 1367 1408 1407
f 1368 1369 1408
f 1369 1409 1408
f 1369 1370 1410
f 1369 1410 1409
f 1370 1371 1410
f 1371 1411 1410
f 1371 1372 1412
f 1371 1412 1411
f 1372 1373 1412
f 1373 1413 1412
f 1373 1374 1414
f 1373 1414 1413
f 1374 1375 1414
f 1375 1415 1414
f 1375 1376 1416
f 1375 1416 1415
f 1376 1377 1416
f 1377 1417 1416
f 1377 1378 1418
f 1377 1418 1417
f 1378 1379 1418
f 1379 1419 1418
f 1379 1380 1420
f 1379 1420 1419
f 1380 1381 1420
f 1381 1421 1420
f 1381 1382 1422
f 1381 1422 1421
f 1383 1384 1424
f 1383 1424 1423
f 1384 1385 1424
f 1385 1425 1424
f 1385 1386 1426
f 1385 1426 1425
f 1386 1387 1426
f 1387 1427 1426
f 1387 1388 1428
f 1387 1428 1427
f 1388 1389 1428
f 1389 1429 1428
f 1389 1390 1430
f 1389 1430 1429
f 1390 1391 1430
f 1391 1431 1430
f 1391 1392 1432
f 1391 1432 1431
f 1392 1393 1432
f 1393 1433 1432
f 1393 1394 1434
f 1393 1434 1433
f 1394 1395 1434
f 1395 1435 1434
f 1395 1396 1436
f 1395 1436 1435
f 1396 1397 1436
f 1397 1437 1436
f 1397 1398 1438
f 1397 1438 1437
f 1398 1399 1438
f 1399 1439 1438
f 1399 1400 1440
f 1399 1440 1439
f 1400 1401 1440
f 1401 1441 1440
f 1401 1402 1442
f 1401 1442 1441
f 1402 1403 1442
f 1403 1443 1442
f 1404 1405 1445
f 1404 1445 1444
f 1405 1406 1445
f 1406 1446 1445
f 1406 1407 1447
f 1406 1447 1446
f 1407 1408 1447
f 1408 1448 1447
f 1408 1409 1449
f 1408 1449 1448
f 1409 1410 1449
f 1410 1450 1449
f 1410 1411 1451
f 1410 1451 1450
f 1411 1412 1451
f 1412 1452 1451
f 1412 1413 1453
f 1412 1453 1452
f 1413 1414 1453
f 1414 1454 1453
f 1414 1415 1455
f 1414 1455 1454
f 1415 1416 1455
f 1416 1456 1455
f 1416 1417 1457
f 1416 1457 1456
f 1417 1418 1457
f 1418 1458 1457
f 1418 1419 1459
f 1418 1459 1458
f 1419 1420 1459
f 1420 1460 1459
f 1420 1421 1461
f 1420 1461 1460
f 1421 1422 1461
f 1422 1462 1461
f 1423 1424 1463
f 1424 1464 1463
f 1424 1425 1465
f 1424 1465 1464
f 1425 1426 1465
f 1426 1466 1465
f 1426 1427 1467
f 1426 1467 1466
f 1427 1428 1467
f 1428 1468 1467
f 1428 1429 1469
f 1428 1469 1468
f 1429 1430 1469
f 1430 1470 1469
f 1430 1431 1471
f 1430 1471 1470
f 1431 1432 1471
f 1432 1472 1471
f 1432 1433 1473
f 1432 1473 1472
f 1433 1434 1473
f 1434 1474 1473
f 1434 1435 1475
f 1434 1475 1474
f 1435 1436 1475
f 1436 1476 1475
f 1436 1437 1477
f 1436 1477 1476
f 1437 1438 1477
f 1438 1478 1477
f 1438 1439 1479
f 1438 1479 1478
f 1439 1440 1479
f 1440 1480 1479
f 1440 1441 1481
f 1440 1481 1480
f 1441 1442 1481
f 1442 1482 1481
f 1442 1443 1483
f 1442 1483 1482
f 1444 1445 1484
f 1445 1485 1484
f 1445 1446 1486
f 1445 1486 1485
f 1446 1447 1486
f 1447 1487 1486
f 1447 1448 1488
f 1447 1488 1487
f 1448 1449 1488
f 1449 1489 1488
f 1449 1450 1490
f 1449 1490 1489
f 1450 1451 1490
f 1451 1491 1490
f 1451 1452 1492
f 1451 1492 1491
f 1452 1453 1492
f 1453 1493 1492
f 1453 1454 1494
f 1453 1494 1493
f 1454 1455 1494
f 1455 1495 1494
f 1455 1456 1496
f 1455 1496 1495
f 1456 1457 1496
f 1457 1497 1496
f 1457 1458 1498
f 1457 1498 1497
f 1458 1459 1498
f 1459 1499 1498
f 1459 1460 1500
f 1459 1500 1499
f 1460 1461 1500
f 1461 1501 1500
f 1461 1462 1502
f 1461 1502 1501
f 1463 1464 1504
f 1463 1504 1503
f 1464 1465 1504
f 1465 1505 1504
f 1465 1466 1506
f 1465 1506 1505
f 1466 1467 1506
f 1467 1507 1506
f 1467 1468 1508
f 1467 1508 1507
f 1468 1469 1508
f 1469 1509 1508
f 1469 1470 1510
f 1469 1510 1509
f 1470 1471 1510
f 1471 1511 1510
f 1471 1472 1512
f 1471 1512 1511
f 1472 1473 1512
f 1473 1513 1512
f 1473 1474 1514
f 1473 1514 1513
f 1474 1475 1514
f 1475 1515 1514
f 1475 1476 1516
f 1475 1516 1515
f 1476 1477 1516
f 1477 1517 1516
f 1477 1478 1518
f 1477 1518 1517
f 1478 1479 1518
f 1479 1519 1518
f 1479 1480 1520
f 1479 1520 1519
f 1480 1481 1520
f 1481 1521 1520
f 1481 1482 1522
f 1481 1522 1521
f 1482 1483 1522
f 1483 1523 1522
f 1484 1485 1525
f 1484 1525 1524
f 1485 1486 1525
f 1486 1526 1525
f 1486 1487 1527
f 1486 1527 1526
f 1487 1488 1527
f 1488 1528 1527
f 1488 1489 1529
f 1488 1529 1528
f 1489 1490 1529
f 1490 1530 1529
f 1490 1491 1531
f 1490 1531 1530
f 1491 1492 1531
f 1492 1532 1531
f 1492 1493 1533
f 1492 1533 1532
f 1493 1494 1533
f 1494 1534 1533
f 1494 1495 1535
f 1494 1535 1534
f 1495 1496 1535
f 1496 1536 1535
f 1496 1497 1537
f 1496 1537 1536
f 1497 1498 1537
f 1498 1538 1537
f 1498 1499 1539
f 1498 1539 1538
f 1499 1500 1539
f 1500 1540 1539
f 1500 1501 1541
f 1500 1541 1540
f 1501 1502 1541
f 1502 1542 1541
f 1503 1504 1543
f 1504 1544 1543
f 1504 1505 1545
f 1504 1545 1544
f 1505 1506 1545
f 1506 1546 1545
f 1506 1507 1547
f 1506 1547 1546
f 1507 1508 1547
f 1508 1548 1547
f 1508 1509 1549
f 1508 1549 1548
f 1509 1510 1549
f 1510 1550 1549
f 1510 1511 1551
f 1510 1551 1550
f 1511 1512 1551
f 1512 1552 1551
f 1512 1513 1553
f 1512 1553 1552
f 1513 1514 1553
f 1514 1554 1553
f 1514 1515 1555
f 1514 1555 1554
f 1515 1516 1555
f 1516 1556 1555
f 1516 1517 1557
f 1516 1557 1556
f 1517 1518 1557
f 1518 1558 1557
f 1518 1519 1559
f 1518 1559 1558
f 1519 1520 1559
f 1520 1560 1559
f 1520 1521 1561
f 1520 1561 1560
f 1521 1522 1561
f 1522 1562 1561
f 1522 1523 1563
f 1522 1563 1562
f 1524 1525 1564
f 1525 1565 1564
f 1525 1526 1566
f 1525 1566 1565
f 1526 1527 1566
f 1527 1567 1566
f 1527 1528 1568
f 1527 1568 1567
f 1528 1529 1568
f 1529 1569 1568
f 1529 1530 1570
f 1529 1570 1569
f 1530 1531 1570
f 1531 1571 1570
f 1531 1532 1572
f 1531 1572 1571
f 1532 1533 1572
f 1533 1573 1572
f 1533 1534 1574
f 1533 1574 1573
f 1534 1535 1574
f 1535 1575 1574
f 1535 1536 1576
f 1535 1576 1575
f 1536 1537 1576
f 1537 1577 1576
f 1537 1538 1578
f 1537 1578 1577
f 1538 1539 1578
f 1539 1579 1578
f 1539 1540 1580
f 1539 1580 1579
f 1540 1541 1580
f 1541 1581 1580
f 1541 1542 1582
f 1541 1582 1581
f 1543 1544 1584
f 1543 1584 1583
f 1544 1545 1584
f 1545 1585 1584
f 1545 1546 1586
f 1545 1586 1585
f 1546 1547 1586
f 1547 1587 1586
f 1547 1548 1588
f 1547 1588 1587
f 1548 1549 1588
f 1549 1589 1588
f 1549 1550 1590
f 1549 1590 1589
f 1550 1551 1590
f 1551 1591 1590
f 1551 1552 1592
f 1551 1592 1591
f 1552 1553 1592
f 1553 1593 1592
f 1553 1554 1594
f 1553 1594 1593
f 1554 1555 1594
f 1555 1595 1594
f 1555 1556 1596
f 1555 1596 1595
f 1556 1557 1596
f 1557 1597 1596
f 1557 1558 1598
f 1557 1598 1597
f 1558 1559 1598
f 1559 1599 1598
f 1559 1560 1600
f 1559 1600 1599
f 1560 1561 1600
f 1561 1601 1600
f 1561 1562 1602
f 1561 1602 1601
f 1562 1563 1602
f 1563 1603 1602
f 1564 1565 1605
f 1564 1605 1604
f 1565 1566 1605
f 1566 1606 1605
f 1566 1567 1607
f 1566 1607 1606
f 1567 1568 1607
f 1568 1608 1607
f 1568 1569 1609
f 1568 1609 1608
f 1569 1570 1609
f 1570 1610 1609
f 1570 1571 1611
f 1570 1611 1610
f 1571 1572 1611
f 1572 1612 1611
f 1572 1573 1613
f 1572 1613 1612
f 1573 1574 1613
f 1574 1614 1613
f 1574 1575 1615
f 1574 1615 1614
f 1575 1576 1615
f 1576 1616 1615
f 1576 1577 1617
f 1576 1617 1616
f 1577 1578 1617
f 1578 1618 1617
f 1578 1579 1619
f 1578 1619 1618
f 1579 1580 1619
f 1580 1620 1619
f 1580 1581 1621
f 1580 1621 1620
f 1581 1582 1621
f 1582 1622 1621
f 1583 1584 1623
f 1584 1624 1623
f 1584 1585 1625
f 1584 1625 1624
f 1585 1586 1625
f 1586 1626 1625
f 1586 1587 1627
f 1586 1627 1626
f 1587 1588 1627
f 1588 1628 1627
f 1588 1589 1629
f 1588 1629 1628
f 1589 1590 1629
f 1590 1630 1629
f 1590 1591 1631
f 1590 1631 1630
f 1591 1592 1631
f 1592 1632 1631
f 1592 1593 1633
f 1592 1633 1632
f 1593 1594 1633
f 1594 1634 1633
f 1594 1595 1635
f 1594 1635 1634
f 1595 1596 1635
f 1596 1636 1635
f 1596 1597 1637
f 1596 1637 1636
f 1597 1598 1637
f 1598 1638 1637
f 1598 1599 1639
f 1598 1639 1638
f 1599 1600 1639
f 1600 1640 1639
f 1600 1601 1641
f 1600 1641 1640
f 1601 1602 1641
f 1602 1642 1641
f 1602 1603 1643
f 1602 1643 1642
f 1604 1605 1644
f 1605 1645 1644
f 1605 1606 1646
f 1605 1646 1645
f 1606 1607 1646
f 1607 1647 1646
f 1607 1608 1648
f 1607 1648 1647
f 1608 1609 1648
f 1609 1649 1648
f 1609 1610 1650
f 1609 1650 1649
f 1610 1611 1650
f 1611 1651 1650
f 1611 1612 1652
f 1611 1652 1651
f 1612 1613 1652
f 1613 1653 1652
f 1613 1614 1654
f 1613 1654 1653
f 1614 1615 1654
f 1615 1655 1654
f 1615 1616 1656
f 1615 1656 1655
f 1616 1617 1656
f 1617 1657 1656
f 1617 1618 1658
f 1617 1658 1657
f 1618 1619 1658
f 1619 1659 1658
f 1619 1620 1660
f 1619 1660 1659
f 1620 1621 1660
f 1621 1661 1660
f 1621 1622 1662
f 1621 1662 1661
f 1623 1624 1664
f 1623 1664 1663
f 1624 1625 1664
f 1625 1665 1664
f 1625 1626 1666
f 1625 1666 1665
f 1626 1627 1666
f 1627 1667 1666
f 1627 1628 1668
f 1627 1668 1667
f 1628 1629 1668
f 1629 1669 1668
f 1629 1630 1670
f 1629 1670 1669
f 1630 1631 1670
f 1631 1671 1670
f 1631 1632 1672
f 1631 1672 1671
f 1632 1633 1672
f 1633 1673 1672
f 1633 1634 1674
f 1633 1674 1673
f 1634 1635 1674
f 1635 1675 1674
f 1635 1636 1676
f 1635 1676 1675
f 1636 1637 1676
f 1637 1677 1676
f 1637 1638 1678
f 1637 1678 1677
f 1638 1639 1678
f 1639 1679 1678
f 1639 1640 1680
f 1639 1680 1679
f 1640 1641 1680
f 1641 1681 1680
f 1641 1642 1682
f 1641 1682 1681
f 1642 1643 1682
f 1643 1683 1682
f 1644 1645 1685
f 1644 1685 1684
f 1645 1646 1685
f 1646 1686 1685
f 1646 1647 1687
f 1646 1687 1686
f 1647 1648 1687
f 1648 1688 1687
f 1648 1649 1689
f 1648 1689 1688
f 1649 1650 1689
f 1650 1690 1689
f 1650 1651 1691
f 1650 1691 1690
f 1651 1652 1691
f 1652 1692 1691
f 1652 1653 1693
f 1652 1693 1692
f 1653 1654 1693
f 1654 1694 1693
f 1654 1655 1695
f 1654 1695 1694
f 1655 1656 1695
f 1656 1696 1695
f 1656 1657 1697
f 1656 1697 1696
f 1657 1658 1697
f 1658 1698 1697
f 1658 1659 1699
f 1658 1699 1698
f 1659 1660 1699
f 1660 1700 1699
f 1660 1661 1701
f 1660 1701 1700
f 1661 1662 1701
f 1662 1702 1701
f 1663 1664 1703
f 1664 1704 1703
f 1664 1665 1705
f 1664 1705 1704
f 1665 1666 1705
f 1666 1706 1705
f 1666 1667 1707
f 1666 1707 1706
f 1667 1668 1707
f 1668 1708 1707
f 1668 1669 1709
f 1668 1709 1708
f 1669 1670 1709
f 1670 1710 1709
f 1670 1671 1711
f 1670 1711 1710
f 1671 1672 1711
f 1672 1712 1711
f 1672 1673 1713
f 1672 1713 1712
f 1673 1674 1713
f 1674 1714 1713
f 1674 1675 1715
f 1674 1715 1714
f 1675 1676 1715
f 1676 1716 1715
f 1676 1677 1717
f 1676 1717 1716
f 1677 1678 1717
f 1678 1718 1717
f 1678 1679 1719
f 1678 1719 1718
f 1679 1680 1719
f 1680 1720 1719
f 1680 1681 1721
f 1680 1721 1720
f 1681 1682 1721
f 1682 1722 1721
f 1682 1683 1723
f 1682 1723 1722
f 1684 1685 1724
f 1685 1725 1724
f 1685 1686 1726
f 1685 1726 1725
f 1686 1687 1726
f 1687 1727 1726
f 1687 1688 1728
f 1687 1728 1727
f 1688 1689 1728
f 1689 1729 1728
f 1689 1690 1730
f 1689 1730 1729
f 1690 1691 1730
f 1691 1731 1730
f 1691 1692 1732
f 1691 1732 1731
f 1692 1693 1732
f 1693 1733 1732
f 1693 1694 1734
f 1693 1734 1733
f 1694 1695 1734
f 1695 1735 1734
f 1695 1696 1736
f 1695 1736 1735
f 1696 1697 1736
f 1697 1737 1736
f 1697 1698 1738
f 1697 1738 1737
f 1698 1699 1738
f 1699 1739 1738
f 1699 1700 1740
f 1699 1740 1739
f 1700 1701 1740
f 1701 1741 1740
f 1701 1702 1742
f 1701 1742 1741
f 1703 1704 1744
f 1703 1744 1743
f 1704 1705 1744
f 1705 1745 1744
f 1705 1706 1746
f 1705 1746 1745
f 1706 1707 1746
f 1707 1747 1746
f 1707 1708 1748
f 1707 1748 1747
f 1708 1709 1748
f 1709 1749 1748
f 1709 1710 1750
f 1709 1750 1749
f 1710 1711 1750
f 1711 1751 1750
f 1711 1712 1752
f 1711 1752 1751
f 1712 1713 1752
f 1713 1753 1752
f 1713 1714 1754
f 1713 1754 1753
f 1714 1715 1754
f 1715 1755 1754
f 1715 1716 1756
f 1715 1756 1755
f 1716 1717 1756
f 1717 1757 1756
f 1717 1718 1758
f 1717 1758 1757
f 1718 1719 1758
f 1719 1759 1758
f 1719 1720 1760
f 1719 1760 1759
f 1720 1721 1760
f 1721 1761 1760
f 1721 1722 1762
f 1721 1762 1761
f 1722 1723 1762
f 1723 1763 1762
f 1724 1765 1764
f 1724 1725 1766
f 1724 1766 1765
f 1725 1726 1766
f 1726 1767 1766
f 1726 1727 1768
f 1726 1768 1767
f 1727 1728 1768
f 1728 1769 1768
f 1728 1729 1770
f 1728 1770 1769
f 1729 1730 1770
f 1730 1771 1770
f 1730 1731 1772
f 1730 1772 1771
f 1731 1732 1772
f 1732 1773 1772
f 1732 1733 1774
f 1732 1774 1773
f 1733 1734 1774
f 1734 1775 1774
f 1734 1735 1776
f 1734 1776 1775
f 1735 1736 1776
f 1736 1777 1776
f 1736 1737 1778
f 1736 1778 1777
f 1737 1738 1778
f 1738 1779 1778
f 1738 1739 1780
f 1738 1780 1779
f 1739 1740 1780
f 1740 1781 1780
f 1740 1741 1782
f 1740 1782 1781
f 1741 1742 1782
f 1742 1783 1782
f 1743 1744 1784
f 1744 1785 1784
f 1744 1745 1786
f 1744 1786 1785
f 1745 1746 1786
f 1746 1787 1786
f 1746 1747 1788
f 1746 1788 1787
f 1747 1748 1788
f 1748 1789 1788
f 1748 1749 1790
f 1748 1790 1789
f 1749 1750 1790
f 1750 1791 1790
f 1750 1751 1792
f 1750 1792 1791
f 1751 1752 1792
f 1752 1793 1792
f 1752 1753 1794
f 1752 1794 1793
f 1753 1754 1794
f 1754 1795 1794
f 1754 1755 1796
f 1754 1796 1795
f 1755 1756 1796
f 1756 1797 1796
f 1756 1757 1798
f 1756 1798 1797
f 1757 1758 1798
f 1758 1799 1798
f 1758 1759 1800
f 1758 1800 1799
f 1759 1760 1800
f 1760 1801 1800
f 1760 1761 1802
f 1760 1802 1801
f 1761 1762 1802
f 1762 1803 1802
f 1762 1763 1804
f 1762 1804 1803
f 1764 1806 1805
f 1764 1765 1807
f 1764 1807 1806
f 1765 1766 1807
f 1766 1808 1807
f 1766 1767 1809
f 1766 1809 1808
f 1767 1768 1809
f 1768 1810 1809
f 1768 1769 1811
f 1768 1811 1810
f 1769 1770 1811
f 1770 1812 1811
f 1770 1771 1813
f 1770 1813 1812
f 1771 1772 1813
f 1772 1814 1813
f 1772 1773 1815
f 1772 1815 1814
f 1773 1774 1815
f 1774 1816 1815
f 1774 1775 1817
f 1774 1817 1816
f 1775 1776 1817
f 1776 1818 1817
f 1776 1777 1819
f 1776 1819 1818
f 1777 1778 1819
f 1778 1820 1819
f 1778 1779 1821
f 1778 1821 1820
f 1779 1780 1821
f 1780 1822 1821
f 1780 1781 1823
f 1780 1823 1822
f 1781 1782 1823
f 1782 1824 1823
f 1782 1783 1825
f 1782 1825 1824
f 1784 1785 1827
f 1784 1827 1826
f 1785 1786 1827
f 1786 1828 1827
f 1786 1787 1829
f 1786 1829 1828
f 1787 1788 1829
f 1788 1830 1829
f 1788 1789 1831
f 1788 1831 1830
f 1789 1790 1831
f 1790 1832 1831
f 1790 1791 1833
f 1790 1833 1832
f 1791 1792 1833
f 1792 1834 1833
f 1792 1793 1835
f 1792 1835 1834
f 1793 1794 1835
f 1794 1836 1835
f 1794 1795 1837
f 1794 1837 1836
f 1795 1796 1837
f 1796 1838 1837
f 1796 1797 1839
f 1796 1839 1838
f 1797 1798 1839
f 1798 1840 1839
f 1798 1799 1841
f 1798 1841 1840
f 1799 1800 1841
f 1800 1842 1841
f 1800 1801 1843
f 1800 1843 1842
f 1801 1802 1843
f 1802 1844 1843
f 1802 1803 1845
f 1802 1845 1844
f 1803 1804 1845
f 1804 1846 1845
f 1805 1848 1847
f 1805 1806 1849
f 1805 1849 1848
f 1806 1807 1849
f 1807 1850 1849
f 1807 1808 1851
f 1807 1851 1850
f 1808 1809 1851
f 1809 1852 1851
f 1809 1810 1853
f 1809 1853 1852
f 1810 1811 1853
f 1811 1854 1853
f 1811 1812 1855
f 1811 1855 1854
f 1812 1813 1855
f 1813 1856 1855
f 1813 1814 1857
f 1813 1857 1856
f 1814 1815 1857
f 1815 1858 1857
f 1815 1816 1859
f 1815 1859 1858
f 1816 1817 1859
f 1817 1860 1859
f 1817 1818 1861
f 1817 1861 1860
f 1818 1819 1861
f 1819 1862 1861
f 1819 1820 1863
f 1819 1863 1862
f 1820 1821 1863
f 1821 1864 1863
f 1821 1822 1865
f 1821 1865 1864
f 1822 1823 1865
f 1823 1866 1865
f 1823 1824 1867
f 1823 1867 1866
f 1824 1825 1867
f 1826 1827 1868
f 1827 1869 1868
f 1827 1828 1870
f 1827 1870 1869
f 1828 1829 1870
f 1829 1871 1870
f 1829 1830 1872
f 1829 1872 1871
f 1830 1831 1872
f 1831 1873 1872
f 1831 1832 1874
f 1831 1874 1873
f 1832 1833 1874
f 1833 1875 1874
f 1833 1834 1876
f 1833 1876 1875
f 1834 1835 1876
f 1835 1877 1876
f 1835 1836 1878
f 1835 1878 1877
f 1836 1837 1878
f 1837 1879 1878
f 1837 1838 1880
f 1837 1880 1879
f 1838 1839 1880
f 1839 1881 1880
f 1839 1840 1882
f 1839 1882 1881
f 1840 1841 1882
f 1841 1883 1882
f 1841 1842 1884
f 1841 1884 1883
f 1842 1843 1884
f 1843 1885 1884
f 1843 1844 1886
f 1843 1886 1885
f 1844 1845 1886
f 1845 1887 1886
f 1845 1846 1888
f 1845 1888 1887
f 1847 1891 1890
f 1847 1848 1892
f 1847 1892 1891
f 1848 1849 1892
f 1849 1893 1892
f 1849 1850 1894
f 1849 1894 1893
f 1850 1851 1894
f 1851 1895 1894
f 1851 1852 1896
f 1851 1896 1895
f 1852 1853 1896
f 1853 1897 1896
f 1853 1854 1898
f 1853 1898 1897
f 1854 1855 1898
f 1855 1899 1898
f 1855 1856 1900
f 1855 1900 1899
f 1856 1857 1900
f 1857 1901 1900
f 1857 1858 1902
f 1857 1902 1901
f 1858 1859 1902
f 1859 1903 1902
f 1859 1860 1904
f 1859 1904 1903
f 1860 1861 1904
f 1861 1905 1904
f 1861 1862 1906
f 1861 1906 1905
f 1862 1863 1906
f 1863 1907 1906
f 1863 1864 1908
f 1863 1908 1907
f 1864 1865 1908
f 1865 1909 1908
f 1865 1866 1910
f 1865 1910 1909
f 1866 1867 1910
f 1867 1911 1910
f 1868 1913 1912
f 1868 1869 1914
f 1868 1914 1913
f 1869 1870 1914
f 1870 1915 1914
f 1870 1871 1916
f 1870 1916 1915
f 1871 1872 1916
f 1872 1917 1916
f 1872 1873 1918
f 1872 1918 1917
f 1873 1874 1918
f 1874 1919 1918
f 1874 1875 1920
f 1874 1920 1919
f 1875 1876 1920
f 1876 1921 1920
f 1876 1877 1922
f 1876 1922 1921
f 1877 1878 1922
f 1878 1923 1922
f 1878 1879 1924
f 1878 1924 1923
f 1879 1880 1924
f 1880 1925 1924
f 1880 1881 1926
f 1880 1926 1925
f 1881 1882 1926
f 1882 1927 1926
f 1882 1883 1928
f 1882 1928 1927
f 1883 1884 1928
f 1884 1929 1928
f 1884 1885 1930
f 1884 1930 1929
f 1885 1886 1930
f 1886 1931 1930
f 1886 1887 1932
f 1886 1932 1931
f 1887 1888 1932
f 1889 1934 1933
f 1889 1935 1934
f 1890 1936 1935
f 1890 1891 1937
f 1890 1937 1936
f 1891 1892 1937
f 1892 1938 1937
f 1892 1893 1939
f 1892 1939 1938
f 1893 1894 1939
f 1894 1940 1939
f 1894 1895 1941
f 1894 1941 1940
f 1895 1896 1941
f 1896 1942 1941
f 1896 1897 1943
f 1896 1943 1942
f 1897 1898 1943
f 1898 1944 1943
f 1898 1899 1945
f 1898 1945 1944
f 1899 1900 1945
f 1900 1946 1945
f 1900 1901 1947
f 1900 1947 1946
f 1901 1902 1947
f 1902 1948 1947
f 1902 1903 1949
f 1902 1949 1948
f 1903 1904 1949
f 1904 1950 1949
f 1904 1905 1951
f 1904 1951 1950
f 1905 1906 1951
f 1906 1952 1951
f 1906 1907 1953
f 1906 1953 1952
f 1907 1908 1953
f 1908 1954 1953
f 1908 1909 1955
f 1908 1955 1954
f 1909 1910 1955
f 1910 1956 1955
f 1910 1911 1957
f 1910 1957 1956
f 1912 1913 1959
f 1912 1959 1958
f 1913 1914 1959
f 1914 1960 1959
f 1914 1915 1961
f 1914 1961 1960
f 1915 1916 1961
f 1916 1962 1961
f 1916 1917 1963
f 1916 1963 1962
f 1917 1918 1963
f 1918 1964 1963
f 1918 1919 1965
f 1918 1965 1964
f 1919 1920 1965
f 1920 1966 1965
f 1920 1921 1967
f 1920 1967 1966
f 1921 1922 1967
f 1922 1968 1967
f 1922 1923 1969
f 1922 1969 1968
f 1923 1924 1969
f 1924 1970 1969
f 1924 1925 1971
f 1924 1971 1970
f 1925 1926 1971
f 1926 1972 1971
f 1926 1927 1973
f 1926 1973 1972
f 1927 1928 1973
f 1928 1974 1973
f 1928 1929 1975
f 1928 1975 1974
f 1929 1930 1975
f 1930 1976 1975
f 1930 1931 1977
f 1930 1977 1976
f 1931 1932 1977
f 1932 1978 1977
f 1932 1979 1978
f 1933 1981 1980
f 1933 1934 1982
f 1933 1982 1981
f 1934 1935 1982
f 1935 1983 1982
f 1935 1936 1984
f 1935 1984 1983
f 1936 1937 1984
f 1937 1985 1984
f 1937 1938 1986
f 1937 1986 1985
f 1938 1939 1986
f 1939 1987 1986
f 1939 1940 1988
f 1939 1988 1987
f 1940 1941 1988
f 1941 1989 1988
f 1941 1942 1990
f 1941 1990 1989
f 1942 1943 1990
f 1943 1991 1990
f 1943 1944 1992
f 1943 1992 1991
f 1944 1945 1992
f 1945 1993 1992
f 1945 1946 1994
f 1945 1994 1993
f 1946 1947 1994
f 1947 1995 1994
f 1947 1948 1996
f 1947 1996 1995
f 1948 1949 1996
f 1949 1997 1996
f 1949 1950 1998
f 1949 1998 1997
f 1950 1951 1998
f 1951 1999 1998
f 1951 1952 2000
f 1951 2000 1999
f 1952 1953 2000
f 1953 2001 2000
f 1953 1954 2002
f 1953 2002 2001
f 1954 1955 2002
f 1955 2003 2002
f 1955 1956 2004
f 1955 2004 2003
f 1958 1959 2005
f 1959 2006 2005
f 1959 1960 2007
f 1959 2007 2006
f 1960 1961 2007
f 1961 2008 2007
f 1961 1962 2009
f 1961 2009 2008
f 1962 1963 2009
f 1963 2010 2009
f 1963 1964 2011
f 1963 2011 2010
f 1964 1965 2011
f 1965 2012 2011
f 1965 1966 2013
f 1965 2013 2012
f 1966 1967 2013
f 1967 2014 2013
f 1967 1968 2015
f 1967 2015 2014
f 1968 1969 2015
f 1969 2016 2015
f 1969 1970 2017
f 1969 2017 2016
f 1970 1971 2017
f 1971 2018 2017
f 1971 1972 2019
f 1971 2019 2018
f 1972 1973 2019
f 1973 2020 2019
f 1973 1974 2021
f 1973 2021 2020
f 1974 1975 2021
f 1975 2022 2021
f 1975 1976 2023
f 1975 2023 2022
f 1976 1977 2023
f 1977 2024 2023
f 1977 1978 2025
f 1977 2025 2024
f 1978 1979 2025
f 1979 2026 2025
f 1979 2027 2026
f 1980 2028 2027
f 1980 1981 2029
f 1980 2029 2028
f 1981 1982 2029
f 1982 2030 2029
f 1982 1983 2031
f 1982 2031 2030
f 1983 1984 2031
f 1984 2032 2031
f 1984 1985 2033
f 1984 2033 2032
f 1985 1986 2033
f 1986 2034 2033
f 1986 1987 2035
f 1986 2035 2034
f 1987 1988 2035
f 1988 2036 2035
f 1988 1989 2037
f 1988 2037 2036
f 1989 1990 2037
f 1990 2038 2037
f 1990 1991 2039
f 1990 2039 2038
f 1991 1992 2039
f 1992 2040 2039
f 1992 1993 2041
f 1992 2041 2040
f 1993 1994 2041
f 1994 2042 2041
f 1994 1995 2043
f 1994 2043 2042
f 1995 1996 2043
f 1996 2044 2043
f 1996 1997 2045
f 1996 2045 2044
f 1997 1998 2045
f 1998 2046 2045
f 1998 1999 2047
f 1998 2047 2046
f 1999 2000 2047
f 2000 2048 2047
f 2000 2001 2049
f 2000 2049 2048
f 2001 2002 2049
f 2002 2050 2049
f 2002 2003 2051
f 2002 2051 2050
f 2003 2004 2051
f 2005 2053 2052
f 2005 2006 2054
f 2005 2054 2053
f 2006 2007 2054
f 2007 2055 2054
f 2007 2008 2056
f 2007 2056 2055
f 2008 2009 2056
f 2009 2057 2056
f 2009 2010 2058
f 2009 2058 2057
f 2010 2011 2058
f 2011 2059 2058
f 2011 2012 2060
f 2011 2060 2059
f 2012 2013 2060
f 2013 2061 2060
f 2013 2014 2062
f 2013 2062 2061
f 2014 2015 2062
f 2015 2063 2062
f 2015 2016 2064
f 2015 2064 2063
f 2016 2017 2064
f 2017 2065 2064
f 2017 2018 2066
f 2017 2066 2065
f 2018 2019 2066
f 2019 2067 2066
f 2019 2020 2068
f 2019 2068 2067
f 2020 2021 2068
f 2021 2069 2068
f 2021 2022 2070
f 2021 2070 2069
f 2022 2023 2070
f 2023 2071 2070
f 2023 2024 2072
f 2023 2072 2071
f 2024 2025 2072
f 2025 2073 2072
f 2025 2026 2074
f 2025 2074 2073
f 2026 2027 2074
f 2027 2075 2074
f 2027 2028 2076
f 2027 2076 2075
f 2028 2029 2076
f 2029 2077 2076
f 2029 2030 2078
f 2029 2078 2077
f 2030 2031 2078
f 2031 2079 2078
f 2031 2032 2080
f 2031 2080 2079
f 2032 2033 2080
f 2033 2081 2080
f 2033 2034 2082
f 2033 2082 2081
f 2034 2035 2082
f 2035 2083 2082
f 2035 2036 2084
f 2035 2084 2083
f 2036 2037 2084
f 2037 2085 2084
f 2037 2038 2086
f 2037 2086 2085
f 2038 2039 2086
f 2039 2087 2086
f 2039 2040 2088
f 2039 2088 2087
f 2040 2041 2088
f 2041 2089 2088
f 2041 2042 2090
f 2041 2090 2089
f 2042 2043 2090
f 2043 2091 2090
f 2043 2044 2092
f 2043 2092 2091
f 2044 2045 2092
f 2045 2093 2092
f 2045 2046 2094
f 2045 2094 2093
f 2046 2047 2094
f 2047 2095 2094
f 2047 2048 2096
f 2047 2096 2095
f 2048 2049 2096
f 2049 2097 2096
f 2049 2050 2098
f 2049 2098 2097
f 2050 2051 2098
f 2052 2053 2101
f 2052 2101 2100
f 2053 2054 2101
f 2054 2102 2101
f 2054 2055 2103
f 2054 2103 2102
f 2055 2056 2103
f 2056 2104 2103
f 2056 2057 2105
f 2056 2105 2104
f 2057 2058 2105
f 2058 2106 2105
f 2058 2059 2107
f 2058 2107 2106
f 2059 2060 2107
f 2060 2108 2107
f 2060 2061 2109
f 2060 2109 2108
f 2061 2062 2109
f 2062 2110 2109
f 2062 2063 2111
f 2062 2111 2110
f 2063 2064 2111
f 2064 2112 2111
f 2064 2065 2113
f 2064 2113 2112
f 2065 2066 2113
f 2066 2114 2113
f 2066 2067 2115
f 2066 2115 2114
f 2067 2068 2115
f 2068 2116 2115
f 2068 2069 2117
f 2068 2117 2116
f 2069 2070 2117
f 2070 2118 2117
f 2070 2071 2119
f 2070 2119 2118
f 2071 2072 2119
f 2072 2120 2119
f 2072 2073 2121
f 2072 2121 2120
f 2073 2074 2121
f 2074 2122 2121
f 2074 2075 2123
f 2074 2123 2122
f 2075 2076 2123
f 2076 2124 2123
f 2076 2077 2125
f 2076 2125 2124
f 2077 2078 2125
f 2078 2126 2125
f 2078 2079 2127
f 2078 2127 2126
f 2079 2080 2127
f 2080 2128 2127
f 2080 2081 2129
f 2080 2129 2128
f 2081 2082 2129
f 2082 2130 2129
f 2082 2083 2131
f 2082 2131 2130
f 2083 2084 2131
f 2084 2132 2131
f 2084 2085 2133
f 2084 2133 2132
f 2085 2086 2133
f 2086 2134 2133
f 2086 2087 2135
f 2086 2135 2134
f 2087 2088 2135
f 2088 2136 2135
f 2088 2089 2137
f 2088 2137 2136
f 2089 2090 2137
f 2090 2138 2137
f 2090 2091 2139
f 2090 2139 2138
f 2091 2092 2139
f 2092 2140 2139
f 2092 2093 2141
f 2092 2141 2140
f 2093 2094 2141
f 2094 2142 2141
f 2094 2095 2143
f 2094 2143 2142
f 2095 2096 2143
f 2096 2144 2143
f 2096 2097 2145
f 2096 2145 2144
f 2097 2098 2145
f 2099 2100 2147
f 2099 2147 2146
f 2100 2101 2147
f 2101 2148 2147
f 2101 2102 2149
f 2101 2149 2148
f 2102 2103 2149
f 2103 2150 2149
f 2103 2104 2151
f 2103 2151 2150
f 2104 2105 2151
f 2105 2152 2151
f 2105 2106 2153
f 2105 2153 2152
f 2106 2107 2153
f 2107 2154 2153
f 2107 2108 2155
f 2107 2155 2154
f 2108 2109 2155
f 2109 2156 2155
f 2109 2110 2157
f 2109 2157 2156
f 2110 2111 2157
f 2111 2158 2157
f 2111 2112 2159
f 2111 2159 2158
f 2112 2113 2159
f 2113 2160 2159
f 2113 2114 2161
f 2113 2161 2160
f 2114 2115 2161
f 2115 2162 2161
f 2115 2116 2163
f 2115 2163 2162
f 2116 2117 2163
f 2117 2164 2163
f 2117 2118 2165
f 2117 2165 2164
f 2118 2119 2165
f 2119 2166 2165
f 2119 2120 2167
f 2119 2167 2166
f 2120 2121 2167
f 2121 2168 2167
f 2121 2122 2169
f 2121 2169 2168
f 2122 2123 2169
f 2123 2170 2169
f 2123 2124 2171
f 2123 2171 2170
f 2124 2125 2171
f 2125 2172 2171
f 2125 2126 2173
f 2125 2173 2172
f 2126 2127 2173
f 2127 2174 2173
f 2127 2128 2175
f 2127 2175 2174
f 2128 2129 2175
f 2129 2176 2175
f 2129 2130 2177
f 2129 2177 2176
f 2130 2131 2177
f 2131 2178 2177
f 2131 2132 2179
f 2131 2179 2178
f 2132 2133 2179
f 2133 2180 2179
f 2133 2134 2181
f 2133 2181 2180
f 2134 2135 2181
f 2135 2182 2181
f 2135 2136 2183
f 2135 2183 2182
f 2136 2137 2183
f 2137 2184 2183
f 2137 2138 2185
f 2137 2185 2184
f 2138 2139 2185
f 2139 2186 2185
f 2139 2140 2187
f 2139 2187 2186
f 2140 2141 2187
f 2141 2188 2187
f 2141 2142 2189
f 2141 2189 2188
f 2142 2143 2189
f 2143 2190 2189
f 2143 2144 2191
f 2143 2191 2190
f 2144 2145 2191
f 2146 2147 2192
f 2147 2193 2192
f 2147 2148 2194
f 2147 2194 2193
f 2148 2149 2194
f 2149 2195 2194
f 2149 2150 2196
f 2149 2196 2195
f 2150 2151 2196
f 2151 2197 2196
f 2151 2152 2198
f 2151 2198 2197
f 2152 2153 2198
f 2153 2199 2198
f 2153 2154 2200
f 2153 2200 2199
f 2154 2155 2200
f 2155 2201 2200
f 2155 2156 2202
f 2155 2202 2201
f 2156 2157 2202
f 2157 2203 2202
f 2157 2158 2204
f 2157 2204 2203
f 2158 2159 2204
f 2159 2205 2204
f 2159 2160 2206
f 2159 2206 2205
f 2160 2161 2206
f 2161 2207 2206
f 2161 2162 2208
f 2161 2208 2207
f 2162 2163 2208
f 2163 2209 2208
f 2163 2164 2210
f 2163 2210 2209
f 2164 2165 2210
f 2165 2211 2210
f 2165 2166 2212
f 2165 2212 2211
f 2166 2167 2212
f 2167 2213 2212
f 2167 2168 2214
f 2167 2214 2213
f 2168 2169 2214
f 2169 2215 2214
f 2169 2170 2216
f 2169 2216 2215
f 2170 2171 2216
f 2171 2217 2216
f 2171 2172 2218
f 2171 2218 2217
f 2172 2173 2218
f 2173 2219 2218
f 2173 2174 2220
f 2173 2220 2219
f 2174 2175 2220
f 2175 2221 2220
f 2175 2176 2222
f 2175 2222 2221
f 2176 2177 2222
f 2177 2223 2222
f 2177 2178 2224
f 2177 2224 2223
f 2178 2179 2224
f 2179 2225 2224
f 2179 2180 2226
f 2179 2226 2225
f 2180 2181 2226
f 2181 2227 2226
f 2181 2182 2228
f 2181 2228 2227
f 2182 2183 2228
f 2183 2229 2228
f 2183 2184 2230
f 2183 2230 2229
f 2184 2185 2230
f 2185 2231 2230
f 2185 2186 2232
f 2185 2232 2231
f 2186 2187 2232
f 2187 2233 2232
f 2187 2188 2234
f 2187 2234 2233
f 2188 2189 2234
f 2189 2235 2234
f 2189 2190 2236
f 2189 2236 2235
f 2190 2191 2236
f 2192 2238 2237
f 2192 2193 2239
f 2192 2239 2238
f 2193 2194 2239
f 2194 2240 2239
f 2194 2195 2241
f 2194 2241 2240
f 2195 2196 2241
f 2196 2242 2241
f 2196 2197 2243
f 2196 2243 2242
f 2197 2198 2243
f 2198 2244 2243
f 2198 2199 2245
f 2198 2245 2244
f 2199 2200 2245
f 2200 2246 2245
f 2200 2201 2247
f 2200 2247 2246
f 2201 2202 2247
f 2202 2248 2247
f 2202 2203 2249
f 2202 2249 2248
f 2203 2204 2249
f 2204 2250 2249
f 2204 2205 2251
f 2204 2251 2250
f 2205 2206 2251
f 2206 2252 2251
f 2206 2207 2253
f 2206 2253 2252
f 2207 2208 2253
f 2208 2254 2253
f 2208 2209 2255
f 2208 2255 2254
f 2209 2210 2255
f 2210 2256 2255
f 2210 2211 2257
f 2210 2257 2256
f 2211 2212 2257
f 2212 2258 2257
f 2212 2213 2259
f 2212 2259 2258
f 2213 2214 2259
f 2214 2260 2259
f 2214 2215 2261
f 2214 2261 2260
f 2215 2216 2261
f 2216 2262 2261
f 2216 2217 2263
f 2216 2263 2262
f 2217 2218 2263
f 2218 2264 2263
f 2218 2219 2265
f 2218 2265 2264
f 2219 2220 2265
f 2220 2266 2265
f 2220 2221 2267
f 2220 2267 2266
f 2221 2222 2267
f 2222 2268 2267
f 2222 2223 2269
f 2222 2269 2268
f 2223 2224 2269
f 2224 2270 2269
f 2224 2225 2271
f 2224 2271 2270
f 2225 2226 2271
f 2226 2272 2271
f 2226 2227 2273
f 2226 2273 2272
f 2227 2228 2273
f 2228 2274 2273
f 2228 2229 2275
f 2228 2275 2274
f 2229 2230 2275
f 2230 2276 2275
f 2230 2231 2277
f 2230 2277 2276
f 2231 2232 2277
f 2232 2278 2277
f 2232 2233 2279
f 2232 2279 2278
f 2233 2234 2279
f 2234 2280 2279
f 2234 2235 2281
f 2234 2281 2280
f 2237 2238 2282
f 2238 2239 2282
f 2239 2283 2282
f 2239 2240 2284
f 2239 2284 2283
f 2240 2241 2284
f 2241 2285 2284
f 2241 2242 2286
f 2241 2286 2285
f 2242 2243 2286
f 2243 2287 2286
f 2243 2244 2288
f 2243 2288 2287
f 2244 2245 2288
f 2245 2289 2288
f 2245 2246 2290
f 2245 2290 2289
f 2246 2247 2290
f 2247 2291 2290
f 2247 2248 2292
f 2247 2292 2291
f 2248 2249 2292
f 2249 2293 2292
f 2249 2250 2294
f 2249 2294 2293
f 2250 2251 2294
f 2251 2295 2294
f 2251 2252 2296
f 2251 2296 2295
f 2252 2253 2296
f 2253 2297 2296
f 2253 2254 2298
f 2253 2298 2297
f 2254 2255 2298
f 2255 2299 2298
f 2255 2256 2300
f 2255 2300 2299
f 2256 2257 2300
f 2257 2301 2300
f 2257 2258 2302
f 2257 2302 2301
f 2258 2259 2302
f 2259 2303 2302
f 2259 2260 2304
f 2259 2304 2303
f 2260 2261 2304
f 2261 2305 2304
f 2261 2262 2306
f 2261 2306 2305
f 2262 2263 2306
f 2263 2307 2306
f 2263 2264 2308
f 2263 2308 2307
f 2264 2265 2308
f 2265 2309 2308
f 2265 2266 2310
f 2265 2310 2309
f 2266 2267 2310
f 2267 2311 2310
f 2267 2268 2312
f 2267 2312 2311
f 2268 2269 2312
f 2269 2313 2312
f 2269 2270 2314
f 2269 2314 2313
f 2270 2271 2314
f 2271 2315 2314
f 2271 2272 2316
f 2271 2316 2315
f 2272 2273 2316
f 2273 2317 2316
f 2273 2274 2318
f 2273 2318 2317
f 2274 2275 2318
f 2275 2319 2318
f 2275 2276 2320
f 2275 2320 2319
f 2276 2277 2320
f 2277 2321 2320
f 2277 2278 2322
f 2277 2322 2321
f 2278 2279 2322
f 2279 2323 2322
f 2279 2280 2324
f 2279 2324 2323
f 2282 2283 2325
f 2283 2284 2325
f 2284 2326 2325
f 2284 2285 2327
f 2284 2327 2326
f 2285 2286 2327
f 2286 2328 2327
f 2286 2287 2329
f 2286 2329 2328
f 2287 2288 2329
f 2288 2330 2329
f 2288 2289 2331
f 2288 2331 2330
f 2289 2290 2331
f 2290 2332 2331
f 2290 2291 2333
f 2290 2333 2332
f 2291 2292 2333
f 2292 2334 2333
f 2292 2293 2335
f 2292 2335 2334
f 2293 2294 2335
f 2294 2336 2335
f 2294 2295 2337
f 2294 2337 2336
f 2295 2296 2337
f 2296 2338 2337
f 2296 2297 2339
f 2296 2339 2338
f 2297 2298 2339
f 2298 2340 2339
f 2298 2299 2341
f 2298 2341 2340
f 2299 2300 2341
f 2300 2342 2341
f 2300 2301 2343
f 2300 2343 2342
f 2301 2302 2343
f 2302 2344 2343
f 2302 2303 2345
f 2302 2345 2344
f 2303 2304 2345
f 2304 2346 2345
f 2304 2305 2347
f 2304 2347 2346
f 2305 2306 2347
f 2306 2348 2347
f 2306 2307 2349
f 2306 2349 2348
f 2307 2308 2349
f 2308 2350 2349
f 2308 2309 2351
f 2308 2351 2350
f 2309 2310 2351
f 2310 2352 2351
f 2310 2311 2353
f 2310 2353 2352
f 2311 2312 2353
f 2312 2354 2353
f 2312 2313 2355
f 2312 2355 2354
f 2313 2314 2355
f 2314 2356 2355
f 2314 2315 2357
f 2314 2357 2356
f 2315 2316 2357
f 2316 2358 2357
f 2316 2317 2359
f 2316 2359 2358
f 2317 2318 2359
f 2318 2360 2359
f 2318 2319 2361
f 2318 2361 2360
f 2319 2320 2361
f 2320 2362 2361
f 2320 2321 2363
f 2320 2363 2362
f 2321 2322 2363
f 2328 2329 2364
f 2329 2365 2364
f 2329 2330 2366
f 2329 2366 2365
f 2330 2331 2366
f 2331 2367 2366
f 2331 2332 2368
f 2331 2368 2367
f 2332 2333 2368
f 2333 2369 2368
f 2333 2334 2370
f 2333 2370 2369
f 2334 2335 2370
f 2335 2371 2370
f 2335 2336 2372
f 2335 2372 2371
f 2336 2337 2372
f 2337 2373 2372
f 2337 2338 2374
f 2337 2374 2373
f 2338 2339 2374
f 2339 2375 2374
f 2339 2340 2376
f 2339 2376 2375
f 2340 2341 2376
f 2341 2377 2376
f 2341 2342 2378
f 2341 2378 2377
f 2342 2343 2378
f 2343 2379 2378
f 2343 2344 2380
f 2343 2380 2379
f 2344 2345 2380
f 2345 2381 2380
f 2345 2346 2382
f 2345 2382 2381
f 2346 2347 2382
f 2347 2383 2382
f 2347 2348 2384
f 2347 2384 2383
f 2348 2349 2384
f 2349 2385 2384
f 2349 2350 2386
f 2349 2386 2385
f 2350 2351 2386
f 2351 2387 2386
f 2351 2352 2388
f 2351 2388 2387
f 2352 2353 2388
f 2353 2389 2388
f 2353 2354 2390
f 2353 2390 2389
f 2354 2355 2390
f 2355 2391 2390
f 2355 2356 2392
f 2355 2392 2391
f 2356 2357 2392
f 2357 2393 2392
f 2357 2358 2394
f 2357 2394 2393
f 2358 2359 2394
f 2359 2395 2394
f 2359 2360 2396
f 2359 2396 2395
f 2360 2361 2396
f 2367 2368 2397
f 2368 2398 2397
f 2368 2369 2399
f 2368 2399 2398
f 2369 2370 2399
f 2370 2400 2399
f 2370 2371 2401
f 2370 2401 2400
f 2371 2372 2401
f 2372 2402 2401
f 2372 2373 2403
f 2372 2403 2402
f 2373 2374 2403
f 2374 2404 2403
f 2374 2375 2405
f 2374 2405 2404
f 2375 2376 2405
f 2376 2406 2405
f 2376 2377 2407
f 2376 2407 2406
f 2377 2378 2407
f 2378 2408 2407
f 2378 2379 2409
f 2378 2409 2408
f 2379 2380 2409
f 2380 2410 2409
f 2380 2381 2411
f 2380 2411 2410
f 2381 2382 2411
f 2382 2412 2411
f 2382 2383 2413
f 2382 2413 2412
f 2383 2384 2413
f 2384 2414 2413
f 2384 2385 2415
f 2384 2415 2414
f 2385 2386 2415
f 2386 2416 2415
f 2386 2387 2417
f 2386 2417 2416
f 2387 2388 2417
f 2388 2418 2417
f 2388 2389 2419
f 2388 2419 2418
f 2389 2390 2419
f 2390 2420 2419
f 2390 2391 2421
f 2390 2421 2420
f 2391 2392 2421
f 2392 2422 2421
f 2392 2393 2423
f 2392 2423 2422
f 2393 2394 2423
f 2399 2400 2424
f 2400 2401 2424
f 2401 2425 2424
f 2401 2402 2426
f 2401 2426 2425
f 2402 2403 2426
f 2403 2427 2426
f 2403 2404 2428
f 2403 2428 2427
f 2404 2405 2428
f 2405 2429 2428
f 2405 2406 2430
f 2405 2430 2429
f 2406 2407 2430
f 2407 2431 2430
f 2407 2408 2432
f 2407 2432 2431
f 2408 2409 2432
f 2409 2433 2432
f 2409 2410 2434
f 2409 2434 2433
f 2410 2411 2434
f 2411 2435 2434
f 2411 2412 2436
f 2411 2436 2435
f 2412 2413 2436
f 2413 2437 2436
f 2413 2414 2438
f 2413 2438 2437
f 2414 2415 2438
f 2415 2439 2438
f 2415 2416 2440
f 2415 2440 2439
f 2416 2417 2440
f 2417 2441 2440
f 2417 2418 2442
f 2417 2442 2441
f 2418 2419 2442
f 2419 2443 2442
f 2419 2420 2444
f 2419 2444 2443
f 2420 2421 2444
f 2426 2427 2445
f 2427 2428 2445
f 2428 2446 2445
f 2428 2429 2447
f 2428 2447 2446
f 2429 2430 2447
f 2430 2448 2447
f 2430 2431 2449
f 2430 2449 2448
f 2431 2432 2449
f 2432 2450 2449
f 2432 2433 2451
f 2432 2451 2450
f 2433 2434 2451
f 2434 2452 2451
f 2434 2435 2453
f 2434 2453 2452
f 2435 2436 2453
f 2436 2454 2453
f 2436 2437 2455
f 2436 2455 2454
f 2437 2438 2455
f 2438 2456 2455
f 2438 2439 2457
f 2438 2457 2456
f 2439 2440 2457
f 2440 2458 2457
f 2440 2441 2459
f 2440 2459 2458
f 2441 2442 2459
f 2448 2449 2460
f 2449 2461 2460
f 2449 2450 2462
f 2449 2462 2461
f 2450 2451 2462
f 2451 2463 2462
f 2451 2452 2464
f 2451 2464 2463
f 2452 2453 2464
f 2453 2465 2464
f 2453 2454 2466
f 2453 2466 2465
f 2454 2455 2466
f 2455 2467 2466
f 2455 2456 2468
f 2455 2468 2467
f 2456 2457 2468
f 747 2469 789
f 2469 2470 789
f 789 2470 2471
f 789 2471 830
f 830 2471 870
f 2471 2472 870
f 870 2472 2473
f 870 2473 909
f 909 2473 949
f 2473 2474 949
f 949 2474 2475
f 949 2475 988
f 988 2475 1028
f 2475 2476 1028
f 1028 2476 2477
f 1028 2477 1067
f 1067 2477 1106
f 1502 2478 1542
f 1542 2478 1582
f 2478 2479 1582
f 1582 2479 2480
f 1582 2480 1622
f 1622 2480 1662
f 2480 2481 1662
f 1662 2481 2482
f 1662 2482 1702
f 1702 2482 1742
