####
#
# OBJ File Generated by Meshlab
#
####
# Object template_nose_wo_nostrils.obj
#
# Vertices: 3256
# Faces: 6241
#
####
vn -0.7283576 0.4795595 1.9767227
v -0.3311220 0.0297270 0.9889870
vn -1.0673027 0.6510617 2.9033175
v -0.3314820 0.0205900 0.9910410
vn -1.0629299 0.5603017 2.9019997
v -0.3319290 0.0113770 0.9927960
vn -1.0745635 0.4876643 2.9300804
v -0.3322860 0.0021220 0.9943160
vn -1.0543243 0.4096817 2.9317107
v -0.3327320 -0.0073150 0.9956060
vn -1.0446663 0.3438569 2.9595900
v -0.3331260 -0.0167770 0.9967260
vn -1.0357013 0.2554034 2.9558005
v -0.3335710 -0.0263970 0.9975220
vn -1.0354601 0.1954717 2.9794726
v -0.3339600 -0.0360310 0.9981300
vn -0.7125920 0.0895314 2.0700288
v -0.3344590 -0.0457910 0.9984850
vn -0.6932999 0.6667821 1.9259003
v -0.3172780 0.0737730 0.9807640
vn -1.0126067 0.9436537 2.8203464
v -0.3176230 0.0651460 0.9835860
vn -1.0211494 0.8975008 2.8471806
v -0.3179330 0.0564820 0.9863070
vn -1.0109949 0.8455952 2.8521156
v -0.3183140 0.0475610 0.9888930
vn -1.3457580 1.0018362 3.7837553
v -0.3186520 0.0385990 0.9913460
vn -2.0673015 1.4088383 5.7628980
v -0.3188680 0.0294770 0.9935740
vn -2.0521200 1.2637522 5.8006120
v -0.3190420 0.0203320 0.9956720
vn -2.0339637 1.1157010 5.8375063
v -0.3194400 0.0111060 0.9974040
vn -2.0199704 0.9363772 5.8722167
v -0.3197800 0.0018480 0.9989480
vn -1.9958053 0.7845155 5.9037981
v -0.3201030 -0.0075980 1.0001810
vn -1.9690756 0.6403580 5.9291086
v -0.3203800 -0.0170610 1.0012580
vn -1.9480470 0.4917997 5.9506192
v -0.3208600 -0.0266910 1.0020020
vn -1.9255372 0.3442779 5.9676633
v -0.3212840 -0.0363310 1.0025550
vn -1.9003241 0.2050170 5.9827247
v -0.3216810 -0.0461570 1.0028630
vn -1.1810384 0.0508262 3.9371338
v -0.3220300 -0.0559830 1.0029920
vn -0.8538054 -0.0268662 3.0235419
v -0.3225730 -0.0656710 1.0028580
vn -0.5942833 -0.0499027 2.1061876
v -0.3230660 -0.0753490 1.0025320
vn -0.6810251 0.7364328 1.8896024
v -0.3047630 0.0992900 0.9757870
vn -1.0032556 1.0543389 2.7834039
v -0.3050510 0.0908220 0.9789520
vn -1.3261619 1.3400056 3.6970987
v -0.3052990 0.0822320 0.9820450
vn -2.0105925 1.9611292 5.6201038
v -0.3055230 0.0736090 0.9850620
vn -2.0201850 1.8856637 5.6427217
v -0.3057160 0.0649100 0.9879400
vn -2.0345995 1.7716467 5.6735601
v -0.3058860 0.0561880 0.9907530
vn -2.0161839 1.6456703 5.7185965
v -0.3060440 0.0472450 0.9933360
vn -1.9982690 1.5224531 5.7580805
v -0.3061660 0.0382720 0.9958170
vn -1.9787971 1.3681734 5.8037109
v -0.3062490 0.0292060 0.9980340
vn -1.9539952 1.2113087 5.8459682
v -0.3062760 0.0201010 1.0000780
vn -1.9102085 1.0411012 5.8935528
v -0.3064890 0.0108210 1.0017610
vn -1.8680135 0.8800312 5.9325562
v -0.3066480 0.0015050 1.0032530
vn -1.8274887 0.7186813 5.9673719
v -0.3070090 -0.0079130 1.0043750
vn -1.7781396 0.5867559 5.9957585
v -0.3073350 -0.0173470 1.0053400
vn -1.7310865 0.4224936 6.0232024
v -0.3076980 -0.0269800 1.0060340
vn -1.6770296 0.2918840 6.0454588
v -0.3080030 -0.0366260 1.0065380
vn -1.6355684 0.1390049 6.0619392
v -0.3084110 -0.0464430 1.0067739
vn -1.5923171 0.0187647 6.0752053
v -0.3087650 -0.0562610 1.0068020
vn -1.5658827 -0.0921764 6.0812650
v -0.3093470 -0.0659940 1.0065900
vn -1.5430288 -0.1746251 6.0852609
v -0.3099190 -0.0757150 1.0062270
vn -0.7407448 -0.1226805 3.0644891
v -0.3106830 -0.0855970 1.0056880
vn -0.7092848 0.7934697 1.8719246
v -0.2925980 0.1241320 0.9700450
vn -1.0391333 1.1316460 2.7398591
v -0.2928770 0.1157910 0.9734070
vn -1.3610721 1.4639233 3.6404822
v -0.2931390 0.1074270 0.9767360
vn -2.0344040 2.1692755 5.5347061
v -0.2933510 0.0989970 0.9800160
vn -2.0386486 2.0921347 5.5627174
v -0.2935320 0.0905340 0.9832130
vn -2.0351079 2.0162544 5.5920200
v -0.2936560 0.0819960 0.9863040
vn -2.0290372 1.9452157 5.6192908
v -0.2937490 0.0734220 0.9893040
vn -2.0149889 1.8866401 5.6442370
v -0.2938010 0.0646660 0.9922740
vn -1.9978927 1.7354760 5.6972980
v -0.2938200 0.0558780 0.9951430
vn -1.9717991 1.6002138 5.7467051
v -0.2937550 0.0469170 0.9977280
vn -1.9315914 1.4561725 5.7971172
v -0.2936560 0.0379250 1.0001990
vn -1.8853294 1.3137559 5.8468704
v -0.2935840 0.0288970 1.0023381
vn -1.8349075 1.1282363 5.8992286
v -0.2934650 0.0198390 1.0043250
vn -1.7768779 0.9593496 5.9484296
v -0.2934830 0.0104960 1.0059080
vn -1.7126451 0.7882066 5.9900718
v -0.2934580 0.0011310 1.0073450
vn -1.6488556 0.6221443 6.0281382
v -0.2938540 -0.0082550 1.0083129
vn -1.5757352 0.4701056 6.0606723
v -0.2942010 -0.0176600 1.0090820
vn -1.4959840 0.3176814 6.0905385
v -0.2944290 -0.0272950 1.0096540
vn -1.4174017 0.1702850 6.1152511
v -0.2946070 -0.0369300 1.0099880
vn -1.3449030 0.0523081 6.1342659
v -0.2950090 -0.0467220 1.0100670
vn -1.2952958 -0.0628471 6.1443558
v -0.2953790 -0.0565080 1.0099860
vn -1.2508984 -0.1607349 6.1521096
v -0.2960140 -0.0662720 1.0096689
vn -1.2278944 -0.2352941 6.1546359
v -0.2966310 -0.0760200 1.0092220
vn -1.2185260 -0.3055583 6.1541910
v -0.2975070 -0.0859510 1.0085959
vn -0.7914404 -0.2036416 4.0626783
v -0.2983890 -0.0958630 1.0078890
vn -0.6159121 -0.1701165 3.0765672
v -0.2994470 -0.1057020 1.0071120
vn -0.3015870 -0.0604270 1.4528677
v -0.3005190 -0.1155440 1.0063720
vn -0.6779505 0.8569135 1.8556460
v -0.2807850 0.1488270 0.9635820
vn -1.0294548 1.2062147 2.7174597
v -0.2809820 0.1406470 0.9671330
vn -1.3628933 1.5853450 3.5758383
v -0.2812250 0.1323660 0.9707230
vn -2.0770004 2.3355761 5.4503784
v -0.2814560 0.1240650 0.9742930
vn -2.0887673 2.2629974 5.4766903
v -0.2816730 0.1157190 0.9776860
vn -2.0931289 2.2051363 5.4983940
v -0.2818780 0.1073540 0.9810440
vn -2.0828249 2.1432908 5.5268579
v -0.2819520 0.0988890 0.9843290
vn -2.0736868 2.0714667 5.5571737
v -0.2820090 0.0904090 0.9875760
vn -2.0675035 1.9906015 5.5893331
v -0.2820040 0.0818270 0.9906690
vn -2.0602241 1.9052956 5.6211410
v -0.2819800 0.0732260 0.9937100
vn -2.0178609 1.8090595 5.6684351
v -0.2818460 0.0644450 0.9966170
vn -1.9797146 1.6684241 5.7237682
v -0.2816790 0.0556350 0.9994260
vn -1.9318055 1.5171169 5.7827735
v -0.2813720 0.0467100 1.0019500
vn -1.8793457 1.3670537 5.8361573
v -0.2810240 0.0377510 1.0043470
vn -1.8065754 1.2009925 5.8961167
v -0.2807080 0.0286770 1.0063870
vn -1.7359058 1.0235105 5.9491835
v -0.2803460 0.0195710 1.0082700
vn -1.6502106 0.8304620 6.0044050
v -0.2800840 0.0102750 1.0097320
vn -1.5559769 0.6630259 6.0488391
v -0.2797760 0.0009540 1.0110281
vn -1.4574474 0.4785216 6.0915070
v -0.2797600 -0.0084980 1.0118710
vn -1.3603247 0.3297404 6.1222649
v -0.2797160 -0.0179640 1.0125639
vn -1.2577809 0.1559398 6.1517639
v -0.2798170 -0.0275910 1.0128840
vn -1.1576988 0.0379325 6.1734185
v -0.2798960 -0.0372110 1.0130260
vn -1.0705304 -0.0755203 6.1884580
v -0.2803070 -0.0469350 1.0129100
vn -0.9858971 -0.1610735 6.2002902
v -0.2807100 -0.0566530 1.0126820
vn -0.9467173 -0.2450152 6.2042489
v -0.2814390 -0.0664670 1.0122221
vn -0.9144676 -0.2789587 6.2084560
v -0.2821660 -0.0762620 1.0116740
vn -0.9649940 -0.2644280 6.2017250
v -0.2832010 -0.0861820 1.0110770
vn -1.0232967 -0.2532852 6.1932173
v -0.2842410 -0.0960990 1.0104800
vn -1.1562796 -0.1757310 6.1722665
v -0.2854880 -0.1060730 1.0098860
vn -0.9719329 -0.0800597 4.6290784
v -0.2867480 -0.1160510 1.0093760
vn -0.4890600 0.0873400 2.1388202
v -0.2872840 -0.1262580 1.0092300
vn -0.4610838 0.5644637 1.2948720
v -0.2691130 0.1730060 0.9571010
vn -1.0210875 1.1554232 2.7353864
v -0.2693170 0.1649420 0.9603510
vn -1.3690739 1.6476520 3.5184295
v -0.2695580 0.1569290 0.9637370
vn -2.0718179 2.5410936 5.3578691
v -0.2697310 0.1487220 0.9675740
vn -2.1331928 2.4653518 5.3704100
v -0.2698940 0.1405060 0.9713960
vn -2.1614180 2.4041283 5.3871193
v -0.2701240 0.1322750 0.9750200
vn -2.1682940 2.3225503 5.4201865
v -0.2703250 0.1240120 0.9785840
vn -2.1683435 2.2484391 5.4514675
v -0.2704890 0.1156650 0.9820120
vn -2.1602833 2.1741538 5.4846873
v -0.2706240 0.1072850 0.9853640
vn -2.1477017 2.1051826 5.5165405
v -0.2705630 0.0987920 0.9886800
vn -2.1297164 2.0312119 5.5510573
v -0.2704730 0.0902700 0.9919160
vn -2.1073146 1.9595617 5.5854049
v -0.2703540 0.0816610 0.9950460
vn -2.0787313 1.8419092 5.6354985
v -0.2701980 0.0730140 0.9980740
vn -2.0357373 1.7334367 5.6858015
v -0.2698860 0.0642160 1.0009331
vn -1.9829638 1.5735602 5.7492352
v -0.2695370 0.0553870 1.0036850
vn -1.9182806 1.4203985 5.8118668
v -0.2689780 0.0464900 1.0061210
vn -1.8363403 1.2368176 5.8778176
v -0.2683760 0.0375620 1.0084250
vn -1.7395725 1.0774729 5.9400663
v -0.2678020 0.0284350 1.0103180
vn -1.6281856 0.8692082 6.0016785
v -0.2671950 0.0192890 1.0120860
vn -1.5057108 0.6764523 6.0602818
v -0.2666390 0.0100290 1.0133590
vn -1.3660517 0.4733115 6.1091123
v -0.2660370 0.0007530 1.0144440
vn -1.2253320 0.3077722 6.1513901
v -0.2656100 -0.0087610 1.0150930
vn -1.0878016 0.1358768 6.1805096
v -0.2651500 -0.0182740 1.0155740
vn -0.9646273 -0.0165362 6.2044697
v -0.2651390 -0.0278750 1.0156291
vn -0.8651944 -0.1336771 6.2170181
v -0.2651100 -0.0374700 1.0155300
vn -0.7816101 -0.2444368 6.2271385
v -0.2655410 -0.0471180 1.0151350
vn -0.7369384 -0.2690213 6.2324667
v -0.2659720 -0.0567540 1.0146650
vn -0.7148304 -0.3145180 6.2340117
v -0.2668010 -0.0665980 1.0140719
vn -0.7660635 -0.2363948 6.2315159
v -0.2676350 -0.0764420 1.0134810
vn -0.8365743 -0.1876416 6.2243958
v -0.2688320 -0.0863670 1.0129980
vn -0.9901019 -0.0616778 6.2018881
v -0.2700350 -0.0962950 1.0125600
vn -1.1664655 0.0574944 6.1711798
v -0.2714680 -0.1064170 1.0122640
vn -1.4059454 0.2693729 6.1102366
v -0.2729320 -0.1165520 1.0122020
vn -1.6802801 0.4586044 6.0316167
v -0.2736330 -0.1268520 1.0126390
vn -0.9377066 0.3874308 3.0112004
v -0.2744000 -0.1371390 1.0133590
vn -0.6066064 0.8154254 1.8871863
v -0.2579080 0.1812520 0.9575520
vn -1.4483640 1.8591833 4.1927738
v -0.2579470 0.1731180 0.9607500
vn -2.0447652 2.5533607 5.3627305
v -0.2581810 0.1650200 0.9644750
vn -2.2051826 2.5712194 5.2917566
v -0.2584430 0.1569580 0.9682720
vn -2.2326031 2.5551288 5.2881565
v -0.2585580 0.1487940 0.9722020
vn -2.2622108 2.4681289 5.3163037
v -0.2586560 0.1406100 0.9761030
vn -2.2631764 2.3742557 5.3590150
v -0.2588060 0.1323480 0.9797320
vn -2.2607596 2.2903669 5.3959508
v -0.2589390 0.1240670 0.9833180
vn -2.2519379 2.2071855 5.4346185
v -0.2589710 0.1156930 0.9867320
vn -2.2432599 2.1300921 5.4686055
v -0.2589840 0.1073030 0.9901010
vn -2.2240036 2.0557294 5.5050411
v -0.2588230 0.0987790 0.9933800
vn -2.2052948 1.9707447 5.5430803
v -0.2586450 0.0902380 0.9966160
vn -2.1654203 1.8831855 5.5894065
v -0.2583370 0.0815990 0.9996810
vn -2.1332877 1.7548497 5.6421657
v -0.2580100 0.0729400 1.0026931
vn -2.0728433 1.6186664 5.7059789
v -0.2573870 0.0641100 1.0054780
vn -2.0163350 1.4436345 5.7710900
v -0.2567300 0.0552540 1.0081730
vn -1.9174520 1.2551720 5.8496151
v -0.2558210 0.0463610 1.0104671
vn -1.8172214 1.0630083 5.9172397
v -0.2548670 0.0374390 1.0126261
vn -1.6793603 0.8558499 5.9925590
v -0.2539190 0.0283320 1.0142870
vn -1.5373243 0.6441038 6.0546465
v -0.2529290 0.0192070 1.0157880
vn -1.3603551 0.4091984 6.1184831
v -0.2521480 0.0099850 1.0166870
vn -1.1803559 0.2293103 6.1641903
v -0.2513270 0.0007530 1.0174050
vn -1.0021970 0.0491807 6.2005544
v -0.2507370 -0.0087370 1.0176480
vn -0.8288314 -0.0767983 6.2256622
v -0.2501300 -0.0182230 1.0177670
vn -0.7061803 -0.2050328 6.2386832
v -0.2497590 -0.0278860 1.0175390
vn -0.5930319 -0.2684826 6.2485819
v -0.2493850 -0.0375370 1.0172130
vn -0.5794138 -0.3010471 6.2488570
v -0.2500400 -0.0471910 1.0166830
vn -0.5689701 -0.2939163 6.2504110
v -0.2507010 -0.0568330 1.0161200
vn -0.6617637 -0.2052782 6.2443061
v -0.2516840 -0.0666800 1.0156180
vn -0.7620542 -0.1092855 6.2347674
v -0.2526760 -0.0765380 1.0151960
vn -0.9530767 0.0857534 6.2059169
v -0.2540830 -0.0866020 1.0149781
vn -1.1494137 0.2575927 6.1678033
v -0.2555080 -0.0966720 1.0149570
vn -1.4086263 0.4793441 6.0969839
v -0.2572300 -0.1068930 1.0152420
vn -1.6569791 0.7144987 6.0124869
v -0.2590100 -0.1171020 1.0157320
vn -1.9575822 0.9222249 5.8912506
v -0.2600370 -0.1274600 1.0169179
vn -2.2439458 1.0911921 5.7624226
v -0.2611050 -0.1378000 1.0182930
vn -1.5974458 0.8562855 3.7053170
v -0.2630050 -0.1480300 1.0196570
vn -1.3482515 0.6347983 2.7424109
v -0.2649350 -0.1582470 1.0210789
vn -0.6850537 0.3364838 1.3653066
v -0.2666800 -0.1685400 1.0225980
vn -0.3553261 0.4866391 1.3442194
v -0.2468360 0.2060470 0.9516560
vn -0.8316763 0.9609176 2.8717947
v -0.2466150 0.1976530 0.9544620
vn -1.2322267 1.5706971 3.6347947
v -0.2464190 0.1892900 0.9573930
vn -1.9346776 2.4920945 5.4239802
v -0.2466130 0.1812740 0.9609350
vn -2.1265333 2.6130741 5.2905307
v -0.2468430 0.1733000 0.9645890
vn -2.2734718 2.7300055 5.1780415
v -0.2471120 0.1651740 0.9687650
vn -2.3570712 2.6319251 5.1938386
v -0.2473730 0.1570380 0.9729300
vn -2.3985348 2.5432196 5.2192612
v -0.2474200 0.1489060 0.9769270
vn -2.4054556 2.4317338 5.2694221
v -0.2474270 0.1407300 0.9808520
vn -2.4035230 2.3310251 5.3155127
v -0.2475120 0.1324440 0.9844970
vn -2.3954823 2.2432990 5.3569088
v -0.2475630 0.1241290 0.9880710
vn -2.3860927 2.1609256 5.3947630
v -0.2474800 0.1157480 0.9915090
vn -2.3722138 2.0747449 5.4347596
v -0.2473680 0.1073390 0.9948830
vn -2.3506920 1.9912314 5.4753132
v -0.2471150 0.0987910 0.9981520
vn -2.3171482 1.8859532 5.5266013
v -0.2468290 0.0902130 1.0013430
vn -2.2725682 1.7945602 5.5755520
v -0.2463420 0.0815520 1.0043690
vn -2.2145932 1.6406270 5.6451864
v -0.2458320 0.0728690 1.0073320
vn -2.1393270 1.4985974 5.7144012
v -0.2449020 0.0640140 1.0100610
vn -2.0401139 1.2702508 5.8021040
v -0.2439360 0.0551340 1.0126930
vn -1.9169768 1.0684818 5.8872695
v -0.2426600 0.0462310 1.0147880
vn -1.7644403 0.8292089 5.9679775
v -0.2413490 0.0373090 1.0167710
vn -1.5871726 0.6226526 6.0462890
v -0.2400120 0.0282180 1.0181350
vn -1.3909220 0.3561455 6.1085563
v -0.2386420 0.0191160 1.0193560
vn -1.1957235 0.1110472 6.1652770
v -0.2376270 0.0099370 1.0197960
vn -1.0173734 -0.0599034 6.1950445
v -0.2365890 0.0007600 1.0200861
vn -0.8562776 -0.2340382 6.2195530
v -0.2358380 -0.0086970 1.0198700
vn -0.7450376 -0.2858348 6.2314186
v -0.2350850 -0.0181520 1.0195820
vn -0.6614233 -0.3884956 6.2360764
v -0.2343710 -0.0278610 1.0190680
vn -0.6621363 -0.3127115 6.2386594
v -0.2336570 -0.0375690 1.0185241
vn -0.6822007 -0.2871281 6.2370653
v -0.2345440 -0.0472310 1.0179660
vn -0.7884289 -0.1280804 6.2238088
v -0.2354420 -0.0568930 1.0174390
vn -0.9159642 0.0093040 6.2094393
v -0.2365900 -0.0667680 1.0172180
vn -1.1120543 0.2464762 6.1622281
v -0.2377470 -0.0766480 1.0171280
vn -1.3247380 0.4729442 6.1151094
v -0.2393880 -0.0868630 1.0174800
vn -1.5582337 0.7010925 6.0280395
v -0.2410640 -0.0970670 1.0179880
vn -1.7954725 0.9414790 5.9386215
v -0.2431290 -0.1073510 1.0188980
vn -2.0166214 1.1386744 5.8259659
v -0.2452390 -0.1176200 1.0199840
vn -2.2575991 1.3633221 5.6980019
v -0.2465960 -0.1280260 1.0218580
vn -2.4637852 1.4393042 5.5922403
v -0.2479900 -0.1384120 1.0238690
vn -2.6417015 1.5119689 5.4949374
v -0.2500820 -0.1487540 1.0257080
vn -2.7743702 1.4776703 5.4386644
v -0.2521710 -0.1591020 1.0275520
vn -2.1904192 1.0821497 4.0405040
v -0.2541170 -0.1695730 1.0293640
vn -0.7632261 0.3616074 1.3602247
v -0.2559950 -0.1800740 1.0310320
vn -0.2183377 0.3791766 1.3855505
v -0.2371750 0.2319400 0.9461920
vn -0.4968037 0.8607253 2.9994268
v -0.2363810 0.2232060 0.9486140
vn -0.5858333 0.9901716 2.9219477
v -0.2358300 0.2146020 0.9514250
vn -1.0443428 1.6775334 4.4190011
v -0.2352830 0.2060130 0.9543060
vn -1.6752751 2.3628883 5.5699635
v -0.2352320 0.1977860 0.9577140
vn -1.9916272 2.5782580 5.3653836
v -0.2352100 0.1896000 0.9612690
vn -2.2085786 2.7766688 5.1826119
v -0.2354940 0.1816340 0.9653810
vn -2.4276652 2.7841365 5.0824738
v -0.2358100 0.1737060 0.9695530
vn -2.4852881 2.7679205 5.0634465
v -0.2361070 0.1656200 0.9738610
vn -2.5535810 2.6332881 5.1000395
v -0.2363820 0.1575140 0.9781350
vn -2.5599480 2.4930921 5.1680641
v -0.2364460 0.1493630 0.9820880
vn -2.5591669 2.3817773 5.2200723
v -0.2364770 0.1411780 0.9859710
vn -2.5546026 2.2804327 5.2679648
v -0.2364850 0.1328790 0.9895900
vn -2.5515604 2.1875248 5.3083386
v -0.2364690 0.1245590 0.9931610
vn -2.5377955 2.1019151 5.3496647
v -0.2362400 0.1161080 0.9966180
vn -2.5282166 2.0017905 5.3919945
v -0.2359930 0.1076380 1.0000330
vn -2.4971249 1.9048537 5.4417119
v -0.2355580 0.0990610 1.0032660
vn -2.4706831 1.7789481 5.4954257
v -0.2351000 0.0904650 1.0064501
vn -2.4033828 1.6562818 5.5636353
v -0.2343330 0.0817160 1.0094301
vn -2.3401618 1.4734249 5.6394377
v -0.2335400 0.0729500 1.0123460
vn -2.2217722 1.2814046 5.7348595
v -0.2323570 0.0640640 1.0148619
vn -2.0975497 1.0326746 5.8270998
v -0.2311290 0.0551520 1.0172700
vn -1.9261801 0.7820494 5.9276524
v -0.2293740 0.0462580 1.0190970
vn -1.7488582 0.5115052 6.0066795
v -0.2275740 0.0373460 1.0207920
vn -1.5066071 0.2398929 6.0924110
v -0.2257530 0.0283370 1.0216759
vn -1.2641745 0.0275396 6.1503520
v -0.2238980 0.0193250 1.0224210
vn -1.0751016 -0.1893151 6.1861343
v -0.2225770 0.0102540 1.0224080
vn -0.8984770 -0.2944921 6.2109256
v -0.2212460 0.0011870 1.0223130
vn -0.8099136 -0.3799844 6.2188258
v -0.2205400 -0.0082600 1.0218190
vn -0.7311151 -0.3796328 6.2288456
v -0.2198350 -0.0177050 1.0213190
vn -0.7566870 -0.3615894 6.2267246
v -0.2194050 -0.0275320 1.0207779
vn -0.7916669 -0.2365558 6.2263637
v -0.2189800 -0.0373570 1.0202600
vn -0.9262960 -0.0707594 6.2125607
v -0.2193870 -0.0470210 1.0200360
vn -1.0601532 0.1286147 6.1871324
v -0.2198020 -0.0566900 1.0198920
vn -1.2707819 0.3834361 6.1372108
v -0.2208980 -0.0666040 1.0201910
vn -1.4780052 0.6321528 6.0682626
v -0.2220120 -0.0765190 1.0206540
vn -1.7017809 0.9047769 5.9745827
v -0.2241800 -0.0868300 1.0215110
vn -1.9274538 1.1230190 5.8697701
v -0.2263910 -0.0971220 1.0225250
vn -2.1203685 1.3241397 5.7598562
v -0.2291210 -0.1075690 1.0238611
vn -2.3070371 1.5112615 5.6428924
v -0.2318930 -0.1179850 1.0253230
vn -2.4743214 1.6366754 5.5363522
v -0.2336550 -0.1284250 1.0275960
vn -2.6392787 1.7009839 5.4417944
v -0.2354490 -0.1388480 1.0299330
vn -2.7644506 1.7115377 5.3755755
v -0.2377410 -0.1493990 1.0321710
vn -2.8953338 1.6356263 5.3306384
v -0.2400100 -0.1599660 1.0343490
vn -2.9766700 1.5116295 5.3225408
v -0.2419760 -0.1707300 1.0364140
vn -1.5198935 0.7347155 2.6516235
v -0.2438570 -0.1815290 1.0383281
vn -0.3603140 0.5768209 2.1221321
v -0.2265070 0.2408290 0.9452230
vn -0.8190897 1.3052638 4.5875149
v -0.2256300 0.2320240 0.9478620
vn -1.2218585 1.9338810 5.8370662
v -0.2247580 0.2232240 0.9505340
vn -1.4999827 2.0883007 5.7212672
v -0.2242490 0.2146040 0.9537580
vn -1.8020804 2.4351432 5.4574556
v -0.2237580 0.2060140 0.9570780
vn -2.1080701 2.7389164 5.2252841
v -0.2238970 0.1979830 0.9611650
vn -2.3546600 2.8536673 5.0504227
v -0.2240680 0.1899970 0.9653490
vn -2.5347824 2.9927268 4.8971248
v -0.2244510 0.1820840 0.9699940
vn -2.6536314 2.8713639 4.9130392
v -0.2248250 0.1741640 0.9746330
vn -2.7113049 2.7835460 4.9332962
v -0.2251460 0.1661150 0.9790600
vn -2.7454052 2.6016715 5.0147252
v -0.2254230 0.1580230 0.9834120
vn -2.7644174 2.4290700 5.0895953
v -0.2255110 0.1498570 0.9873220
vn -2.7707133 2.3210747 5.1366978
v -0.2255570 0.1416540 0.9911520
vn -2.7755158 2.2173586 5.1782980
v -0.2255000 0.1333490 0.9947680
vn -2.7779443 2.1225810 5.2175560
v -0.2254230 0.1250260 0.9983440
vn -2.7793231 2.0185633 5.2564077
v -0.2250580 0.1165100 1.0018370
vn -2.7677779 1.9075680 5.3049483
v -0.2246700 0.1079750 1.0052900
vn -2.7440970 1.7927556 5.3560901
v -0.2240680 0.0993770 1.0085140
vn -2.6967258 1.6331570 5.4319258
v -0.2234380 0.0907580 1.0116839
vn -2.6327543 1.4798455 5.5063796
v -0.2223850 0.0819160 1.0146080
vn -2.5322366 1.2492692 5.6093402
v -0.2212990 0.0730570 1.0174640
vn -2.4059160 1.0188980 5.7126279
v -0.2198560 0.0641300 1.0197470
vn -2.2440441 0.7246677 5.8189507
v -0.2183520 0.0551790 1.0218951
vn -2.0876460 0.4257176 5.9092445
v -0.2161040 0.0462880 1.0234030
vn -1.9498986 0.1449776 5.9656572
v -0.2138080 0.0373880 1.0247830
vn -1.8685198 -0.2747295 5.9798717
v -0.2115000 0.0284640 1.0251510
vn -1.8620182 -0.3319815 5.9651861
v -0.2091580 0.0195420 1.0254160
vn -1.8725090 -0.6197681 5.9016428
v -0.2075360 0.0105770 1.0249979
vn -1.9360843 -0.5193322 5.8592358
v -0.2059090 0.0016120 1.0245640
vn -1.8979778 -0.5504043 5.8547592
v -0.2052530 -0.0078300 1.0238780
vn -1.8588755 -0.4652081 5.8661895
v -0.2046020 -0.0172740 1.0232120
vn -1.7729608 -0.3075036 5.9326687
v -0.2044630 -0.0272170 1.0227180
vn -1.7029808 -0.1678562 5.9605694
v -0.2043340 -0.0371600 1.0222610
vn -1.7041415 0.1486041 5.9991579
v -0.2042670 -0.0468280 1.0224730
vn -1.7472169 0.3718213 5.9703364
v -0.2042180 -0.0564950 1.0227730
vn -1.7853966 0.7788984 5.9551425
v -0.2052770 -0.0664360 1.0236800
vn -1.8858624 1.0067058 5.8841839
v -0.2063740 -0.0763610 1.0247250
vn -2.0221715 1.3317330 5.7915516
v -0.2090950 -0.0867470 1.0261000
vn -2.1849887 1.4862666 5.6892238
v -0.2118540 -0.0971110 1.0275830
vn -2.3500745 1.6677783 5.5799732
v -0.2152500 -0.1077060 1.0292760
vn -2.4814875 1.7641276 5.4904671
v -0.2186780 -0.1182810 1.0310370
vn -2.6201844 1.8796245 5.3910413
v -0.2208330 -0.1287640 1.0336241
vn -2.7373006 1.8830810 5.3312669
v -0.2230010 -0.1392380 1.0362430
vn -2.8403094 1.8735247 5.2818670
v -0.2254770 -0.1500090 1.0388030
vn -2.9399891 1.7396296 5.2724891
v -0.2279020 -0.1608140 1.0412600
vn -3.0301042 1.5891266 5.2696571
v -0.2298850 -0.1718720 1.0435870
vn -1.8583703 0.8947636 3.1743789
v -0.2317630 -0.1829860 1.0457250
vn -0.0655723 0.1185606 1.4337907
v -0.2208530 0.2691270 0.9418670
vn -0.2030917 0.3873322 3.0548830
v -0.2190930 0.2594540 0.9425260
vn -0.4881730 0.9385113 4.0247612
v -0.2170090 0.2501580 0.9447040
vn -0.9329911 1.6425723 5.9811797
v -0.2149350 0.2408760 0.9470010
vn -1.1660554 1.9755495 5.8470135
v -0.2140450 0.2321370 0.9500990
vn -1.3905773 2.2865424 5.6713891
v -0.2131610 0.2234040 0.9532390
vn -1.8282861 2.6065071 5.4069996
v -0.2129550 0.2150150 0.9572730
vn -2.2550304 2.8199630 5.1317787
v -0.2127730 0.2066650 0.9614230
vn -2.5161185 3.0422986 4.8832159
v -0.2131300 0.1987890 0.9661060
vn -2.7895508 3.0281770 4.7459698
v -0.2135160 0.1909520 0.9708450
vn -2.8570483 3.0142679 4.7145662
v -0.2139270 0.1830660 0.9756700
vn -2.9428427 2.8571935 4.7577291
v -0.2143240 0.1751600 0.9804640
vn -2.9495783 2.7085271 4.8416295
v -0.2146240 0.1670860 0.9848370
vn -2.9559152 2.5481706 4.9222298
v -0.2148920 0.1589860 0.9891610
vn -2.9768443 2.3827243 4.9938674
v -0.2149520 0.1507680 0.9930900
vn -2.9911828 2.2711802 5.0365515
v -0.2149780 0.1425220 0.9969640
vn -3.0121040 2.1715381 5.0683904
v -0.2148670 0.1341420 1.0006371
vn -3.0326729 2.0562010 5.1036787
v -0.2147320 0.1257450 1.0042760
vn -3.0399559 1.9465212 5.1425228
v -0.2142940 0.1171860 1.0078070
vn -3.0448341 1.7957335 5.1932607
v -0.2138310 0.1086070 1.0112931
vn -3.0044680 1.6454843 5.2668052
v -0.2130620 0.0999310 1.0144960
vn -2.9619679 1.4493725 5.3460455
v -0.2122450 0.0912280 1.0176260
vn -2.8738811 1.2556156 5.4435692
v -0.2108980 0.0824080 1.0204450
vn -2.7777312 0.9702529 5.5463572
v -0.2094880 0.0735630 1.0231540
vn -2.6059313 0.6914563 5.6732702
v -0.2079650 0.0645870 1.0250320
vn -2.4184964 0.4153494 5.7786150
v -0.2063790 0.0555950 1.0267839
vn -2.2771039 0.1409685 5.8531528
v -0.2032790 0.0466420 1.0282840
vn -2.1479497 0.0508396 5.9039712
v -0.2001170 0.0376890 1.0296561
vn -2.3434243 -0.0858532 5.8267875
v -0.1971660 0.0284860 1.0306610
vn -2.5776534 -0.1814438 5.7241945
v -0.1941940 0.0192850 1.0316670
vn -2.9142601 -0.1550923 5.5532832
v -0.1927560 0.0107250 1.0320880
vn -3.2719083 -0.4376396 5.3415194
v -0.1913210 0.0021540 1.0325789
vn -3.2277429 -0.6091412 5.3474064
v -0.1912490 -0.0072110 1.0315160
vn -3.2047853 -0.6425186 5.3608837
v -0.1912420 -0.0165610 1.0305130
vn -2.9172385 -0.7293388 5.5078454
v -0.1911450 -0.0268130 1.0292180
vn -2.6253278 -0.3742373 5.6786032
v -0.1910680 -0.0370620 1.0279950
vn -2.5334063 -0.0465498 5.7466249
v -0.1901760 -0.0466030 1.0283170
vn -2.4242697 0.2916415 5.7758427
v -0.1892870 -0.0561490 1.0286680
vn -2.2843444 0.6230956 5.8178611
v -0.1897750 -0.0659520 1.0294770
vn -2.1500173 1.1257985 5.7766075
v -0.1903110 -0.0757180 1.0304379
vn -2.2596769 1.6081196 5.6362276
v -0.1938530 -0.0864220 1.0320311
vn -2.3831191 1.7663009 5.5375423
v -0.1974260 -0.0971040 1.0337020
vn -2.4999104 1.9049472 5.4392109
v -0.2018130 -0.1079130 1.0354640
vn -2.6223583 1.9862739 5.3528643
v -0.2062120 -0.1187150 1.0372410
vn -2.7197533 2.0324600 5.2861724
v -0.2085590 -0.1292060 1.0400590
vn -2.8240159 2.0166109 5.2379055
v -0.2109190 -0.1396880 1.0429010
vn -2.8955894 1.9631789 5.2189512
v -0.2134460 -0.1507220 1.0457040
vn -2.9879093 1.8233130 5.2163553
v -0.2159370 -0.1617830 1.0484350
vn -3.0712571 1.6492271 5.2270536
v -0.2178590 -0.1731500 1.0510120
vn -3.1636460 1.4211190 5.2364521
v -0.2196860 -0.1845700 1.0534140
vn -1.2945981 0.5064142 2.1169419
v -0.2207970 -0.1960270 1.0554510
vn -0.0796439 0.1906411 1.3569469
v -0.2124350 0.2796820 0.9409500
vn -0.3472617 0.4798554 4.8402348
v -0.2102290 0.2696600 0.9420660
vn -0.7112405 1.0990030 6.1041532
v -0.2080260 0.2596410 0.9432380
vn -1.0285766 1.5273627 5.9963408
v -0.2056910 0.2502770 0.9459820
vn -1.3217705 1.8997980 5.7985997
v -0.2033670 0.2409260 0.9488050
vn -1.6790066 2.1812282 5.6203594
v -0.2024700 0.2322600 0.9523910
vn -2.0307763 2.6155884 5.2406445
v -0.2015880 0.2236160 0.9560550
vn -2.3910756 3.0335405 4.9131603
v -0.2017050 0.2154870 0.9609600
vn -2.6932855 3.1181262 4.6944699
v -0.2018530 0.2073960 0.9659420
vn -2.8988881 3.2791414 4.4867430
v -0.2024410 0.1996880 0.9712030
vn -3.0573325 3.1219835 4.5050640
v -0.2030240 0.1919720 0.9764580
vn -3.1416888 3.0112398 4.5229268
v -0.2034680 0.1841030 0.9814430
vn -3.1991258 2.8112020 4.6144147
v -0.2038700 0.1761970 0.9863730
vn -3.2336628 2.6145246 4.7021708
v -0.2041660 0.1681120 0.9907180
vn -3.2554033 2.4679544 4.7677193
v -0.2044190 0.1599940 0.9950050
vn -3.2824380 2.3034210 4.8274026
v -0.2044610 0.1517290 0.9989670
vn -3.3090987 2.2078571 4.8549638
v -0.2044630 0.1434360 1.0028760
vn -3.3355110 2.1047821 4.8810387
v -0.2043270 0.1349990 1.0066580
vn -3.3553996 1.9749515 4.9240131
v -0.2041490 0.1265350 1.0103790
vn -3.3660491 1.8414667 4.9670248
v -0.2036580 0.1179320 1.0139700
vn -3.3589437 1.6554222 5.0390759
v -0.2031060 0.1092970 1.0174770
vn -3.3419485 1.4585735 5.1075759
v -0.2021670 0.1005370 1.0206590
vn -3.2902865 1.2285988 5.2027826
v -0.2011690 0.0917490 1.0237560
vn -3.2262855 0.9712501 5.2940044
v -0.1995240 0.0829400 1.0264630
vn -3.1336582 0.6564896 5.3977113
v -0.1977990 0.0741070 1.0290470
vn -3.0265439 0.2896579 5.4842920
v -0.1961900 0.0650710 1.0305060
vn -2.8999732 0.0435793 5.5566931
v -0.1944950 0.0560260 1.0318270
vn -2.8898566 -0.3996165 5.5186234
v -0.1905210 0.0470030 1.0333170
vn -3.0504632 -0.1951845 5.3878269
v -0.1864870 0.0379820 1.0347151
vn -3.4034069 -0.1823140 5.0864787
v -0.1829010 0.0284760 1.0365660
vn -3.9747000 0.1417740 4.5367393
v -0.1795700 0.0189660 1.0386760
vn -4.3856888 0.2474434 4.0334573
v -0.1784640 0.0107950 1.0402510
vn -4.8509922 0.0666746 3.4630284
v -0.1775160 0.0026270 1.0419120
vn -4.7828159 -0.2790829 3.4342656
v -0.1781250 -0.0066320 1.0404410
vn -4.7624054 -0.5224844 3.4427011
v -0.1785890 -0.0158940 1.0389251
vn -4.5655117 -0.8468143 3.5101836
v -0.1784060 -0.0264310 1.0366811
vn -4.2216086 -0.7328695 3.8669565
v -0.1781480 -0.0369620 1.0344180
vn -4.2463999 -0.6508894 3.9067156
v -0.1763980 -0.0463700 1.0347880
vn -4.0455976 -0.4447517 4.0788236
v -0.1745930 -0.0557660 1.0351460
vn -3.6544399 0.2526818 4.8128099
v -0.1743810 -0.0653990 1.0356570
vn -3.0962765 0.7596309 5.1628923
v -0.1743330 -0.0750350 1.0363730
vn -2.5678358 1.8936982 5.3985577
v -0.1786570 -0.0860670 1.0380930
vn -2.5172048 1.9585865 5.4068089
v -0.1830510 -0.0970620 1.0399600
vn -2.5784152 2.1213632 5.3217998
v -0.1884240 -0.1080860 1.0417660
vn -2.6789651 2.1347141 5.2657094
v -0.1937890 -0.1191230 1.0435510
vn -2.7746677 2.1685658 5.2031274
v -0.1963230 -0.1296240 1.0465790
vn -2.8547995 2.1130972 5.1825356
v -0.1988580 -0.1401250 1.0496010
vn -2.9336314 2.0436301 5.1666517
v -0.2014450 -0.1514250 1.0526620
vn -3.0161076 1.8915187 5.1759281
v -0.2039840 -0.1627520 1.0556380
vn -3.1033471 1.7100673 5.1885004
v -0.2058720 -0.1744150 1.0585080
vn -3.1930890 1.4629875 5.2069497
v -0.2076370 -0.1861520 1.0611610
vn -1.6568931 0.6497111 2.6456368
v -0.2086340 -0.1979540 1.0634350
vn 0.0157886 0.3134212 1.2938900
v -0.2064090 0.2919880 0.9385550
vn -0.0971791 0.9653817 4.9214225
v -0.2023220 0.2798680 0.9411040
vn -0.6164091 1.0706580 6.1533542
v -0.1996460 0.2697640 0.9430940
vn -1.0536389 1.4103729 6.0131745
v -0.1969700 0.2596560 0.9451500
vn -1.3502730 1.7853682 5.8673186
v -0.1946030 0.2503820 0.9484840
vn -1.6048485 2.2923379 5.5873356
v -0.1922400 0.2411140 0.9518670
vn -2.1481285 2.7789569 5.1935072
v -0.1916060 0.2328110 0.9565210
vn -2.6619756 3.0087552 4.8116441
v -0.1909960 0.2245380 0.9612430
vn -2.9213166 3.2946229 4.4760294
v -0.1914260 0.2167420 0.9666750
vn -3.2177355 3.2646010 4.2967138
v -0.1918790 0.2089650 0.9721370
vn -3.2896709 3.2748678 4.2341366
v -0.1925160 0.2012970 0.9775930
vn -3.3945050 3.1008477 4.2798371
v -0.1931410 0.1936170 0.9830300
vn -3.4355869 2.9360719 4.3650689
v -0.1936010 0.1857210 0.9880200
vn -3.4755242 2.7461114 4.4533348
v -0.1940200 0.1777940 0.9929640
vn -3.5222404 2.5568478 4.5313482
v -0.1942910 0.1696900 0.9973710
vn -3.5603380 2.4024024 4.5847578
v -0.1945160 0.1615570 1.0017210
vn -3.6075139 2.2566335 4.6226149
v -0.1946260 0.1532260 1.0057369
vn -3.6509075 2.1376376 4.6448240
v -0.1947010 0.1448740 1.0097100
vn -3.6758208 2.0267487 4.6749392
v -0.1945250 0.1363930 1.0135620
vn -3.7050569 1.8681800 4.7169237
v -0.1943100 0.1278970 1.0173680
vn -3.7042465 1.7125032 4.7769184
v -0.1937210 0.1191630 1.0210130
vn -3.7066121 1.5070782 4.8423171
v -0.1930730 0.1104050 1.0245860
vn -3.6928487 1.2917674 4.9158669
v -0.1920050 0.1015640 1.0278050
vn -3.6681492 0.9871364 5.0001864
v -0.1908430 0.0926910 1.0309041
vn -3.5871544 0.6845728 5.1115675
v -0.1888830 0.0838280 1.0336010
vn -3.4855852 0.4202402 5.2074299
v -0.1867930 0.0749430 1.0361280
vn -3.4923460 0.1380838 5.2203541
v -0.1841360 0.0661190 1.0382110
vn -3.5254307 -0.1557000 5.1960759
v -0.1813390 0.0573030 1.0401310
vn -3.7452984 -0.3227609 5.0230818
v -0.1796940 0.0476780 1.0406600
vn -4.0893521 -0.1536688 4.7364411
v -0.1780260 0.0380250 1.0412570
vn -4.6337843 0.0462356 4.2082891
v -0.1769870 0.0277620 1.0423840
vn -5.2242994 0.5196056 3.3608358
v -0.1762250 0.0175250 1.0436240
vn -5.7268467 0.6150373 2.4480069
v -0.1755560 0.0111900 1.0464799
vn -6.0375543 0.3272430 1.7034639
v -0.1750790 0.0048770 1.0493770
vn -6.0878096 0.2580734 1.5243527
v -0.1758240 -0.0056970 1.0487500
vn -6.1253300 -0.1876743 1.3509616
v -0.1763170 -0.0162760 1.0480850
vn -6.0636911 -0.6600040 1.4970999
v -0.1756940 -0.0271720 1.0462370
vn -5.9615660 -1.0637019 1.6602262
v -0.1747750 -0.0380230 1.0443460
vn -5.8406510 -1.3676237 1.8408970
v -0.1723880 -0.0476360 1.0451900
vn -5.7522631 -1.4449999 2.0593297
v -0.1697600 -0.0571740 1.0459840
vn -4.9637375 -1.5342698 3.3648484
v -0.1681350 -0.0665590 1.0438240
vn -3.6796474 0.0048515 4.8272767
v -0.1667330 -0.0759910 1.0419180
vn -3.0198288 1.5400230 5.2796583
v -0.1689320 -0.0866600 1.0436640
vn -2.5886569 1.9286239 5.3789153
v -0.1712100 -0.0972060 1.0456589
vn -2.6417365 2.2815526 5.2236843
v -0.1769700 -0.1086000 1.0477450
vn -2.7540636 2.2805958 5.1663914
v -0.1827160 -0.1200080 1.0498070
vn -2.8280592 2.2487226 5.1401815
v -0.1855410 -0.1306890 1.0529350
vn -2.9067538 2.1851292 5.1235437
v -0.1883610 -0.1413780 1.0560510
vn -2.9782779 2.0959034 5.1199574
v -0.1908620 -0.1527260 1.0593070
vn -3.0607758 1.9370382 5.1322579
v -0.1933160 -0.1641090 1.0624750
vn -3.1379986 1.7401259 5.1574836
v -0.1950110 -0.1760810 1.0656370
vn -3.2272313 1.4906815 5.1771946
v -0.1965890 -0.1881210 1.0685951
vn -1.9752635 0.7656654 3.1132915
v -0.1973030 -0.2003900 1.0712090
vn -0.0635954 0.1874858 0.7399938
v -0.2039270 0.3050590 0.9348320
vn -0.3387164 1.1024797 4.9070368
v -0.1980630 0.2925690 0.9381080
vn -0.7019899 1.3565085 6.0687633
v -0.1922080 0.2800560 0.9412720
vn -1.0820140 1.3861884 6.0122042
v -0.1890630 0.2698660 0.9441660
vn -1.4764104 1.6991241 5.8153834
v -0.1859190 0.2596780 0.9471030
vn -1.9566681 1.9126143 5.6143827
v -0.1835170 0.2504930 0.9510260
vn -2.3791525 2.5557821 5.0274396
v -0.1811320 0.2413310 0.9550210
vn -2.7796614 3.2090092 4.5628839
v -0.1807820 0.2334140 0.9607550
vn -3.1342342 3.2871542 4.2589521
v -0.1804600 0.2255290 0.9665440
vn -3.3343782 3.4963980 3.9793839
v -0.1812100 0.2180610 0.9724750
vn -3.5197508 3.3397303 3.9729218
v -0.1819620 0.2105960 0.9784060
vn -3.6170416 3.2433219 3.9665546
v -0.1826580 0.2029680 0.9840580
vn -3.6973057 3.0388973 4.0613546
v -0.1833170 0.1953090 0.9896700
vn -3.7488816 2.8411832 4.1521344
v -0.1838170 0.1874040 0.9946960
vn -3.7980328 2.6619060 4.2297368
v -0.1842620 0.1794570 0.9996640
vn -3.8442192 2.4759376 4.2957954
v -0.1845300 0.1713440 1.0041610
vn -3.8932662 2.3337767 4.3343706
v -0.1847440 0.1632030 1.0086010
vn -3.9319263 2.1970758 4.3678155
v -0.1849450 0.1548120 1.0126930
vn -3.9663551 2.0639026 4.4053149
v -0.1850990 0.1463970 1.0167350
vn -3.9976215 1.9350682 4.4324703
v -0.1848940 0.1378810 1.0206850
vn -4.0231409 1.7615944 4.4855227
v -0.1846490 0.1293450 1.0245850
vn -4.0452981 1.5656580 4.5335002
v -0.1839860 0.1204830 1.0283090
vn -4.0525775 1.3546455 4.5981297
v -0.1832560 0.1115950 1.0319580
vn -4.0535522 1.0995077 4.6618948
v -0.1820780 0.1026660 1.0352280
vn -4.0211120 0.7542873 4.7594337
v -0.1807600 0.0936980 1.0383500
vn -3.9937153 0.3273622 4.8243842
v -0.1784800 0.0847590 1.0410310
vn -3.9879701 0.1456426 4.8300414
v -0.1760110 0.0758050 1.0434970
vn -4.1036406 -0.1518713 4.6825728
v -0.1723650 0.0671670 1.0463340
vn -4.5140719 0.0852830 4.2112684
v -0.1688090 0.0585300 1.0492491
vn -4.7107944 0.2405671 3.9598536
v -0.1695330 0.0482930 1.0488470
vn -5.0186539 0.5341471 3.4250984
v -0.1704340 0.0380660 1.0485560
vn -5.3810596 0.7585831 2.8976660
v -0.1718780 0.0270930 1.0486619
vn -5.6554441 0.9206241 2.2976284
v -0.1733870 0.0161250 1.0488050
vn -5.9348307 1.0783180 1.4926800
v -0.1730970 0.0116290 1.0528450
vn -6.1433282 0.6949773 1.0207996
v -0.1729790 0.0071550 1.0569150
vn -6.1960278 0.4158292 0.8183680
v -0.1739000 -0.0047480 1.0571300
vn -6.2275915 -0.1311187 0.6857209
v -0.1744960 -0.0166770 1.0573170
vn -6.1787105 -0.7044623 0.7404470
v -0.1735480 -0.0279880 1.0558720
vn -6.0717168 -1.2660686 0.8781176
v -0.1722500 -0.0392600 1.0544150
vn -5.9116778 -1.7618475 1.1485937
v -0.1692030 -0.0491540 1.0557179
vn -5.5820622 -2.3923979 1.5028067
v -0.1658510 -0.0589420 1.0570130
vn -4.9887991 -2.9806089 2.3247557
v -0.1624610 -0.0678580 1.0523109
vn -4.2196593 -1.0409906 3.7372034
v -0.1594290 -0.0769920 1.0477240
vn -3.6236196 0.8912653 4.9888792
v -0.1592100 -0.0871790 1.0493240
vn -3.0949707 1.6390841 5.1119256
v -0.1594050 -0.0973270 1.0514280
vn -2.7561469 2.4492469 5.0849595
v -0.1655390 -0.1090940 1.0537781
vn -2.8337643 2.3808372 5.0762038
v -0.1716740 -0.1208700 1.0561171
vn -2.9155500 2.3308115 5.0533667
v -0.1747950 -0.1317300 1.0593600
vn -2.9820180 2.2411301 5.0554008
v -0.1778910 -0.1426080 1.0625560
vn -3.0397861 2.1458542 5.0627131
v -0.1803210 -0.1540050 1.0660220
vn -3.1095614 1.9631429 5.0930810
v -0.1826760 -0.1654520 1.0693660
vn -3.1798401 1.7634134 5.1239500
v -0.1841850 -0.1777320 1.0728199
vn -3.2630424 1.5091496 5.1499157
v -0.1855550 -0.1900850 1.0760590
vn -3.3543761 1.2355334 5.1667914
v -0.1859910 -0.2028150 1.0790280
vn -1.3764756 0.4740174 2.0826302
v -0.1862490 -0.2156130 1.0817150
vn 0.0969036 0.5579065 0.7356600
v -0.1938710 0.3049790 0.9335380
vn 0.1540864 2.3638420 4.8508792
v -0.1914580 0.3004060 0.9367080
vn -0.6755012 1.6536103 6.0100470
v -0.1862860 0.2899070 0.9401870
vn -1.1775475 1.5500534 5.9709482
v -0.1811140 0.2793990 0.9436130
vn -1.5106443 1.6094214 5.8778071
v -0.1779290 0.2696800 0.9470700
vn -1.7939700 2.1689820 5.5671062
v -0.1747450 0.2599630 0.9505540
vn -2.5162587 2.5904708 5.1112275
v -0.1728210 0.2514660 0.9557520
vn -3.1682417 2.8977880 4.5308809
v -0.1709250 0.2429930 0.9610170
vn -3.4184058 3.3888481 4.0298705
v -0.1710440 0.2354140 0.9672520
vn -3.7223697 3.3753901 3.7687137
v -0.1711880 0.2278620 0.9735180
vn -3.7870841 3.4466074 3.6403160
v -0.1720170 0.2204570 0.9796860
vn -3.9032221 3.2842615 3.6661305
v -0.1728310 0.2130410 0.9858400
vn -3.9553127 3.1392589 3.7387292
v -0.1735850 0.2053830 0.9915230
vn -4.0134931 2.9392023 3.8340821
v -0.1742960 0.1976900 0.9971670
vn -4.0658865 2.7423820 3.9274418
v -0.1747520 0.1897570 1.0022850
vn -4.1080155 2.5771892 3.9932756
v -0.1751550 0.1817930 1.0073570
vn -4.1675453 2.4082348 4.0382013
v -0.1754510 0.1735910 1.0119990
vn -4.2238026 2.2515357 4.0693955
v -0.1756850 0.1653570 1.0165880
vn -4.2614985 2.1081884 4.1071863
v -0.1758230 0.1569040 1.0208440
vn -4.2958064 1.9665172 4.1412525
v -0.1758920 0.1484200 1.0250410
vn -4.3291712 1.8312979 4.1684027
v -0.1756950 0.1397870 1.0291030
vn -4.3646288 1.6412005 4.2096891
v -0.1754160 0.1311260 1.0330970
vn -4.3904438 1.4424396 4.2559876
v -0.1748040 0.1221900 1.0368810
vn -4.4093418 1.1941407 4.3112717
v -0.1740750 0.1132190 1.0405520
vn -4.4031081 0.9118767 4.3874850
v -0.1728910 0.1041570 1.0438330
vn -4.3793097 0.5655136 4.4655895
v -0.1714850 0.0950560 1.0469069
vn -4.4345374 0.2218627 4.4436846
v -0.1694190 0.0859290 1.0495470
vn -4.5190907 0.0937826 4.3581247
v -0.1671770 0.0767900 1.0520329
vn -4.8515272 0.0545551 3.9706728
v -0.1650080 0.0678510 1.0545090
vn -5.2333202 0.4503432 3.3838272
v -0.1631730 0.0589190 1.0572211
vn -5.5283070 1.0284568 2.7552915
v -0.1641460 0.0492230 1.0584511
vn -5.7418103 1.3441429 2.1361527
v -0.1654820 0.0395830 1.0598580
vn -5.8870721 1.5224292 1.5213182
v -0.1676450 0.0296110 1.0614390
vn -6.0158663 1.4996682 1.0159826
v -0.1698890 0.0196700 1.0630280
vn -6.0892153 1.3484609 0.7245005
v -0.1710690 0.0127790 1.0660630
vn -6.1992006 0.9202694 0.3706007
v -0.1722430 0.0058890 1.0690960
vn -6.2569404 0.5130095 0.2358295
v -0.1734960 -0.0066210 1.0690399
vn -6.2557220 -0.1578623 -0.0030272
v -0.1743450 -0.0191710 1.0689750
vn -6.2189937 -0.8762093 0.0958215
v -0.1728950 -0.0311070 1.0671680
vn -6.0044475 -1.6887733 0.0619023
v -0.1710700 -0.0429970 1.0653690
vn -5.7335806 -2.4911489 0.4534148
v -0.1669010 -0.0530990 1.0642999
vn -5.4126091 -2.9592860 1.0888813
v -0.1624120 -0.0630820 1.0632451
vn -4.9803114 -3.4445848 1.6034373
v -0.1580030 -0.0710870 1.0595120
vn -4.9055991 -2.0950897 2.8803077
v -0.1536470 -0.0791580 1.0557660
vn -4.4123712 -0.2154579 4.3740263
v -0.1523320 -0.0892000 1.0558980
vn -3.2155714 1.3806903 5.0769081
v -0.1517250 -0.0993160 1.0567940
vn -2.8913631 2.5286331 4.9722719
v -0.1568200 -0.1106820 1.0596080
vn -2.9427483 2.4644260 4.9740458
v -0.1619240 -0.1220510 1.0624170
vn -3.0055211 2.3814340 4.9772739
v -0.1649660 -0.1328330 1.0657790
vn -3.0683222 2.2768679 4.9868889
v -0.1679850 -0.1436360 1.0691050
vn -3.1092401 2.1539741 5.0170569
v -0.1702620 -0.1550710 1.0726640
vn -3.1655164 1.9793870 5.0516272
v -0.1724870 -0.1665480 1.0761400
vn -3.2236142 1.7713363 5.0937252
v -0.1737430 -0.1790300 1.0798470
vn -3.2898293 1.5336820 5.1252465
v -0.1748750 -0.1915780 1.0833510
vn -3.3893270 1.2768557 5.1335998
v -0.1750810 -0.2049220 1.0867161
vn -1.7244680 0.6016413 2.5558004
v -0.1751280 -0.2183190 1.0898380
vn -0.1265148 0.3202447 0.6144042
v -0.1902930 0.3095620 0.9296050
vn -0.4190295 2.7149272 4.7109756
v -0.1846410 0.3026690 0.9341060
vn -0.9056346 2.4125626 5.7008114
v -0.1789890 0.2957470 0.9385790
vn -1.3221561 1.8271643 5.7949719
v -0.1745060 0.2872460 0.9422900
vn -1.8323790 1.7220048 5.7062879
v -0.1700210 0.2787430 0.9459870
vn -2.3409200 1.5987411 5.5182996
v -0.1667970 0.2694980 0.9499970
vn -2.7566993 2.2846148 4.8612270
v -0.1635880 0.2602680 0.9540680
vn -3.2463183 3.0351884 4.3282108
v -0.1621610 0.2524710 0.9605540
vn -3.6397271 3.1588044 3.8849924
v -0.1607740 0.2447090 0.9670910
vn -3.8017597 3.5540447 3.4732263
v -0.1613750 0.2374790 0.9738170
vn -3.9783938 3.4330232 3.4196644
v -0.1619860 0.2302580 0.9805520
vn -4.0503306 3.4135997 3.3624141
v -0.1628970 0.2229150 0.9869580
vn -4.1368904 3.2238421 3.4520650
v -0.1637710 0.2155440 0.9933390
vn -4.1926289 3.0542328 3.5348613
v -0.1645960 0.2078580 0.9990670
vn -4.2539301 2.8592532 3.6275282
v -0.1653700 0.2001360 1.0047550
vn -4.3125648 2.6523442 3.7107232
v -0.1658110 0.1921930 1.0099940
vn -4.3660350 2.5042589 3.7535901
v -0.1661910 0.1842130 1.0151820
vn -4.4126015 2.3560796 3.7926450
v -0.1665420 0.1759280 1.0199980
vn -4.4658775 2.1936855 3.8308804
v -0.1668260 0.1676090 1.0247580
vn -4.5088348 2.0344181 3.8662367
v -0.1669260 0.1591000 1.0292060
vn -4.5484533 1.8935657 3.8933606
v -0.1669480 0.1505550 1.0335900
vn -4.5812883 1.7561326 3.9178307
v -0.1667830 0.1418060 1.0377940
vn -4.6188073 1.5552925 3.9610040
v -0.1665350 0.1330280 1.0419300
vn -4.6501212 1.3327513 4.0031743
v -0.1659510 0.1239980 1.0457480
vn -4.6698732 1.0749741 4.0585980
v -0.1652400 0.1149320 1.0494601
vn -4.6847095 0.7442456 4.1135092
v -0.1640400 0.1057130 1.0527470
vn -4.7253504 0.4711225 4.1053624
v -0.1625920 0.0964580 1.0558209
vn -4.7976213 0.2132807 4.0290527
v -0.1607800 0.0871140 1.0584800
vn -5.0095830 0.3269350 3.7272303
v -0.1589670 0.0777690 1.0611269
vn -5.2440228 0.5661390 3.3598156
v -0.1583400 0.0685400 1.0632130
vn -5.4769239 1.0728863 2.7513561
v -0.1581240 0.0593560 1.0655420
vn -5.6631999 1.6357192 2.1081712
v -0.1594000 0.0502330 1.0683630
vn -5.7484102 1.9328814 1.5299567
v -0.1611950 0.0412420 1.0713780
vn -5.8197651 2.1458178 0.9727864
v -0.1639760 0.0322670 1.0743430
vn -5.9288993 1.9432946 0.6993197
v -0.1668190 0.0233060 1.0773220
vn -6.0234165 1.7253544 0.4571336
v -0.1694170 0.0140140 1.0793120
vn -6.1541910 1.1398587 0.2935144
v -0.1718440 0.0046790 1.0812930
vn -6.2506833 0.5949130 0.2046989
v -0.1733110 -0.0084770 1.0809590
vn -6.2177482 -0.3085649 0.1123761
v -0.1743730 -0.0216740 1.0806340
vn -6.1687865 -1.1359184 0.2381355
v -0.1723030 -0.0342340 1.0784750
vn -5.7797503 -2.1508989 0.3086480
v -0.1699200 -0.0467430 1.0763290
vn -5.3903589 -3.1259727 0.6135026
v -0.1645010 -0.0570090 1.0729001
vn -4.8983383 -3.6534965 1.1957133
v -0.1588640 -0.0671600 1.0694700
vn -4.4843187 -4.0484552 1.6521711
v -0.1534500 -0.0742710 1.0666890
vn -4.5495868 -2.8110771 2.9857445
v -0.1480530 -0.0813980 1.0639230
vn -4.4382973 -1.2400192 4.2587972
v -0.1456270 -0.0912710 1.0626110
vn -3.5567083 0.9378771 4.7364860
v -0.1440760 -0.1012880 1.0622070
vn -3.0619495 2.5892205 4.8326950
v -0.1481410 -0.1122430 1.0654900
vn -3.0774956 2.4937031 4.8760681
v -0.1522200 -0.1231970 1.0687850
vn -3.1007767 2.4208806 4.8983831
v -0.1551740 -0.1339120 1.0722580
vn -3.1349833 2.2844017 4.9420633
v -0.1580890 -0.1446550 1.0756750
vn -3.1610224 2.1647534 4.9798331
v -0.1602360 -0.1561190 1.0793639
vn -3.1994028 1.9751332 5.0318518
v -0.1623320 -0.1676210 1.0829660
vn -3.2448335 1.7732928 5.0796633
v -0.1633230 -0.1803160 1.0869050
vn -3.3061261 1.5506347 5.1102729
v -0.1642020 -0.1930740 1.0906600
vn -3.3851843 1.3190818 5.1258211
v -0.1641880 -0.2070190 1.0944510
vn -1.1013389 0.3991540 1.6529019
v -0.1640180 -0.2210170 1.0979810
vn -0.4409465 1.6088012 2.6626744
v -0.1787650 0.3076750 0.9326500
vn -1.2141945 2.9710970 5.3907151
v -0.1731680 0.3011920 0.9374940
vn -1.6088171 2.4042759 5.5675054
v -0.1675690 0.2946900 0.9423210
vn -2.0459945 1.8712064 5.6291194
v -0.1633440 0.2865620 0.9465560
vn -2.3386972 2.1361170 5.3979554
v -0.1591140 0.2784300 0.9507880
vn -3.0933244 2.2363563 4.9456954
v -0.1566310 0.2702030 0.9560070
vn -3.7652760 2.5247769 4.2688799
v -0.1541780 0.2619920 0.9612680
vn -3.9972856 3.0626533 3.7463660
v -0.1532430 0.2547590 0.9681260
vn -4.2574759 3.1482708 3.3630676
v -0.1523550 0.2475610 0.9750170
vn -4.2422738 3.4053726 3.1436825
v -0.1529910 0.2404100 0.9819070
vn -4.3066683 3.3349731 3.1316710
v -0.1536260 0.2332620 0.9887940
vn -4.3253078 3.2783506 3.1657963
v -0.1545430 0.2259020 0.9952230
vn -4.3668675 3.1245537 3.2594347
v -0.1554120 0.2185080 1.0016220
vn -4.4227395 2.9620121 3.3381782
v -0.1561850 0.2108320 1.0074730
vn -4.4768424 2.7780616 3.4201064
v -0.1568970 0.2031160 1.0132810
vn -4.5460143 2.5885892 3.4798145
v -0.1574210 0.1951180 1.0186200
vn -4.6064382 2.4259770 3.5161798
v -0.1578730 0.1870850 1.0239130
vn -4.6496401 2.2768145 3.5599403
v -0.1582100 0.1787420 1.0288810
vn -4.6909904 2.1243269 3.5987306
v -0.1584810 0.1703680 1.0338010
vn -4.7352362 1.9687088 3.6300220
v -0.1586010 0.1617900 1.0383770
vn -4.7759485 1.8171020 3.6550765
v -0.1586420 0.1531840 1.0428950
vn -4.8060551 1.6699653 3.6861405
v -0.1584610 0.1443140 1.0472430
vn -4.8344078 1.4834789 3.7274766
v -0.1581870 0.1354090 1.0515180
vn -4.8701835 1.2624215 3.7631128
v -0.1576790 0.1262560 1.0554399
vn -4.9004712 0.9899712 3.8030555
v -0.1569790 0.1170560 1.0592160
vn -4.9557390 0.7077535 3.7955203
v -0.1558880 0.1076570 1.0625850
vn -5.0172429 0.5070478 3.7462184
v -0.1545820 0.0982320 1.0657880
vn -5.1782274 0.4081304 3.5265019
v -0.1532610 0.0886260 1.0686780
vn -5.3405976 0.6810684 3.2101290
v -0.1521040 0.0790310 1.0716640
vn -5.5316553 1.0686187 2.7546525
v -0.1522950 0.0696660 1.0742910
vn -5.6004272 1.6962521 2.2078571
v -0.1530280 0.0604130 1.0771830
vn -5.6402349 2.2348909 1.5916044
v -0.1554620 0.0511530 1.0806010
vn -5.6861811 2.4447892 1.0632998
v -0.1583890 0.0420800 1.0841490
vn -5.7122879 2.5020380 0.7345254
v -0.1621090 0.0327550 1.0874400
vn -5.8683453 2.1802278 0.4622213
v -0.1657750 0.0233960 1.0907210
vn -5.9944673 1.8403897 0.3726266
v -0.1688610 0.0133640 1.0929530
vn -6.1354256 1.1769075 0.2300278
v -0.1717110 0.0032540 1.0951730
vn -6.2572103 0.4986544 0.2464386
v -0.1730520 -0.0106090 1.0941000
vn -6.1819639 -0.5313048 0.1066412
v -0.1739960 -0.0245070 1.0930210
vn -6.0573206 -1.6082232 0.3492482
v -0.1707900 -0.0376650 1.0900559
vn -5.5552759 -2.6863856 0.3688676
v -0.1673240 -0.0507650 1.0870910
vn -4.8904233 -3.8451951 0.7181554
v -0.1606240 -0.0602060 1.0824029
vn -4.3761134 -4.2609468 1.4412997
v -0.1538450 -0.0695940 1.0777090
vn -3.9606824 -4.5113745 1.8164796
v -0.1480740 -0.0761590 1.0739371
vn -4.0943375 -3.3052857 3.0900254
v -0.1423020 -0.0827210 1.0701700
vn -4.2571230 -1.7015277 4.2665582
v -0.1392540 -0.0922310 1.0686780
vn -3.6321216 0.5887828 4.6941867
v -0.1369080 -0.1020580 1.0677940
vn -3.2791340 2.5354791 4.7214279
v -0.1402730 -0.1130330 1.0713180
vn -3.2144260 2.4814377 4.7942061
v -0.1436750 -0.1239810 1.0748841
vn -3.2097151 2.3948660 4.8414850
v -0.1462820 -0.1346780 1.0784990
vn -3.2102089 2.2674830 4.9007497
v -0.1488570 -0.1454060 1.0820620
vn -3.2174008 2.1291711 4.9590626
v -0.1507980 -0.1568340 1.0857790
vn -3.2215035 1.9630965 5.0225916
v -0.1526780 -0.1683030 1.0894090
vn -3.2575412 1.7670835 5.0735540
v -0.1535130 -0.1811170 1.0934950
vn -3.2880249 1.5734990 5.1151776
v -0.1542280 -0.1940020 1.0973920
vn -2.6027160 1.0791831 3.9799466
v -0.1541220 -0.2080820 1.1013690
vn -1.1519197 1.9139631 3.3810077
v -0.1672380 0.3058010 0.9357060
vn -2.0976839 2.5218751 5.1955123
v -0.1616970 0.2997270 0.9409120
vn -2.5679972 2.0370731 5.2891903
v -0.1561550 0.2936410 0.9460850
vn -2.9094038 1.7023407 5.1608667
v -0.1521890 0.2858850 0.9508510
vn -3.3041620 2.1470578 4.5986705
v -0.1482420 0.2781380 0.9556580
vn -3.6951380 2.8106525 4.1131868
v -0.1465170 0.2709390 0.9620770
vn -4.0835881 2.8721881 3.6914346
v -0.1448370 0.2637680 0.9685370
vn -4.2299986 3.2706337 3.2687976
v -0.1443930 0.2570980 0.9757470
vn -4.3677411 3.2513504 3.1123791
v -0.1439790 0.2504470 0.9829770
vn -4.3801351 3.3739710 2.9778938
v -0.1446450 0.2433740 0.9900230
vn -4.4264317 3.2869742 3.0103462
v -0.1453020 0.2362950 0.9970650
vn -4.4578543 3.2034898 3.0526431
v -0.1462300 0.2289210 1.0035230
vn -4.5101342 3.0628591 3.1202896
v -0.1471040 0.2215100 1.0099480
vn -4.5679379 2.9050031 3.1847038
v -0.1478510 0.2138560 1.0159400
vn -4.6326475 2.7353654 3.2421918
v -0.1485370 0.2061630 1.0218910
vn -4.6939645 2.5606666 3.2950768
v -0.1491580 0.1981180 1.0273449
vn -4.7516527 2.3920968 3.3403347
v -0.1497070 0.1900370 1.0327560
vn -4.7993045 2.2278607 3.3845892
v -0.1500480 0.1816360 1.0378920
vn -4.8381224 2.0821640 3.4232578
v -0.1503130 0.1732030 1.0429780
vn -4.8711386 1.9415650 3.4588854
v -0.1504830 0.1645640 1.0477020
vn -4.9045606 1.7863110 3.4959052
v -0.1505540 0.1558880 1.0523590
vn -4.9367762 1.6288422 3.5275166
v -0.1503970 0.1469010 1.0568800
vn -4.9741707 1.4459457 3.5540667
v -0.1501060 0.1378710 1.0613070
vn -5.0131207 1.2313516 3.5798740
v -0.1496580 0.1285770 1.0653189
vn -5.0692744 1.0008738 3.5717177
v -0.1490420 0.1192400 1.0692080
vn -5.1351852 0.7452193 3.5395041
v -0.1481400 0.1096500 1.0727201
vn -5.2465510 0.6443586 3.3878651
v -0.1470720 0.1000390 1.0761120
vn -5.3642201 0.6801431 3.1880937
v -0.1462970 0.0901730 1.0792331
vn -5.4891310 1.0372188 2.8277104
v -0.1457700 0.0803410 1.0825000
vn -5.5702586 1.5615950 2.4242771
v -0.1466740 0.0708500 1.0855720
vn -5.5334287 2.1910956 1.9071264
v -0.1482330 0.0615420 1.0889440
vn -5.4579597 2.7825251 1.3874716
v -0.1517630 0.0521610 1.0928910
vn -5.4936996 2.8455744 1.0782363
v -0.1556770 0.0429550 1.0969380
vn -5.5262218 2.8585358 0.8536077
v -0.1602290 0.0332410 1.1005380
vn -5.7246108 2.3922067 0.7770138
v -0.1646550 0.0234570 1.1041189
vn -5.8906651 2.0011671 0.7709708
v -0.1681450 0.0126630 1.1065980
vn -6.0252585 1.1191835 0.8075389
v -0.1713780 0.0017810 1.1090471
vn -6.1847425 0.3370886 0.8493177
v -0.1725980 -0.0127630 1.1072460
vn -5.9191046 -0.9568652 0.8227358
v -0.1734660 -0.0273310 1.1054070
vn -5.7279363 -2.1516395 1.1055477
v -0.1691300 -0.0410600 1.1016380
vn -4.7108755 -3.3322563 1.2300786
v -0.1646280 -0.0547430 1.0978520
vn -3.9974222 -4.5635843 1.2729530
v -0.1567070 -0.0633610 1.0918990
vn -3.6793077 -4.6895294 1.7707431
v -0.1487640 -0.0719600 1.0859450
vn -3.3582063 -4.9280863 1.9158437
v -0.1426350 -0.0779780 1.0811729
vn -3.9668894 -3.5350051 2.9562068
v -0.1365220 -0.0840070 1.0764120
vn -4.3886161 -2.1741867 3.9056921
v -0.1328670 -0.0932400 1.0746880
vn -3.8653088 0.2273679 4.3384323
v -0.1297880 -0.1028020 1.0734470
vn -3.4989707 2.4466057 4.6030750
v -0.1324400 -0.1137940 1.0771940
vn -3.3821673 2.3989594 4.7183418
v -0.1351620 -0.1247440 1.0810241
vn -3.3113058 2.3551805 4.7917995
v -0.1374250 -0.1354250 1.0847840
vn -3.2879653 2.2158389 4.8733225
v -0.1396270 -0.1461470 1.0884590
vn -3.2647979 2.0926256 4.9436274
v -0.1413730 -0.1575360 1.0922240
vn -3.2596591 1.9239432 5.0136271
v -0.1430390 -0.1689760 1.0958710
vn -3.2568591 1.7523899 5.0791111
v -0.1436920 -0.1819260 1.1000700
vn -3.2778330 1.5799136 5.1206841
v -0.1442290 -0.1949380 1.1040710
vn -3.3287911 1.4379950 5.1309791
v -0.1440440 -0.2091520 1.1082680
vn -0.6751670 0.2856069 1.0413861
v -0.1437860 -0.2233750 1.1123360
vn -1.4269136 1.4232081 2.5886130
v -0.1621390 0.3113040 0.9356280
vn -2.8026764 2.4445024 5.0607433
v -0.1566830 0.3064390 0.9412280
vn -3.0583792 2.0175624 5.0973549
v -0.1512820 0.3004390 0.9468480
vn -3.2511539 2.0794392 4.9445710
v -0.1458780 0.2944370 0.9524540
vn -3.8018379 1.9528317 4.5696540
v -0.1425840 0.2873150 0.9581870
vn -4.2634988 2.1651545 4.0053797
v -0.1393310 0.2802110 0.9639650
vn -4.4067988 2.6841645 3.5781357
v -0.1381590 0.2732000 0.9706200
vn -4.5504079 2.8532271 3.2361646
v -0.1370370 0.2662140 0.9773040
vn -4.5306606 3.1413493 3.0132408
v -0.1364780 0.2598890 0.9847040
vn -4.5703120 3.1770613 2.9128432
v -0.1359420 0.2535800 0.9921180
vn -4.5424552 3.2650902 2.8606496
v -0.1366220 0.2465260 0.9990790
vn -4.5610337 3.2107687 2.8921089
v -0.1372990 0.2394710 1.0060380
vn -4.5942249 3.1389029 2.9185808
v -0.1381860 0.2321530 1.0125690
vn -4.6433911 3.0109179 2.9734430
v -0.1390330 0.2248040 1.0190760
vn -4.7095871 2.8633556 3.0161996
v -0.1398510 0.2171760 1.0251350
vn -4.7745690 2.6933556 3.0682721
v -0.1405920 0.2095060 1.0311480
vn -4.8372965 2.5221410 3.1169882
v -0.1412160 0.2015100 1.0367600
vn -4.8921032 2.3486521 3.1649897
v -0.1417500 0.1934690 1.0423160
vn -4.9354787 2.1778097 3.2210176
v -0.1421230 0.1850300 1.0475791
vn -4.9687490 2.0284619 3.2660427
v -0.1423930 0.1765470 1.0527760
vn -4.9926329 1.8832154 3.3172371
v -0.1425270 0.1677990 1.0576630
vn -5.0148468 1.7474463 3.3572199
v -0.1425530 0.1590120 1.0624750
vn -5.0458822 1.6079284 3.3808062
v -0.1424600 0.1499160 1.0670660
vn -5.0790305 1.4490327 3.4020562
v -0.1422610 0.1407910 1.0715860
vn -5.1404457 1.2580954 3.3858848
v -0.1419350 0.1313730 1.0757430
vn -5.2038760 1.0577871 3.3575072
v -0.1414350 0.1219220 1.0797800
vn -5.3031473 0.8803669 3.2496438
v -0.1408360 0.1121430 1.0834990
vn -5.4056273 0.8209618 3.0935025
v -0.1401580 0.1023580 1.0871730
vn -5.5144281 0.8921381 2.8677673
v -0.1397900 0.0922430 1.0906121
vn -5.5640783 1.3510762 2.5416958
v -0.1397700 0.0821790 1.0942349
vn -5.5860620 1.9096388 2.1268942
v -0.1413370 0.0724150 1.0977520
vn -5.4517517 2.5724111 1.6772547
v -0.1436300 0.0628930 1.1015429
vn -5.3224335 3.0660977 1.3127378
v -0.1479250 0.0532910 1.1059771
vn -5.3666182 3.0771196 1.0984308
v -0.1524830 0.0438330 1.1104650
vn -5.4270010 2.9866953 1.0458522
v -0.1573740 0.0337930 1.1144170
vn -5.6593113 2.4647477 1.0384935
v -0.1621010 0.0236500 1.1183370
vn -5.8564353 1.9360306 1.1900610
v -0.1655630 0.0120050 1.1211020
vn -6.0089946 0.9842311 1.2383097
v -0.1687150 0.0002500 1.1238060
vn -6.1214452 0.0089640 1.4063097
v -0.1694120 -0.0151050 1.1214370
vn -5.7980375 -1.4762392 1.2358787
v -0.1698140 -0.0304610 1.1190060
vn -5.1849551 -3.0780172 1.6753243
v -0.1640810 -0.0432470 1.1133450
vn -4.1046619 -4.1040692 2.1364837
v -0.1582750 -0.0560020 1.1076720
vn -3.2994599 -4.9581790 1.9886508
v -0.1502140 -0.0640880 1.1008869
vn -3.0466146 -4.9659381 2.3527589
v -0.1421530 -0.0721730 1.0941010
vn -3.0845015 -4.9455214 2.3464248
v -0.1370400 -0.0777770 1.0890030
vn -3.8677104 -3.9357045 2.7030034
v -0.1319350 -0.0833740 1.0839210
vn -4.3637147 -2.7007737 3.6038668
v -0.1272360 -0.0930840 1.0817490
vn -4.0260272 -0.1664903 4.2205353
v -0.1229290 -0.1030950 1.0799360
vn -3.7605402 2.2052388 4.5210962
v -0.1248760 -0.1141930 1.0836450
vn -3.5223818 2.2637157 4.6847243
v -0.1269060 -0.1252430 1.0874480
vn -3.4252968 2.2540050 4.7602944
v -0.1289540 -0.1358680 1.0910521
vn -3.3596156 2.1432467 4.8565068
v -0.1309700 -0.1465170 1.0946140
vn -3.3161075 2.0221205 4.9386535
v -0.1324450 -0.1578610 1.0983300
vn -3.2781825 1.8784928 5.0182166
v -0.1338760 -0.1692320 1.1019770
vn -3.2591710 1.7107298 5.0917978
v -0.1344160 -0.1820370 1.1060570
vn -3.2309422 1.5984696 5.1454449
v -0.1348600 -0.1948870 1.1099780
vn -2.5817373 1.1900773 4.0599236
v -0.1346040 -0.2086620 1.1141970
vn -1.0682805 0.8677640 1.7109336
v -0.1578080 0.3168780 0.9347280
vn -3.2461472 2.1092110 4.8613267
v -0.1519810 0.3119860 0.9407620
vn -3.4438984 1.8830622 4.8440328
v -0.1461440 0.3070850 0.9467670
vn -3.6544452 1.6073378 4.7350292
v -0.1408840 0.3011640 0.9528160
vn -3.9594026 1.8527459 4.3093247
v -0.1356450 0.2952510 0.9588860
vn -4.2332964 2.3651333 3.9096246
v -0.1330320 0.2887700 0.9655800
vn -4.5096288 2.4406559 3.5355079
v -0.1304700 0.2823130 0.9723150
vn -4.5928693 2.8278186 3.1970127
v -0.1298450 0.2754830 0.9791890
vn -4.6596947 2.9179204 3.0096211
v -0.1292700 0.2686800 0.9860960
vn -4.6706891 3.0881865 2.8386037
v -0.1285880 0.2626980 0.9936790
vn -4.6986899 3.1063008 2.7726529
v -0.1279370 0.2567360 1.0012830
vn -4.6885934 3.1619904 2.7304196
v -0.1286530 0.2497180 1.0081720
vn -4.7121134 3.1164513 2.7446153
v -0.1293750 0.2427020 1.0150660
vn -4.7378368 3.0580907 2.7644103
v -0.1302330 0.2354410 1.0216740
vn -4.7882538 2.9466441 2.8011112
v -0.1310590 0.2281620 1.0282650
vn -4.8364019 2.8239045 2.8440285
v -0.1319640 0.2205650 1.0344011
vn -4.8947964 2.6545036 2.9080923
v -0.1327740 0.2129190 1.0404860
vn -4.9420333 2.4985046 2.9663930
v -0.1334150 0.2049730 1.0462610
vn -4.9880619 2.3168385 3.0360065
v -0.1339440 0.1969710 1.0519720
vn -5.0244555 2.1463337 3.1015601
v -0.1343430 0.1884850 1.0573570
vn -5.0501356 1.9892385 3.1637242
v -0.1346150 0.1799500 1.0626670
vn -5.0684876 1.8524818 3.2174971
v -0.1347210 0.1710890 1.0677140
vn -5.0931563 1.7289611 3.2470970
v -0.1347330 0.1621970 1.0727050
vn -5.1216993 1.6001935 3.2682672
v -0.1347060 0.1529950 1.0773720
vn -5.1715822 1.4815120 3.2448385
v -0.1345800 0.1437610 1.0819740
vn -5.2352772 1.3269161 3.2093973
v -0.1344360 0.1342240 1.0863060
vn -5.3290272 1.1733521 3.1113682
v -0.1341590 0.1246600 1.0905610
vn -5.4244218 1.0257442 2.9969149
v -0.1339000 0.1146940 1.0945060
vn -5.5243483 0.9988747 2.8126905
v -0.1335890 0.1047200 1.0984190
vn -5.6108732 1.0988955 2.5939319
v -0.1336590 0.0943610 1.1021760
vn -5.6193628 1.5816127 2.2521563
v -0.1340780 0.0840700 1.1060940
vn -5.5616417 2.2083311 1.8921471
v -0.1362780 0.0740440 1.1100200
vn -5.3835130 2.7851756 1.5732874
v -0.1391670 0.0642920 1.1141900
vn -5.1850243 3.2963877 1.3133053
v -0.1440770 0.0544160 1.1190540
vn -5.2420435 3.1997604 1.3001781
v -0.1491800 0.0446430 1.1239671
vn -5.2802658 3.1119454 1.3429846
v -0.1543470 0.0342450 1.1282630
vn -5.5100536 2.4528205 1.5065203
v -0.1593290 0.0237400 1.1325130
vn -5.7058697 1.8958439 1.7318480
v -0.1627290 0.0112560 1.1355571
vn -5.7269964 0.6627709 1.9373462
v -0.1658370 -0.0013260 1.1385200
vn -5.7934923 -0.3655176 2.2265325
v -0.1660510 -0.0174520 1.1355820
vn -4.7425938 -2.2041864 2.1512282
v -0.1660850 -0.0335780 1.1325890
vn -3.9966848 -3.9570603 2.4490287
v -0.1590070 -0.0454210 1.1250440
vn -2.7956629 -4.4513273 2.7059810
v -0.1519040 -0.0572480 1.1174860
vn -1.9741457 -5.0140920 2.8495131
v -0.1437190 -0.0648060 1.1098660
vn -1.8255117 -4.8748879 3.2073750
v -0.1355330 -0.0723560 1.1022440
vn -1.9723673 -4.8650780 3.1647656
v -0.1314380 -0.0775320 1.0968380
vn -3.3560581 -3.9481952 3.4100251
v -0.1273420 -0.0827140 1.0914260
vn -4.0360122 -3.0740335 3.7001677
v -0.1215510 -0.0929080 1.0887800
vn -4.0981007 -0.4281197 4.0560822
v -0.1161140 -0.1033870 1.0864660
vn -3.9926898 1.9346743 4.4416246
v -0.1173260 -0.1145790 1.0901140
vn -3.7362745 2.0460544 4.6101198
v -0.1186700 -0.1257270 1.0938990
vn -3.5492563 2.1421552 4.7203851
v -0.1205050 -0.1362950 1.0973520
vn -3.4538698 2.0345879 4.8371730
v -0.1223100 -0.1468870 1.1007650
vn -3.3713262 1.9443465 4.9326491
v -0.1235310 -0.1581770 1.1044550
vn -3.3097620 1.8004054 5.0268517
v -0.1246910 -0.1695000 1.1080520
vn -3.2457051 1.6668327 5.1149230
v -0.1251250 -0.1821530 1.1120189
vn -3.2057540 1.5836618 5.1661296
v -0.1254590 -0.1948480 1.1158280
vn -3.1997833 1.5833316 5.1699991
v -0.1251340 -0.2081920 1.1200690
vn -1.1098100 0.5620049 1.8030119
v -0.1248390 -0.2215040 1.1243730
vn -1.8117776 1.0313239 2.3525186
v -0.1496880 0.3187860 0.9401620
vn -3.8157682 1.7435408 4.6679287
v -0.1422990 0.3144830 0.9477390
vn -3.9654782 1.7722459 4.5210805
v -0.1349100 0.3101800 0.9553390
vn -4.3294430 1.6689179 4.2083807
v -0.1302110 0.3044360 0.9623920
vn -4.6421247 1.7642115 3.7928138
v -0.1255570 0.2987060 0.9694970
vn -4.7672129 2.2043185 3.4440424
v -0.1234150 0.2924380 0.9763930
vn -4.8693461 2.3854704 3.1492329
v -0.1213440 0.2862040 0.9833340
vn -4.8594613 2.6972423 2.9300864
v -0.1208000 0.2795620 0.9902630
vn -4.8744435 2.8075819 2.7922564
v -0.1203130 0.2729510 0.9972290
vn -4.8568230 2.9482801 2.6822484
v -0.1202490 0.2665780 1.0042760
vn -4.8602252 2.9972944 2.6194835
v -0.1202330 0.2602300 1.0113471
vn -4.8504834 3.0506952 2.5772293
v -0.1209390 0.2534120 1.0180750
vn -4.8697829 3.0146265 2.5833549
v -0.1216470 0.2465950 1.0248060
vn -4.8935289 2.9655805 2.5952601
v -0.1225550 0.2394210 1.0313540
vn -4.9265194 2.8736670 2.6352911
v -0.1234310 0.2322300 1.0378870
vn -4.9686928 2.7532969 2.6848285
v -0.1243520 0.2246700 1.0440760
vn -5.0172644 2.5892355 2.7548878
v -0.1251710 0.2170570 1.0502110
vn -5.0495634 2.4301741 2.8413310
v -0.1258220 0.2090700 1.0560540
vn -5.0767918 2.2723238 2.9202981
v -0.1263560 0.2010310 1.0618330
vn -5.1003823 2.1006987 3.0082960
v -0.1267470 0.1925080 1.0673209
vn -5.1180391 1.9501677 3.0774198
v -0.1269920 0.1839290 1.0727260
vn -5.1350780 1.8145499 3.1330559
v -0.1270800 0.1749650 1.0778760
vn -5.1478796 1.7270236 3.1612403
v -0.1270770 0.1659700 1.0829690
vn -5.1923561 1.6347424 3.1371903
v -0.1271050 0.1566550 1.0878350
vn -5.2431154 1.5509682 3.0952575
v -0.1270690 0.1473190 1.0926630
vn -5.3311167 1.4508687 2.9896731
v -0.1271480 0.1376510 1.0972830
vn -5.4280643 1.3191444 2.8757362
v -0.1271470 0.1279700 1.1018690
vn -5.5312510 1.1985019 2.7247977
v -0.1272690 0.1178980 1.1061130
vn -5.6241817 1.1721250 2.5405045
v -0.1273420 0.1078240 1.1103311
vn -5.6954861 1.2689259 2.3213806
v -0.1278380 0.0973720 1.1143330
vn -5.6859245 1.7172180 1.9933277
v -0.1286840 0.0869930 1.1184740
vn -5.5867820 2.2812772 1.7326504
v -0.1312440 0.0763580 1.1228570
vn -5.3694363 2.8667369 1.4901175
v -0.1345230 0.0660160 1.1274620
vn -5.1674438 3.2858231 1.4062076
v -0.1395960 0.0557990 1.1325330
vn -5.2064233 3.1848698 1.4805703
v -0.1447650 0.0456360 1.1376261
vn -5.2504025 3.0159454 1.6740311
v -0.1497680 0.0345640 1.1423680
vn -5.4718952 2.3151717 1.8964398
v -0.1545680 0.0233640 1.1470470
vn -5.6321263 1.6197914 2.2575645
v -0.1572170 0.0100370 1.1503969
vn -5.6403403 0.2382228 2.3904095
v -0.1595880 -0.0033710 1.1536380
vn -5.3882189 -1.2884099 2.9234459
v -0.1582650 -0.0188500 1.1493779
vn -4.1472154 -3.1471024 2.8977070
v -0.1568280 -0.0343160 1.1450680
vn -2.4789619 -4.8885403 2.9849446
v -0.1490350 -0.0439490 1.1357900
vn -1.1896634 -5.0684624 3.4843664
v -0.1412390 -0.0535820 1.1265130
vn -0.2648654 -5.1613402 3.5363648
v -0.1350650 -0.0594960 1.1184460
vn -0.2657088 -4.6108851 4.1905780
v -0.1288930 -0.0654060 1.1103810
vn -1.4843284 -4.3805599 4.2281160
v -0.1252300 -0.0723280 1.1044790
vn -2.8954449 -3.5920787 4.1082735
v -0.1215590 -0.0792610 1.0985790
vn -3.9820836 -2.7449901 4.0046868
v -0.1149010 -0.0912770 1.0965990
vn -4.3949304 -0.6465027 3.9242308
v -0.1085190 -0.1035320 1.0949390
vn -4.2456646 1.5296212 4.3637605
v -0.1094260 -0.1147310 1.0978210
vn -3.8885801 1.7889490 4.5964947
v -0.1104980 -0.1259040 1.1008530
vn -3.6920352 1.9497387 4.6936851
v -0.1121230 -0.1364720 1.1039850
vn -3.5431359 1.8918393 4.8313475
v -0.1137310 -0.1470510 1.1071000
vn -3.4363928 1.8180565 4.9352942
v -0.1147860 -0.1582740 1.1105610
vn -3.3351398 1.7015781 5.0441236
v -0.1158030 -0.1695150 1.1139610
vn -3.2339432 1.5677611 5.1531677
v -0.1161630 -0.1818730 1.1175870
vn -3.1221151 1.5640547 5.2232695
v -0.1164680 -0.1942530 1.1211120
vn -3.1175385 1.6041120 5.2139459
v -0.1162390 -0.2070440 1.1250790
vn -1.5687114 0.8170460 2.5963521
v -0.1160910 -0.2197820 1.1291770
vn -2.0479841 0.8945153 2.4019086
v -0.1415470 0.3206850 0.9455300
vn -4.2075715 0.7504850 4.3628030
v -0.1326110 0.3169780 0.9547200
vn -4.4626622 0.9573542 3.9855170
v -0.1237370 0.3132970 0.9639750
vn -4.7409830 1.7864591 3.6064286
v -0.1196190 0.3077390 0.9720550
vn -4.9435639 1.8342347 3.3042231
v -0.1155790 0.3022100 0.9801940
vn -5.0089359 2.2244687 3.0309837
v -0.1139200 0.2961700 0.9872910
vn -5.0626092 2.3409979 2.8367658
v -0.1123230 0.2901550 0.9944230
vn -5.0597725 2.5793588 2.6610193
v -0.1118710 0.2837090 1.0014110
vn -5.0656943 2.6762679 2.5466063
v -0.1115020 0.2773030 1.0084420
vn -5.0435953 2.8142028 2.4560978
v -0.1120700 0.2705490 1.0149560
vn -5.0359221 2.8564417 2.4224620
v -0.1126750 0.2638140 1.0214880
vn -5.0199866 2.9176097 2.3880403
v -0.1133770 0.2572000 1.0280590
vn -5.0312786 2.8859127 2.4077809
v -0.1141000 0.2505950 1.0346420
vn -5.0337725 2.8620110 2.4323840
v -0.1150400 0.2434980 1.0411190
vn -5.0538216 2.7764912 2.4921353
v -0.1159350 0.2363760 1.0475760
vn -5.0659771 2.7030592 2.5484066
v -0.1168780 0.2288480 1.0538230
vn -5.1006012 2.5300822 2.6546609
v -0.1177300 0.2212750 1.0600270
vn -5.1231346 2.3750103 2.7544188
v -0.1183690 0.2132370 1.0659240
vn -5.1392956 2.2121844 2.8565235
v -0.1188970 0.2051510 1.0717620
vn -5.1479173 2.0627759 2.9529686
v -0.1192250 0.1965650 1.0773240
vn -5.1618552 1.9254814 3.0197484
v -0.1194470 0.1879400 1.0828280
vn -5.1778831 1.7975886 3.0716536
v -0.1195330 0.1788740 1.0880899
vn -5.2099962 1.7397832 3.0500417
v -0.1195390 0.1697820 1.0933011
vn -5.2505941 1.6866971 3.0095212
v -0.1196510 0.1603590 1.0983829
vn -5.3213620 1.6486228 2.9028537
v -0.1197650 0.1509360 1.1034690
vn -5.4003701 1.5951166 2.7852631
v -0.1201080 0.1411400 1.1084040
vn -5.4993467 1.4946055 2.6420262
v -0.1204580 0.1313500 1.1133420
vn -5.5969143 1.3816776 2.4974055
v -0.1209810 0.1211690 1.1178840
vn -5.6835151 1.3576407 2.3013315
v -0.1214460 0.1109780 1.1224000
vn -5.7490325 1.4317578 2.0847666
v -0.1223620 0.1004450 1.1266270
vn -5.7162275 1.8131977 1.8231544
v -0.1235710 0.0899800 1.1309590
vn -5.6211295 2.3074870 1.5766596
v -0.1264150 0.0787360 1.1357410
vn -5.4063683 2.8204474 1.4478112
v -0.1299440 0.0677630 1.1407440
vn -5.1985111 3.2306335 1.4197361
v -0.1350540 0.0571360 1.1459880
vn -5.2354965 3.0613568 1.6195750
v -0.1402500 0.0465590 1.1512541
vn -5.2506371 2.8935428 1.8696619
v -0.1450570 0.0347950 1.1564291
vn -5.4183412 2.0759633 2.2138646
v -0.1496350 0.0229020 1.1615191
vn -5.5390759 1.3623427 2.6051760
v -0.1515520 0.0087670 1.1651690
vn -5.1708221 -0.4606671 2.8725209
v -0.1532310 -0.0054310 1.1687090
vn -4.9037848 -2.1603398 3.2279339
v -0.1504290 -0.0202440 1.1631449
vn -2.8926976 -3.8128057 2.8730927
v -0.1475480 -0.0350400 1.1575320
vn -0.9474678 -5.4033804 2.9068384
v -0.1390600 -0.0424660 1.1465290
vn -0.4982192 -3.0387318 1.8184848
v -0.1305640 -0.0498670 1.1355090
vn 0.2393559 -2.7547393 1.4923924
v -0.1264090 -0.0541200 1.1269810
vn 0.5122666 -2.9675899 2.8707547
v -0.1222510 -0.0583810 1.1184690
vn 0.3084099 -3.3648808 4.7242813
v -0.1190050 -0.0670560 1.1120549
vn -2.1282074 -2.7985973 5.0284548
v -0.1157450 -0.0757510 1.1056720
vn -3.4930172 -2.2247522 4.6493349
v -0.1081980 -0.0896420 1.1043921
vn -4.2913642 -0.4066300 4.3037930
v -0.1009290 -0.1036560 1.1034290
vn -4.3541803 1.1389439 4.3831720
v -0.1015590 -0.1148780 1.1055540
vn -4.0441628 1.4820331 4.5587029
v -0.1023540 -0.1260670 1.1078340
vn -3.7884517 1.7543848 4.6950884
v -0.1037630 -0.1366360 1.1106440
vn -3.6130285 1.7102201 4.8457861
v -0.1051720 -0.1472060 1.1134590
vn -3.4412799 1.6858463 4.9791403
v -0.1060570 -0.1583630 1.1166810
vn -3.2920227 1.5611629 5.1158242
v -0.1068940 -0.1695430 1.1198330
vn -3.1498108 1.4619260 5.2353482
v -0.1071720 -0.1816100 1.1230969
vn -3.0418096 1.5139523 5.2846079
v -0.1074010 -0.1936920 1.1262730
vn -2.9994953 1.6352453 5.2727814
v -0.1072980 -0.2059180 1.1299970
vn -1.5021303 0.8362610 2.6248608
v -0.1072970 -0.2180870 1.1338960
vn -2.3567057 0.2960741 2.1659827
v -0.1262750 0.3299890 0.9606050
vn -4.6025395 0.7688292 4.2003465
v -0.1257290 0.3251720 0.9618360
vn -4.8156910 0.3924048 3.9864552
v -0.1198920 0.3210140 0.9692590
vn -5.0596075 0.6949718 3.5353251
v -0.1141660 0.3168800 0.9767500
vn -5.2120576 1.4082479 3.2104414
v -0.1109600 0.3114630 0.9842270
vn -5.2985988 1.6071069 2.9328206
v -0.1078460 0.3060710 0.9917570
vn -5.3114510 1.9722750 2.7147069
v -0.1064420 0.3001870 0.9986320
vn -5.3279085 2.1326210 2.5409541
v -0.1051380 0.2943360 1.0055560
vn -5.3028808 2.3560150 2.4076979
v -0.1048010 0.2880590 1.0123010
vn -5.2890787 2.4789376 2.3080800
v -0.1045600 0.2818300 1.0190890
vn -5.2526159 2.6067307 2.2554345
v -0.1050350 0.2752540 1.0255370
vn -5.2302237 2.6680610 2.2352171
v -0.1055480 0.2686920 1.0319990
vn -5.2053347 2.7211940 2.2300880
v -0.1062550 0.2620400 1.0384580
vn -5.1920481 2.7249420 2.2567954
v -0.1069640 0.2553920 1.0449160
vn -5.1827621 2.7081628 2.2979534
v -0.1078710 0.2483010 1.0513279
vn -5.1845055 2.6440098 2.3675265
v -0.1087210 0.2411840 1.0577170
vn -5.1782470 2.5702205 2.4608638
v -0.1095920 0.2336370 1.0639280
vn -5.1785464 2.4479153 2.5796213
v -0.1103680 0.2260470 1.0700960
vn -5.1868615 2.2971096 2.7011800
v -0.1109680 0.2179460 1.0760400
vn -5.1899166 2.1502960 2.8111660
v -0.1114340 0.2097870 1.0819150
vn -5.1940560 2.0045199 2.9122219
v -0.1116990 0.2011240 1.0875430
vn -5.1921959 1.9072933 2.9793618
v -0.1118590 0.1924230 1.0931120
vn -5.2217112 1.8137790 2.9868202
v -0.1119530 0.1832670 1.0985230
vn -5.2496591 1.7896528 2.9522796
v -0.1120310 0.1741060 1.1039220
vn -5.3073196 1.7694180 2.8588486
v -0.1122770 0.1645890 1.1092700
vn -5.3634892 1.7785151 2.7467008
v -0.1125900 0.1550900 1.1146480
vn -5.4439363 1.7465236 2.6036737
v -0.1131940 0.1452360 1.1200160
vn -5.5276365 1.6782941 2.4710929
v -0.1137840 0.1353860 1.1253810
vn -5.6235313 1.5988636 2.2971318
v -0.1147110 0.1250910 1.1303051
vn -5.7130127 1.5560981 2.1010275
v -0.1156210 0.1147960 1.1352201
vn -5.7710528 1.6119272 1.8840159
v -0.1169620 0.1039270 1.1398700
vn -5.7618980 1.8889699 1.6147226
v -0.1185840 0.0931270 1.1446160
vn -5.6615114 2.2851927 1.4738539
v -0.1216020 0.0816100 1.1496110
vn -5.5039015 2.6910095 1.3621454
v -0.1251900 0.0702970 1.1547670
vn -5.3142805 3.0125916 1.4628004
v -0.1301390 0.0588970 1.1601200
vn -5.3320303 2.8368025 1.7110722
v -0.1351460 0.0475300 1.1654871
vn -5.3285494 2.5957534 2.0745270
v -0.1394200 0.0351110 1.1705420
vn -5.4316511 1.7680281 2.4667916
v -0.1434290 0.0225530 1.1754950
vn -5.4550705 0.9511929 2.9556055
v -0.1444090 0.0085850 1.1784461
vn -4.9920669 -0.8834260 3.2045538
v -0.1451770 -0.0054300 1.1812840
vn -4.3297610 -2.8262618 3.5478334
v -0.1410450 -0.0191320 1.1754680
vn -2.1069913 -4.5057344 2.6950221
v -0.1368680 -0.0328110 1.1696140
vn -0.1194761 -2.9191053 1.2347010
v -0.1292530 -0.0361960 1.1565870
vn 0.1504449 -0.9937252 2.5148778
v -0.1088900 -0.0540730 1.1138500
vn -1.7082200 -1.1667233 5.8755646
v -0.1040190 -0.0666980 1.1109220
vn -3.3161981 -0.8858151 5.2122965
v -0.0984830 -0.0850530 1.1114370
vn -4.5749326 -0.2145524 4.1882639
v -0.0930520 -0.1033890 1.1120681
vn -4.4078579 0.8395078 4.3941016
v -0.0936270 -0.1146880 1.1135070
vn -4.1416693 1.1818516 4.5662823
v -0.0943470 -0.1259810 1.1150790
vn -3.8821740 1.4789097 4.7105298
v -0.0955780 -0.1365340 1.1173570
vn -3.6501489 1.4829655 4.8943062
v -0.0968360 -0.1470810 1.1196710
vn -3.4302502 1.4615371 5.0548544
v -0.0975650 -0.1581260 1.1224149
vn -3.2116413 1.4028268 5.2140570
v -0.0982660 -0.1691840 1.1251160
vn -3.0560460 1.3380995 5.3232994
v -0.0986110 -0.1810240 1.1279210
vn -2.9039798 1.4666378 5.3744292
v -0.0989400 -0.1928600 1.1306980
vn -2.8722174 1.6435245 5.3408647
v -0.0988980 -0.2047470 1.1342450
vn -1.4332193 0.8515971 2.6624398
v -0.0989630 -0.2165710 1.1379920
vn -2.0979426 0.1346226 1.5813396
v -0.1132080 0.3396000 0.9734900
vn -5.0592356 0.2549468 3.6181862
v -0.1116920 0.3346580 0.9759220
vn -5.0689201 0.6574624 3.4806530
v -0.1102120 0.3297170 0.9783750
vn -5.2195525 0.9125642 3.2548752
v -0.1074760 0.3251100 0.9839950
vn -5.3577886 0.9871646 3.0051067
v -0.1047920 0.3205100 0.9896470
vn -5.4417448 1.3396796 2.7791409
v -0.1025170 0.3152460 0.9965160
vn -5.4933386 1.4952204 2.5778961
v -0.1003360 0.3100030 1.0034350
vn -5.5010557 1.8110251 2.4008901
v -0.0992330 0.3042990 1.0101020
vn -5.4998999 1.9488683 2.2871065
v -0.0982390 0.2986290 1.0168170
vn -5.4684496 2.1697111 2.1849635
v -0.0979990 0.2925280 1.0233060
vn -5.4411178 2.2810848 2.1373637
v -0.0978620 0.2864650 1.0298370
vn -5.3999214 2.4182203 2.1020346
v -0.0982160 0.2800580 1.0362040
vn -5.3712606 2.4834869 2.0986173
v -0.0986250 0.2736720 1.0425930
vn -5.3376918 2.5565257 2.1024034
v -0.0993280 0.2669830 1.0489330
vn -5.3183870 2.5593488 2.1488407
v -0.1000360 0.2602950 1.0552770
vn -5.2913895 2.5733917 2.2003427
v -0.1008800 0.2531970 1.0616120
vn -5.2791982 2.5050504 2.3072755
v -0.1016860 0.2460820 1.0679330
vn -5.2588758 2.4488001 2.4126201
v -0.1024450 0.2384940 1.0740970
vn -5.2493801 2.3303585 2.5454371
v -0.1031280 0.2308740 1.0802280
vn -5.2362132 2.2177420 2.6719873
v -0.1036210 0.2226800 1.0861850
vn -5.2336402 2.0817864 2.7823169
v -0.1040280 0.2144480 1.0921000
vn -5.2322741 1.9504328 2.8802109
v -0.1042140 0.2057020 1.0977809
vn -5.2414789 1.8871392 2.9054835
v -0.1043270 0.1969280 1.1034230
vn -5.2587042 1.8371288 2.9063683
v -0.1044740 0.1876970 1.1090111
vn -5.2894611 1.8416599 2.8461349
v -0.1046080 0.1784610 1.1145880
vn -5.3246641 1.8766620 2.7572973
v -0.1050340 0.1688590 1.1202180
vn -5.3732271 1.8993076 2.6438408
v -0.1055200 0.1592800 1.1258800
vn -5.4257936 1.9307942 2.5120900
v -0.1063320 0.1493490 1.1316561
vn -5.5038104 1.8921689 2.3645995
v -0.1072140 0.1394440 1.1374650
vn -5.5873055 1.8479422 2.2011895
v -0.1085500 0.1290340 1.1427730
vn -5.6701059 1.8167208 2.0015979
v -0.1099120 0.1186330 1.1480870
vn -5.7404442 1.8258811 1.7862761
v -0.1117910 0.1074520 1.1531971
vn -5.7315173 2.0102198 1.5976729
v -0.1138140 0.0963200 1.1583470
vn -5.6783314 2.2659645 1.4460169
v -0.1169510 0.0845200 1.1635170
vn -5.5427938 2.5813372 1.4281423
v -0.1205050 0.0728630 1.1688050
vn -5.4170494 2.8042836 1.5066239
v -0.1252940 0.0606910 1.1742671
vn -5.4328642 2.5653627 1.8064942
v -0.1300700 0.0485170 1.1797301
vn -5.4466419 2.2670331 2.1590869
v -0.1337900 0.0354200 1.1846490
vn -5.4629936 1.3202021 2.6339762
v -0.1371830 0.0221890 1.1894500
vn -5.4133415 0.4838266 3.1453876
v -0.1372300 0.0083920 1.1916970
vn -4.7899542 -1.3717694 3.2559130
v -0.1371000 -0.0054310 1.1938430
vn -4.1684484 -3.3839800 3.2589271
v -0.1316600 -0.0180130 1.1877830
vn -2.0087495 -2.1490910 1.7963644
v -0.1261850 -0.0305790 1.1816920
vn -1.4504586 -0.1592802 3.4165006
v -0.0922550 -0.0576170 1.1161020
vn -3.5680270 -0.0347412 5.1707306
v -0.0887300 -0.0803850 1.1184250
vn -4.3226376 0.1191391 4.5410891
v -0.0851520 -0.1031060 1.1206930
vn -4.3084698 0.5475549 4.5383492
v -0.0856780 -0.1145010 1.1214390
vn -4.0481133 0.8922332 4.7128968
v -0.0863370 -0.1258910 1.1223160
vn -3.7735581 1.1975927 4.8757906
v -0.0873940 -0.1364280 1.1240619
vn -3.5118644 1.2181722 5.0588193
v -0.0884710 -0.1469640 1.1258399
vn -3.2515664 1.2326742 5.2287016
v -0.0890370 -0.1579030 1.1280810
vn -3.0206578 1.2126182 5.3674040
v -0.0895900 -0.1688460 1.1303030
vn -2.8208778 1.2094413 5.4782414
v -0.0899950 -0.1804600 1.1326350
vn -2.6900520 1.4055907 5.4982719
v -0.0904160 -0.1920660 1.1350040
vn -2.6121507 1.6622748 5.4644198
v -0.0904240 -0.2036220 1.1383350
vn -1.3369609 0.8917687 2.7833807
v -0.0905550 -0.2150980 1.1419491
vn -2.9969473 -0.0540236 1.6007591
v -0.1026560 0.3397200 0.9925290
vn -5.5731497 0.1495561 2.8799753
v -0.1012480 0.3348340 0.9950100
vn -5.6392422 0.3762676 2.7432497
v -0.0991790 0.3301200 0.9997830
vn -5.6820984 0.6494110 2.5729516
v -0.0972070 0.3254110 1.0046030
vn -5.7148986 0.9567372 2.4267952
v -0.0954650 0.3202150 1.0105790
vn -5.7225032 1.2127948 2.2740426
v -0.0938670 0.3150440 1.0166060
vn -5.7036028 1.4858526 2.1746833
v -0.0929320 0.3094570 1.0227450
vn -5.6755333 1.6864622 2.0931406
v -0.0920880 0.3038940 1.0289190
vn -5.6336517 1.8944492 2.0350742
v -0.0918330 0.2979170 1.0350590
vn -5.5946627 2.0372968 2.0017800
v -0.0916510 0.2919600 1.0412250
vn -5.5472040 2.1801972 1.9860781
v -0.0919140 0.2856230 1.0473660
vn -5.5047178 2.2789760 1.9943426
v -0.0922310 0.2793090 1.0535300
vn -5.4628930 2.3548076 2.0211401
v -0.0928120 0.2726320 1.0597410
vn -5.4300838 2.3795211 2.0808568
v -0.0934020 0.2659620 1.0659560
vn -5.3915758 2.3855016 2.1712003
v -0.0940910 0.2588220 1.0721900
vn -5.3588104 2.3511875 2.2866571
v -0.0947220 0.2516590 1.0784020
vn -5.3293715 2.3028078 2.4020240
v -0.0953310 0.2439860 1.0845259
vn -5.3034697 2.2150340 2.5359976
v -0.0958660 0.2362850 1.0906180
vn -5.2868938 2.1121325 2.6578364
v -0.0962350 0.2280110 1.0965689
vn -5.2672014 2.0206182 2.7644815
v -0.0965260 0.2197050 1.1024790
vn -5.2717533 1.9131879 2.8331101
v -0.0966730 0.2108780 1.1082430
vn -5.2724762 1.8812253 2.8531008
v -0.0967650 0.2020290 1.1139780
vn -5.2916255 1.8519173 2.8366973
v -0.0969500 0.1927110 1.1197070
vn -5.3068032 1.8925164 2.7804565
v -0.0971480 0.1833980 1.1254420
vn -5.3356185 1.9393470 2.6918035
v -0.0976510 0.1737040 1.1313150
vn -5.3580189 2.0183923 2.5858979
v -0.0982390 0.1640390 1.1372310
vn -5.4007483 2.0666356 2.4564054
v -0.0992370 0.1540120 1.1434170
vn -5.4398174 2.1059566 2.3343155
v -0.1003020 0.1440090 1.1496310
vn -5.5187845 2.0938518 2.1491184
v -0.1020620 0.1334960 1.1553520
vn -5.5945997 2.0710299 1.9718847
v -0.1038430 0.1229920 1.1610780
vn -5.6586208 2.0562780 1.7927805
v -0.1061440 0.1116850 1.1666940
vn -5.6921372 2.1220837 1.6016719
v -0.1084980 0.1003950 1.1723239
vn -5.6510057 2.2901518 1.5155673
v -0.1117560 0.0881770 1.1779751
vn -5.5911827 2.4605348 1.4667766
v -0.1152820 0.0760540 1.1837070
vn -5.4831328 2.6114960 1.6055492
v -0.1198270 0.0631690 1.1892400
vn -5.5265217 2.2886574 1.8797827
v -0.1243120 0.0502650 1.1947650
vn -5.5271792 1.9057097 2.2895377
v -0.1274630 0.0365140 1.1992151
vn -5.5004330 0.8425972 2.7247643
v -0.1301850 0.0226250 1.2035021
vn -5.3253756 -0.1503990 3.3110518
v -0.1288940 0.0083310 1.2051420
vn -4.6474023 -1.7480742 3.4554875
v -0.1273870 -0.0059680 1.2066550
vn -4.2854114 -3.3738952 3.1193686
v -0.1222670 -0.0169150 1.2018631
vn -2.1403713 -1.6894469 1.5601104
v -0.1171350 -0.0278530 1.1970590
vn -1.2724689 0.3381735 2.8517313
v -0.0840500 -0.0540650 1.1193330
vn -3.5501094 0.4208782 5.1543603
v -0.0810710 -0.0784500 1.1235540
vn -4.3817945 0.2350259 4.4969683
v -0.0780130 -0.1027830 1.1276780
vn -4.1650467 0.2928289 4.6920729
v -0.0783560 -0.1142460 1.1280020
vn -3.9150112 0.6047040 4.8710141
v -0.0787960 -0.1257060 1.1284410
vn -3.6063244 0.8832669 5.0641842
v -0.0796520 -0.1361690 1.1296320
vn -3.3030183 0.9437881 5.2607241
v -0.0805370 -0.1466300 1.1308759
vn -3.0233102 0.9937274 5.4143844
v -0.0810430 -0.1575930 1.1326060
vn -2.7442913 1.0303476 5.5570211
v -0.0815580 -0.1685570 1.1343480
vn -2.5431159 1.0770946 5.6420064
v -0.0818590 -0.1800830 1.1363750
vn -2.3608103 1.3534250 5.6599417
v -0.0821990 -0.1915900 1.1384790
vn -2.3149703 1.6883063 5.5910773
v -0.0823140 -0.2031060 1.1417010
vn -1.1569046 0.8914565 2.7815855
v -0.0825590 -0.2145260 1.1452590
vn -2.8304768 -0.0221920 1.3790946
v -0.0939650 0.3447840 1.0093070
vn -5.6885734 0.1716715 2.6318560
v -0.0926960 0.3399670 1.0118340
vn -5.7356005 0.4845311 2.5119948
v -0.0913230 0.3351620 1.0157640
vn -5.7542853 0.6843224 2.4130628
v -0.0900460 0.3303590 1.0197361
vn -5.7626438 0.9570071 2.3115993
v -0.0888000 0.3252390 1.0247850
vn -5.7513747 1.1713536 2.2329614
v -0.0876730 0.3201350 1.0298810
vn -5.7282152 1.4125643 2.1607451
v -0.0868560 0.3146650 1.0354710
vn -5.6931119 1.6059701 2.1127934
v -0.0861370 0.3092130 1.0410900
vn -5.6498017 1.8154098 2.0643542
v -0.0858540 0.3033560 1.0468700
vn -5.6070404 1.9519007 2.0547805
v -0.0856570 0.2975240 1.0526800
vn -5.5624647 2.0837162 2.0478966
v -0.0857980 0.2912550 1.0585870
vn -5.5163331 2.1829307 2.0684943
v -0.0859910 0.2850010 1.0645130
vn -5.4720263 2.2660594 2.0971353
v -0.0864200 0.2783300 1.0705880
vn -5.4321046 2.2857158 2.1766229
v -0.0868560 0.2716630 1.0766680
vn -5.3944683 2.2898355 2.2652903
v -0.0873610 0.2644700 1.0827920
vn -5.3610258 2.2584505 2.3714046
v -0.0878320 0.2572630 1.0889010
vn -5.3291636 2.2171373 2.4819534
v -0.0882660 0.2494990 1.0949780
vn -5.3021894 2.1406231 2.6005602
v -0.0886510 0.2417140 1.1010340
vn -5.2806993 2.0561788 2.7134247
v -0.0888900 0.2333570 1.1069720
vn -5.2676048 1.9859539 2.7885487
v -0.0890780 0.2249790 1.1128860
vn -5.2625265 1.9139419 2.8495660
v -0.0891760 0.2160670 1.1187260
vn -5.2678161 1.8997304 2.8493359
v -0.0892470 0.2071450 1.1245530
vn -5.2757392 1.9002432 2.8343065
v -0.0894660 0.1977380 1.1304240
vn -5.2840195 1.9538150 2.7814469
v -0.0897060 0.1883410 1.1363050
vn -5.2900987 2.0436168 2.7042649
v -0.0902970 0.1785560 1.1424290
vn -5.2956581 2.1272254 2.6267383
v -0.0909720 0.1688010 1.1485920
vn -5.2981849 2.2414737 2.5233369
v -0.0920780 0.1586480 1.1551501
vn -5.3175216 2.3100140 2.4167914
v -0.0932770 0.1485340 1.1617510
vn -5.3458371 2.3897831 2.2675712
v -0.0954090 0.1378940 1.1678710
vn -5.4088354 2.3619199 2.1380742
v -0.0975800 0.1272760 1.1740080
vn -5.4711790 2.3488772 1.9874623
v -0.1002620 0.1158300 1.1801270
vn -5.5126834 2.3556280 1.8621629
v -0.1029570 0.1043900 1.1862530
vn -5.5334153 2.3883386 1.7591159
v -0.1063760 0.0917610 1.1923980
vn -5.4947314 2.4641583 1.7783003
v -0.1099170 0.0791780 1.1985830
vn -5.4569502 2.4763367 1.8738685
v -0.1142350 0.0655950 1.2041900
vn -5.4847226 2.0771823 2.1726832
v -0.1184300 0.0519630 1.2097620
vn -5.5192304 1.5812459 2.5345688
v -0.1210590 0.0375870 1.2137671
vn -5.3933177 0.4015884 2.9492130
v -0.1231390 0.0230550 1.2175339
vn -5.2069345 -0.7423735 3.4296229
v -0.1205500 0.0082620 1.2185870
vn -4.5562100 -2.0966575 3.4683819
v -0.1176580 -0.0065000 1.2194530
vn -4.1309290 -3.3723915 3.3133059
v -0.1128780 -0.0158180 1.2159460
vn -2.1557384 -1.7671646 1.7230363
v -0.1080860 -0.0251270 1.2124270
vn -1.2192855 0.3779617 2.3070648
v -0.0758500 -0.0505170 1.1225780
vn -3.4332108 0.8723154 5.1846347
v -0.0734160 -0.0765110 1.1286740
vn -3.8574243 0.3495331 4.8915319
v -0.0708340 -0.1024570 1.1346160
vn -3.7751343 0.0206244 5.0028057
v -0.0709680 -0.1139910 1.1344880
vn -3.4875946 0.2822569 5.2011728
v -0.0711750 -0.1255320 1.1344570
vn -3.1708961 0.5360547 5.3792725
v -0.0718110 -0.1359260 1.1350549
vn -2.8738489 0.6521599 5.5306401
v -0.0724990 -0.1463160 1.1357480
vn -2.5698757 0.7361108 5.6704607
v -0.0729470 -0.1573080 1.1369380
vn -2.3146532 0.8252839 5.7685919
v -0.0734210 -0.1682970 1.1381840
vn -2.0594106 0.9356061 5.8495865
v -0.0736130 -0.1797530 1.1398510
vn -1.9131626 1.2893431 5.8355422
v -0.0738650 -0.1911710 1.1416880
vn -1.8077863 1.7133611 5.7586050
v -0.0740930 -0.2026700 1.1447680
vn -0.9144351 0.9322245 2.8934264
v -0.0744530 -0.2140410 1.1483140
vn -1.6470790 -0.0364895 0.7307070
v -0.0869860 0.3495810 1.0251850
vn -4.1273527 0.1281842 1.7809458
v -0.0858910 0.3450050 1.0274431
vn -5.7648597 0.3738125 2.4704816
v -0.0846720 0.3403590 1.0308810
vn -5.7696447 0.6057749 2.4080424
v -0.0835310 0.3357180 1.0343510
vn -5.7597418 0.8604862 2.3580699
v -0.0824000 0.3307630 1.0387890
vn -5.7396154 1.1011637 2.3025939
v -0.0813610 0.3258170 1.0432620
vn -5.7093763 1.3366004 2.2564676
v -0.0805760 0.3204660 1.0483060
vn -5.6728597 1.5321161 2.2221668
v -0.0798630 0.3151270 1.0533770
vn -5.6272793 1.7325709 2.1923137
v -0.0794760 0.3093730 1.0587950
vn -5.5807428 1.8894300 2.1809897
v -0.0791540 0.3036330 1.0642360
vn -5.5350995 2.0290170 2.1727366
v -0.0791800 0.2974450 1.0699100
vn -5.4916401 2.1211157 2.1954699
v -0.0792310 0.2912650 1.0755950
vn -5.4459901 2.2015095 2.2290964
v -0.0795110 0.2845770 1.0815250
vn -5.4077363 2.2179699 2.3049042
v -0.0797800 0.2778880 1.0874500
vn -5.3706217 2.2287285 2.3799124
v -0.0801310 0.2706540 1.0934610
vn -5.3377161 2.1972117 2.4798794
v -0.0804630 0.2634110 1.0994641
vn -5.3063145 2.1565726 2.5820892
v -0.0807410 0.2555690 1.1054970
vn -5.2752180 2.0977280 2.6904275
v -0.0809750 0.2477100 1.1115119
vn -5.2584205 2.0276890 2.7774868
v -0.0811210 0.2392600 1.1174520
vn -5.2398710 1.9834133 2.8431168
v -0.0812280 0.2307960 1.1233740
vn -5.2427926 1.9315217 2.8741131
v -0.0812980 0.2218130 1.1292880
vn -5.2444372 1.9298027 2.8722801
v -0.0813640 0.2128290 1.1351980
vn -5.2468052 1.9305993 2.8673921
v -0.0815830 0.2033360 1.1411819
vn -5.2432728 1.9994071 2.8258004
v -0.0818160 0.1938490 1.1471710
vn -5.2329273 2.0794601 2.7875161
v -0.0823850 0.1839360 1.1534340
vn -5.2105088 2.2080457 2.7280018
v -0.0830070 0.1740440 1.1597210
vn -5.1994581 2.3287175 2.6495934
v -0.0841730 0.1637320 1.1664000
vn -5.1759615 2.4669006 2.5669942
v -0.0854200 0.1534530 1.1731150
vn -5.1911983 2.5692849 2.4340379
v -0.0875750 0.1426690 1.1798120
vn -5.2126031 2.6137114 2.3394985
v -0.0898070 0.1319180 1.1865420
vn -5.2696824 2.6127615 2.2065287
v -0.0927610 0.1202810 1.1932909
vn -5.3327260 2.5746927 2.0986543
v -0.0957260 0.1086470 1.2000450
vn -5.3615923 2.5506418 2.0532980
v -0.0992660 0.0956850 1.2069340
vn -5.3967829 2.4789639 2.0468726
v -0.1027870 0.0827150 1.2138259
vn -5.3715868 2.4115100 2.1889081
v -0.1069080 0.0682920 1.2199200
vn -5.4466028 1.8809881 2.4346242
v -0.1108190 0.0537730 1.2259340
vn -5.4584541 1.2462453 2.8376331
v -0.1130010 0.0381850 1.2295260
vn -5.3144855 -0.1243990 3.1073337
v -0.1143690 0.0224240 1.2327160
vn -5.0102015 -1.3697761 3.5158215
v -0.1109570 0.0079220 1.2322460
vn -4.3083110 -2.4165938 3.7225680
v -0.1072190 -0.0064780 1.2315420
vn -3.9489996 -3.4301534 3.4808829
v -0.1021070 -0.0150860 1.2288650
vn -1.9602381 -1.7124343 1.7590747
v -0.0969930 -0.0236920 1.2261860
vn -1.4546313 0.5693150 2.7257276
v -0.0665370 -0.0516590 1.1277870
vn -3.2342730 1.0490781 5.2819967
v -0.0653450 -0.0774210 1.1338040
vn -3.6217237 0.3363168 5.0830355
v -0.0639530 -0.1031300 1.1396130
vn -3.3622811 -0.2698013 5.2970510
v -0.0637140 -0.1143270 1.1391619
vn -3.0333781 -0.0206450 5.4997511
v -0.0635210 -0.1255320 1.1388000
vn -2.6826143 0.2056753 5.6732311
v -0.0638230 -0.1358780 1.1389880
vn -2.3371840 0.3658819 5.8198333
v -0.0641760 -0.1462230 1.1392930
vn -2.0242159 0.4899589 5.9233088
v -0.0644690 -0.1572990 1.1400900
vn -1.7173243 0.6210024 6.0093451
v -0.0647970 -0.1683740 1.1409841
vn -1.4747077 0.7890196 6.0525732
v -0.0650280 -0.1798620 1.1422679
vn -1.2709256 1.2327523 6.0222735
v -0.0653350 -0.1913010 1.1438611
vn -1.2171054 1.7460760 5.9091225
v -0.0656060 -0.2028260 1.1468660
vn -0.6180180 0.9467416 2.9271057
v -0.0659910 -0.2142110 1.1504670
vn -2.5611928 0.2556111 1.2941276
v -0.0788040 0.3500440 1.0429480
vn -5.4874134 0.6809481 2.9301405
v -0.0777570 0.3455470 1.0459009
vn -5.4966712 0.9021982 2.8691578
v -0.0767550 0.3410530 1.0488740
vn -5.4718847 1.1379399 2.8140445
v -0.0757530 0.3362550 1.0527030
vn -5.4530997 1.3738332 2.7641683
v -0.0747980 0.3314640 1.0565560
vn -5.4138255 1.5916940 2.7063925
v -0.0740590 0.3262210 1.0610610
vn -5.3794265 1.7885222 2.6692386
v -0.0733630 0.3209890 1.0655860
vn -5.3311634 1.9661988 2.6255236
v -0.0729230 0.3153380 1.0706590
vn -5.2852950 2.1163700 2.6143804
v -0.0725220 0.3096980 1.0757480
vn -5.2368460 2.2347224 2.6013994
v -0.0724240 0.3035880 1.0811850
vn -5.1904249 2.3207281 2.6276295
v -0.0723330 0.2974800 1.0866240
vn -5.1451516 2.3878067 2.6517663
v -0.0724630 0.2907750 1.0924050
vn -5.1040139 2.4017577 2.7159312
v -0.0725960 0.2840720 1.0981870
vn -5.0773602 2.3921871 2.7802553
v -0.0727980 0.2767960 1.1040860
vn -5.0483871 2.3601189 2.8543365
v -0.0729940 0.2695190 1.1099820
vn -5.0351391 2.2963762 2.9414368
v -0.0731180 0.2616030 1.1159730
vn -5.0197554 2.2471552 3.0015657
v -0.0732240 0.2536790 1.1219550
vn -5.0226474 2.1619604 3.0708995
v -0.0732800 0.2451370 1.1278991
vn -5.0240130 2.1336441 3.0889089
v -0.0733180 0.2365910 1.1338320
vn -5.0322824 2.0897367 3.1102271
v -0.0733700 0.2275420 1.1398240
vn -5.0370531 2.0872808 3.1044586
v -0.0734250 0.2184940 1.1458180
vn -5.0479288 2.0740273 3.0977483
v -0.0736230 0.2089060 1.1519010
vn -5.0496159 2.1382499 3.0556269
v -0.0738320 0.1993230 1.1579900
vn -5.0450535 2.1987343 3.0177848
v -0.0743630 0.1892750 1.1643840
vn -5.0237803 2.3297784 2.9592946
v -0.0749260 0.1792390 1.1707931
vn -4.9983387 2.4650512 2.8862338
v -0.0761340 0.1687560 1.1775841
vn -4.9648490 2.6191649 2.8112085
v -0.0773950 0.1582960 1.1844020
vn -4.9298434 2.7884269 2.6963241
v -0.0795620 0.1473530 1.1916749
vn -4.9244986 2.8387868 2.6505880
v -0.0817850 0.1364390 1.1989760
vn -4.9301896 2.9061093 2.5524731
v -0.0849470 0.1245810 1.2063360
vn -4.9756689 2.8338242 2.5295858
v -0.0881300 0.1127350 1.2137070
vn -5.0237989 2.7729049 2.5056739
v -0.0917140 0.0994200 1.2213290
vn -5.0665941 2.6195288 2.5620112
v -0.0952510 0.0860780 1.2289330
vn -5.1353335 2.4051309 2.6623964
v -0.0991670 0.0708200 1.2355020
vn -5.2058096 1.7885514 2.8839917
v -0.1028450 0.0554580 1.2419590
vn -5.3165064 0.9530175 3.1738935
v -0.1046270 0.0387140 1.2451590
vn -5.0867338 -0.5131154 3.3384616
v -0.1054180 0.0217890 1.2477970
vn -4.8130622 -1.9867861 3.5086269
v -0.1013360 0.0075790 1.2458810
vn -4.3622646 -2.7485754 3.5024855
v -0.0967850 -0.0064620 1.2436351
vn -3.9902983 -3.5277810 3.3301535
v -0.0913460 -0.0143640 1.2417930
vn -2.1862543 -1.9486904 1.8238479
v -0.0859000 -0.0222560 1.2399451
vn -1.8238757 0.3899666 2.1888659
v -0.0572240 -0.0528010 1.1329950
vn -3.6496370 1.1133151 4.9676442
v -0.0572870 -0.0783450 1.1389430
vn -3.0851266 0.1332132 5.3513861
v -0.0570290 -0.1037960 1.1445460
vn -2.8446522 -0.5714822 5.5483379
v -0.0563830 -0.1146550 1.1437200
vn -2.4768522 -0.3622988 5.7428355
v -0.0557680 -0.1255260 1.1429560
vn -2.1052086 -0.1433970 5.8980026
v -0.0557120 -0.1358320 1.1426570
vn -1.7506119 0.0452470 6.0161333
v -0.0557060 -0.1461440 1.1424780
vn -1.3927135 0.2096516 6.1055846
v -0.0558370 -0.1573130 1.1427751
vn -1.0828477 0.3758622 6.1635809
v -0.0559990 -0.1684910 1.1431791
vn -0.8032287 0.6155623 6.1903629
v -0.0563030 -0.1800360 1.1440420
vn -0.6305988 1.1607423 6.1311531
v -0.0566680 -0.1915320 1.1453850
vn -0.5443414 1.7643989 5.9959202
v -0.0570190 -0.2031350 1.1483670
vn -0.2941888 1.0095503 3.0187678
v -0.0574220 -0.2145320 1.1520920
vn -2.8292260 0.5571297 1.8461788
v -0.0685670 0.3504590 1.0588191
vn -5.1865358 1.2030828 3.3327348
v -0.0676890 0.3461310 1.0614630
vn -5.1634502 1.4184065 3.2866426
v -0.0667830 0.3414770 1.0648720
vn -5.1349030 1.6436267 3.2213831
v -0.0658910 0.3368270 1.0682930
vn -5.1027784 1.8710676 3.1522181
v -0.0652060 0.3317020 1.0724220
vn -5.0685511 2.0317979 3.1054909
v -0.0645330 0.3265810 1.0765570
vn -5.0220189 2.2074354 3.0630078
v -0.0640840 0.3209990 1.0812900
vn -4.9753900 2.3358154 3.0431185
v -0.0636520 0.3154210 1.0860310
vn -4.9287300 2.4604640 3.0215085
v -0.0634870 0.3093310 1.0912460
vn -4.8871984 2.5195372 3.0405571
v -0.0633300 0.3032430 1.0964650
vn -4.8389549 2.5817513 3.0650175
v -0.0633420 0.2965500 1.1020770
vn -4.7934895 2.6082432 3.1139290
v -0.0633580 0.2898580 1.1076920
vn -4.7734809 2.6116199 3.1417341
v -0.0634920 0.2825750 1.1135490
vn -4.7568331 2.5666564 3.2023759
v -0.0636190 0.2752890 1.1194040
vn -4.7567558 2.5110917 3.2473688
v -0.0637110 0.2673650 1.1254010
vn -4.7561631 2.4536700 3.2907479
v -0.0638000 0.2594380 1.1313940
vn -4.7806492 2.3809335 3.3096514
v -0.0638790 0.2509050 1.1374201
vn -4.8043604 2.3170359 3.3200588
v -0.0639550 0.2423700 1.1434420
vn -4.8148499 2.2634034 3.3424582
v -0.0640160 0.2332620 1.1495260
vn -4.8226976 2.2608345 3.3329027
v -0.0640750 0.2241510 1.1556081
vn -4.8432846 2.2522714 3.3086782
v -0.0642740 0.2145460 1.1618490
vn -4.8607635 2.2778478 3.2652164
v -0.0644780 0.2049430 1.1680920
vn -4.8529196 2.3205237 3.2468832
v -0.0649500 0.1948000 1.1746260
vn -4.8354378 2.4324954 3.1887271
v -0.0654320 0.1846600 1.1811661
vn -4.8019090 2.5562956 3.1439600
v -0.0665070 0.1740110 1.1881510
vn -4.7521977 2.7227530 3.0750957
v -0.0676070 0.1633740 1.1951500
vn -4.6988564 2.8897362 3.0078909
v -0.0696040 0.1521900 1.2027360
vn -4.6472707 2.9987347 2.9801328
v -0.0716320 0.1410240 1.2103410
vn -4.6366692 3.0792241 2.9149663
v -0.0745730 0.1290050 1.2183549
vn -4.6536827 3.0459795 2.9220796
v -0.0775260 0.1169940 1.2263790
vn -4.6970139 2.9873962 2.9134223
v -0.0810830 0.1032350 1.2348239
vn -4.7847562 2.7739067 2.9704072
v -0.0846060 0.0894520 1.2432491
vn -4.8612099 2.5373549 3.0659931
v -0.0885480 0.0734520 1.2504920
vn -5.0163755 1.7995200 3.2346823
v -0.0923200 0.0573580 1.2576391
vn -5.1221843 0.9156889 3.5128744
v -0.0937110 0.0400140 1.2611160
vn -4.9489851 -0.6850146 3.5282547
v -0.0941580 0.0225090 1.2639780
vn -4.6780787 -2.1750250 3.5832262
v -0.0900720 0.0071170 1.2603780
vn -4.3137150 -2.9698617 3.3841343
v -0.0855920 -0.0080400 1.2564840
vn -4.0248818 -3.6567636 3.1469450
v -0.0812520 -0.0163610 1.2523820
vn -1.9806719 -1.8324003 1.6090748
v -0.0769020 -0.0246730 1.2482710
vn -2.7400682 0.0473480 1.5359555
v -0.0528890 -0.0545790 1.1407840
vn -4.2027330 0.3591866 4.6192946
v -0.0511620 -0.0799190 1.1446460
vn -2.6267643 -0.1572993 5.6482496
v -0.0491780 -0.1051460 1.1482249
vn -2.3188438 -0.9087159 5.7631931
v -0.0483180 -0.1154170 1.1469400
vn -1.9022073 -0.6846534 5.9475784
v -0.0474780 -0.1256990 1.1457270
vn -1.4999526 -0.4839021 6.0771275
v -0.0472350 -0.1359740 1.1449180
vn -1.1014857 -0.2551917 6.1790442
v -0.0470150 -0.1462670 1.1442580
vn -0.7521077 -0.0557843 6.2332153
v -0.0471680 -0.1574920 1.1440650
vn -0.4208747 0.1505253 6.2652941
v -0.0473440 -0.1687350 1.1440470
vn -0.1834913 0.4421019 6.2619538
v -0.0477690 -0.1804080 1.1445860
vn 0.0656957 1.0798627 6.1762552
v -0.0482200 -0.1920430 1.1456749
vn 0.0293979 1.8319116 6.0068483
v -0.0486640 -0.2039740 1.1487650
vn -0.0448282 1.0345546 2.9637103
v -0.0490840 -0.2156630 1.1528389
vn -2.2367046 0.7518624 2.0131283
v -0.0590510 0.3553170 1.0715290
vn -4.3739457 1.7143857 4.0412593
v -0.0583390 0.3511510 1.0738760
vn -4.3353357 1.8873101 3.9807842
v -0.0575350 0.3466340 1.0768760
vn -4.3225613 2.1282868 3.9086819
v -0.0567460 0.3421230 1.0798910
vn -4.2677426 2.3451879 3.8086736
v -0.0561290 0.3371120 1.0836520
vn -4.2360115 2.5015922 3.7687283
v -0.0555250 0.3321090 1.0874250
vn -4.1852112 2.6335354 3.7120667
v -0.0550820 0.3265960 1.0918280
vn -4.1463323 2.7632864 3.6852922
v -0.0546450 0.3210850 1.0962380
vn -4.0999627 2.8612626 3.6462259
v -0.0544260 0.3150180 1.1012380
vn -4.0596251 2.9139321 3.6586628
v -0.0542130 0.3089540 1.1062430
vn -4.0302114 2.9374967 3.6743162
v -0.0541130 0.3022730 1.1116910
vn -3.9969857 2.9762754 3.6879778
v -0.0540150 0.2955940 1.1171410
vn -3.9776907 2.9870474 3.7009864
v -0.0540810 0.2883050 1.1229540
vn -3.9602487 2.9476295 3.7420611
v -0.0541450 0.2810150 1.1287680
vn -3.9692051 2.8989043 3.7832391
v -0.0542140 0.2730850 1.1347730
vn -3.9776008 2.8533614 3.8024526
v -0.0542820 0.2651550 1.1407770
vn -4.0112376 2.7957017 3.8208067
v -0.0543980 0.2566360 1.1468910
vn -4.0336809 2.7184105 3.8410003
v -0.0545130 0.2481160 1.1530020
vn -4.0719481 2.6365166 3.8749776
v -0.0545780 0.2389460 1.1591750
vn -4.0938001 2.6402450 3.8540444
v -0.0546420 0.2297760 1.1653450
vn -4.1180959 2.6337919 3.8318071
v -0.0548430 0.2201520 1.1717440
vn -4.1346245 2.6422935 3.8113830
v -0.0550440 0.2105280 1.1781430
vn -4.1601892 2.6341465 3.7945371
v -0.0554440 0.2002830 1.1848090
vn -4.1707830 2.7393563 3.7299521
v -0.0558510 0.1900410 1.1914800
vn -4.1751041 2.8020267 3.6746101
v -0.0567850 0.1792170 1.1986550
vn -4.1541204 2.9666615 3.5945075
v -0.0577320 0.1684030 1.2058420
vn -4.1266727 3.0867448 3.5133379
v -0.0595430 0.1569650 1.2137330
vn -4.0913901 3.2099414 3.4611762
v -0.0613780 0.1455410 1.2216440
vn -4.0593209 3.3060217 3.3927689
v -0.0640680 0.1333440 1.2302990
vn -4.0613537 3.2673619 3.4179516
v -0.0667670 0.1211520 1.2389610
vn -4.1009731 3.2231660 3.4187937
v -0.0702550 0.1069290 1.2482010
vn -4.1676226 2.9581470 3.5231326
v -0.0737320 0.0926970 1.2574340
vn -4.2970128 2.6865590 3.6365247
v -0.0776360 0.0759400 1.2653030
vn -4.4042420 1.8494501 3.8251781
v -0.0814580 0.0591330 1.2731071
vn -4.5686684 0.9497011 4.1317048
v -0.0823180 0.0412460 1.2767680
vn -4.3796086 -0.6264174 3.9941056
v -0.0826720 0.0232580 1.2800100
vn -4.3203425 -2.3372390 3.8870552
v -0.0787120 0.0067190 1.2748131
vn -4.0973678 -3.0186970 3.5476429
v -0.0744240 -0.0096350 1.2693530
vn -3.8415585 -3.7845976 3.2174025
v -0.0711790 -0.0183730 1.2629850
vn -2.7665083 -2.9374399 2.1761944
v -0.0679030 -0.0270890 1.2565950
vn -1.8001320 -2.3861852 0.9673358
v -0.0609320 -0.0355760 1.2486330
vn -2.3755369 -2.8795438 0.8158226
v -0.0539600 -0.0440620 1.2406690
vn -2.5056353 -1.8526201 -0.3994005
v -0.0504210 -0.0450300 1.2229559
vn -2.5808716 -1.7920442 -0.0141681
v -0.0468820 -0.0459970 1.2052420
vn -2.5767834 -1.7528912 0.3964694
v -0.0477180 -0.0511770 1.1769069
vn -3.0452979 -0.7056366 1.6378847
v -0.0485540 -0.0563570 1.1485710
vn -3.9527404 -0.2562199 4.8517680
v -0.0450210 -0.0814880 1.1503330
vn -2.3579679 -0.8357746 5.6838827
v -0.0412790 -0.1064750 1.1518000
vn -1.8123503 -1.2763705 5.8609276
v -0.0401870 -0.1161500 1.1499950
vn -1.3521558 -1.0625186 6.0266333
v -0.0391110 -0.1258400 1.1482511
vn -0.9525937 -0.8382649 6.1414356
v -0.0386660 -0.1360830 1.1468320
vn -0.5821273 -0.5742906 6.2199192
v -0.0382450 -0.1463510 1.1455860
vn -0.2345796 -0.3352657 6.2633443
v -0.0384420 -0.1576510 1.1448400
vn 0.0432105 -0.0640149 6.2774396
v -0.0386580 -0.1689790 1.1443590
vn 0.2783610 0.2616217 6.2683487
v -0.0392300 -0.1808090 1.1445780
vn 0.4393825 1.0337186 6.1612554
v -0.0397750 -0.1926180 1.1453950
vn 0.4441907 1.9017208 5.9680023
v -0.0403190 -0.2049200 1.1487790
vn 0.1781412 1.0928880 2.9327662
v -0.0407460 -0.2169130 1.1532080
vn -0.9770745 0.5604927 1.3022050
v -0.0459710 0.3587110 1.0799021
vn -2.5604055 1.6611511 3.4033303
v -0.0454400 0.3546300 1.0820529
vn -3.4768271 2.4118474 4.6441426
v -0.0448260 0.3501570 1.0848210
vn -3.4600084 2.5942159 4.5552487
v -0.0442170 0.3456900 1.0876000
vn -3.4119470 2.7967205 4.4734335
v -0.0437000 0.3407110 1.0910900
vn -3.3651056 2.9499261 4.4086771
v -0.0431920 0.3357370 1.0945940
vn -3.3269670 3.1020205 4.3341484
v -0.0428180 0.3302640 1.0987810
vn -3.2930384 3.1945283 4.2923365
v -0.0424550 0.3247960 1.1029820
vn -3.2519474 3.2887449 4.2526693
v -0.0422400 0.3187610 1.1078030
vn -3.2147672 3.3339915 4.2458405
v -0.0420300 0.3127300 1.1126300
vn -3.2027941 3.3708584 4.2257242
v -0.0419420 0.3060830 1.1179910
vn -3.1936383 3.3677208 4.2351151
v -0.0418570 0.2994380 1.1233560
vn -3.1738825 3.3691831 4.2488170
v -0.0418760 0.2921470 1.1291209
vn -3.1551380 3.3472559 4.2797337
v -0.0418970 0.2848550 1.1348860
vn -3.1747305 3.3139632 4.2914157
v -0.0419710 0.2769710 1.1409150
vn -3.1940303 3.2700820 4.3102646
v -0.0420470 0.2690900 1.1469491
vn -3.2322898 3.2174139 4.3217134
v -0.0421650 0.2606170 1.1531720
vn -3.2701242 3.1355262 4.3521776
v -0.0422830 0.2521440 1.1593940
vn -3.3134332 3.0497499 4.3813572
v -0.0423640 0.2429870 1.1657120
vn -3.3539658 3.0265696 4.3665895
v -0.0424420 0.2338310 1.1720290
vn -3.3741682 3.0087147 4.3633971
v -0.0425870 0.2241970 1.1785630
vn -3.3925772 3.0211532 4.3405619
v -0.0427320 0.2145640 1.1850950
vn -3.4448137 3.0241396 4.2968650
v -0.0430850 0.2043490 1.1919920
vn -3.4920979 3.0711632 4.2247148
v -0.0434440 0.1941410 1.1988970
vn -3.5203886 3.1229694 4.1629486
v -0.0442140 0.1833330 1.2063510
vn -3.5397816 3.2186196 4.0714183
v -0.0449830 0.1725250 1.2138050
vn -3.5329278 3.3286576 3.9894795
v -0.0465150 0.1609780 1.2220590
vn -3.5242262 3.4074538 3.9295063
v -0.0480600 0.1494410 1.2303290
vn -3.4902620 3.4953396 3.8830898
v -0.0501670 0.1371000 1.2395200
vn -3.4764442 3.4833045 3.9061129
v -0.0522850 0.1247680 1.2487240
vn -3.5226586 3.4535265 3.8911550
v -0.0551900 0.1103160 1.2589200
vn -3.6215405 3.1779635 4.0197086
v -0.0580950 0.0958620 1.2691160
vn -3.7522347 2.8935347 4.1259441
v -0.0618890 0.0783660 1.2779810
vn -3.9577951 1.9791958 4.3540325
v -0.0656590 0.0608450 1.2868230
vn -4.0946074 1.0251048 4.6536446
v -0.0664470 0.0417860 1.2905710
vn -4.0156817 -0.6150789 4.5082850
v -0.0670230 0.0226390 1.2940741
vn -4.0251293 -2.2715378 4.2546024
v -0.0633060 0.0036020 1.2878010
vn -3.9373853 -3.1561127 3.6047559
v -0.0592430 -0.0151860 1.2812040
vn -3.6772845 -4.0136614 3.1359930
v -0.0564280 -0.0266280 1.2698040
vn -3.6813307 -4.4185390 2.3513827
v -0.0535960 -0.0380510 1.2583940
vn -3.6818984 -4.8226438 1.6226697
v -0.0480210 -0.0465930 1.2454830
vn -3.9062164 -4.7441745 0.9325910
v -0.0424450 -0.0551360 1.2325710
vn -4.8358045 -3.9693191 -0.0585671
v -0.0396050 -0.0582550 1.2164460
vn -5.1670251 -3.5048411 0.3270515
v -0.0367640 -0.0613750 1.2003210
vn -5.1479969 -3.4828720 0.9149384
v -0.0366800 -0.0666700 1.1801480
vn -5.1375694 -2.2852519 2.2358885
v -0.0366910 -0.0720310 1.1600620
vn -3.9831204 -1.2678239 4.5585556
v -0.0344470 -0.0889070 1.1574790
vn -1.7736524 -1.4538519 5.8415112
v -0.0321980 -0.1057360 1.1548060
vn -1.2533598 -1.6907951 5.9130673
v -0.0311950 -0.1157570 1.1521130
vn -0.7643542 -1.4017965 6.0738587
v -0.0302020 -0.1258040 1.1495130
vn -0.4434569 -1.1091393 6.1654363
v -0.0298240 -0.1360700 1.1475990
vn -0.1062348 -0.8413468 6.2235985
v -0.0294620 -0.1463620 1.1458710
vn 0.1571307 -0.5503401 6.2551403
v -0.0296560 -0.1577120 1.1447080
vn 0.4336770 -0.2525127 6.2608790
v -0.0298440 -0.1691100 1.1438770
vn 0.6050761 0.1300589 6.2506347
v -0.0302800 -0.1812490 1.1438260
vn 0.8080836 0.9951283 6.1168423
v -0.0306590 -0.1933840 1.1444600
vn 0.7078836 2.0157795 5.9010196
v -0.0310450 -0.2061460 1.1481060
vn 0.2612972 1.1664273 2.9052496
v -0.0312350 -0.2184950 1.1530811
vn -0.9256839 0.6548963 1.2712567
v -0.0323150 0.3579800 1.0899010
vn -1.9539225 1.9311659 3.6061599
v -0.0319120 0.3535570 1.0924690
vn -2.2250044 2.9022255 4.9730477
v -0.0315180 0.3491410 1.0950561
vn -2.1931899 3.0430775 4.8831635
v -0.0311190 0.3441950 1.0983030
vn -2.1669774 3.2206702 4.8066111
v -0.0307280 0.3392570 1.1015700
vn -2.1314728 3.3593535 4.7048192
v -0.0304420 0.3338290 1.1055650
vn -2.1053407 3.4528575 4.6637254
v -0.0301610 0.3284080 1.1095730
vn -2.0806625 3.5191469 4.6154299
v -0.0299630 0.3224120 1.1142280
vn -2.0611088 3.5834584 4.5867953
v -0.0297670 0.3164200 1.1188910
vn -2.0502877 3.6248679 4.5514488
v -0.0297000 0.3098140 1.1241800
vn -2.0391717 3.6112769 4.5642343
v -0.0296330 0.3032100 1.1294720
vn -2.0371246 3.5929959 4.5854416
v -0.0296120 0.2959220 1.1351930
vn -2.0290220 3.5855474 4.5944271
v -0.0295900 0.2886320 1.1409140
vn -2.0337532 3.5769398 4.5984554
v -0.0296720 0.2807980 1.1469730
vn -2.0359704 3.5306747 4.6216960
v -0.0297550 0.2729620 1.1530300
vn -2.0504858 3.5052390 4.6349740
v -0.0298710 0.2645350 1.1593560
vn -2.0639989 3.4125876 4.6771483
v -0.0299860 0.2561040 1.1656770
vn -2.0937560 3.3493960 4.7198238
v -0.0300730 0.2469550 1.1721320
vn -2.1177559 3.3142691 4.7262659
v -0.0301590 0.2378050 1.1785860
vn -2.1456692 3.2890334 4.7361441
v -0.0302410 0.2281590 1.1852480
vn -2.1721082 3.3168681 4.7110243
v -0.0303210 0.2185130 1.1919100
vn -2.2143552 3.3385305 4.6680946
v -0.0306270 0.2083310 1.1990430
vn -2.2509761 3.3745356 4.6306672
v -0.0309360 0.1981520 1.2061800
vn -2.2887092 3.4078486 4.5792618
v -0.0315360 0.1873530 1.2139080
vn -2.3083019 3.4907477 4.5226874
v -0.0321400 0.1765620 1.2216450
vn -2.3385103 3.5511518 4.4502606
v -0.0333950 0.1649030 1.2302690
vn -2.3500094 3.6318181 4.3963685
v -0.0346600 0.1532610 1.2389131
vn -2.3429968 3.6868007 4.3469086
v -0.0361950 0.1407820 1.2486500
vn -2.3369009 3.6846850 4.3511195
v -0.0377410 0.1283170 1.2584070
vn -2.3641944 3.6744244 4.3410740
v -0.0400710 0.1136470 1.2695700
vn -2.3896623 3.3253455 4.5121903
v -0.0423940 0.0989660 1.2807180
vn -2.5458157 3.0424657 4.6869473
v -0.0460950 0.0807580 1.2906080
vn -2.6256838 2.0145054 4.8953061
v -0.0497490 0.0624930 1.3004080
vn -2.8238389 1.0841613 5.3080721
v -0.0505670 0.0423260 1.3043790
vn -2.6897731 -0.4927396 5.0100570
v -0.0511680 0.0220600 1.3079290
vn -2.8798993 -2.2071979 4.9285803
v -0.0478240 0.0004990 1.3008460
vn -2.5396440 -3.2692518 4.1245818
v -0.0439710 -0.0206680 1.2929790
vn -2.5643592 -4.4126568 3.4485364
v -0.0416480 -0.0348680 1.2766120
vn -2.5253477 -4.7541947 2.5898609
v -0.0392890 -0.0490130 1.2601950
vn -2.5832648 -5.2306061 1.9132857
v -0.0351100 -0.0576120 1.2423340
vn -2.8076501 -5.1040635 1.4647542
v -0.0309290 -0.0662090 1.2244730
vn -2.9826226 -5.0068402 1.3756390
v -0.0287880 -0.0714800 1.2099349
vn -3.2190874 -4.7367592 1.4864109
v -0.0266450 -0.0767500 1.1953980
vn -3.2191486 -4.5446224 1.7781386
v -0.0256260 -0.0821340 1.1833730
vn -3.3521934 -3.9665508 3.0034819
v -0.0246350 -0.0875680 1.1713760
vn -2.6350989 -3.4764562 4.1258478
v -0.0238280 -0.0962030 1.1644440
vn -1.5493014 -2.5879505 5.4256124
v -0.0230870 -0.1049610 1.1577030
vn -0.7862419 -2.0963569 5.8616281
v -0.0221710 -0.1153140 1.1540390
vn -0.4391293 -1.7101144 6.0219960
v -0.0212710 -0.1257160 1.1505290
vn -0.1561488 -1.3820826 6.1251297
v -0.0209690 -0.1360050 1.1481190
vn 0.0794661 -1.0485102 6.1902361
v -0.0206740 -0.1463380 1.1458920
vn 0.2961221 -0.7563359 6.2301517
v -0.0208600 -0.1577580 1.1443959
vn 0.4930395 -0.4000391 6.2447953
v -0.0210470 -0.1692300 1.1431310
vn 0.6479759 0.0169462 6.2468038
v -0.0213380 -0.1816950 1.1428560
vn 0.7257671 1.0152031 6.0933428
v -0.0215510 -0.1941880 1.1432450
vn 0.7099383 2.1598306 5.8456697
v -0.0217410 -0.2074030 1.1473460
vn 0.2912529 1.1722140 2.7434630
v -0.0217290 -0.2201380 1.1528070
vn -0.4909945 1.5166888 2.7088242
v -0.0167130 0.3545820 1.0948590
vn -0.9741613 3.1785698 5.3297558
v -0.0165180 0.3501720 1.0973610
vn -0.9616265 3.3347619 5.2373714
v -0.0163170 0.3452480 1.1005230
vn -0.9493783 3.4722557 5.1481133
v -0.0161180 0.3403320 1.1036940
vn -0.9241153 3.6148977 5.0551529
v -0.0159780 0.3349010 1.1075900
vn -0.9000131 3.7045269 4.9938593
v -0.0158430 0.3294800 1.1115010
vn -0.8952773 3.7915921 4.9293909
v -0.0157230 0.3235010 1.1161100
vn -0.8917440 3.8327293 4.8981509
v -0.0156050 0.3175300 1.1207319
vn -0.8852582 3.8727307 4.8677573
v -0.0155610 0.3109330 1.1259820
vn -0.8798107 3.8597937 4.8789115
v -0.0155200 0.3043370 1.1312370
vn -0.8856104 3.8459396 4.8889036
v -0.0155030 0.2970750 1.1369530
vn -0.8914170 3.8203778 4.9075866
v -0.0154870 0.2898120 1.1426700
vn -0.8786555 3.7954099 4.9294648
v -0.0155260 0.2819690 1.1487041
vn -0.8658087 3.7652266 4.9545403
v -0.0155640 0.2741210 1.1547350
vn -0.8588375 3.7357745 4.9782877
v -0.0156100 0.2656780 1.1610650
vn -0.8531377 3.6721904 5.0253544
v -0.0156570 0.2572320 1.1673940
vn -0.8658912 3.6070893 5.0710869
v -0.0156680 0.2480940 1.1738940
vn -0.8789881 3.5900548 5.0807800
v -0.0156780 0.2389570 1.1803920
vn -0.9080669 3.5701704 5.0897422
v -0.0156820 0.2293330 1.1871459
vn -0.9364491 3.5956855 5.0666847
v -0.0156840 0.2197120 1.1938970
vn -0.9718460 3.6195598 5.0428104
v -0.0157970 0.2095750 1.2011510
vn -1.0065690 3.6511753 5.0132446
v -0.0159100 0.1994410 1.2084090
vn -1.0421876 3.6823537 4.9829268
v -0.0161580 0.1886780 1.2163050
vn -1.0752375 3.7417789 4.9313316
v -0.0164070 0.1779230 1.2242090
vn -1.1158752 3.7996237 4.8777804
v -0.0169680 0.1663220 1.2331110
vn -1.1518179 3.8494151 4.8302355
v -0.0175320 0.1547300 1.2420239
vn -1.1581782 3.9022312 4.7861161
v -0.0182360 0.1422210 1.2520339
vn -1.1673969 3.8836038 4.7985973
v -0.0189460 0.1297320 1.2620710
vn -1.1688243 3.8558326 4.8208585
v -0.0200790 0.1150410 1.2735660
vn -1.1893947 3.5355995 5.0375605
v -0.0212080 0.1003370 1.2850490
vn -1.2706040 3.1849961 5.2637863
v -0.0230900 0.0824550 1.2955630
vn -1.3211042 2.2823896 5.6095581
v -0.0249380 0.0644510 1.3059540
vn -1.3578410 1.2303768 6.0029693
v -0.0254180 0.0434730 1.3107630
vn -1.3174741 -0.3753760 5.8996601
v -0.0256910 0.0221440 1.3147060
vn -1.4079357 -2.1589670 5.7077293
v -0.0241740 -0.0007230 1.3076580
vn -1.3673356 -3.5830142 4.7586994
v -0.0221510 -0.0225640 1.2984630
vn -1.3813510 -4.6846523 3.9512715
v -0.0211020 -0.0373620 1.2812639
vn -1.4056742 -5.1639910 3.1726470
v -0.0200240 -0.0519900 1.2640280
vn -1.3972318 -5.6182008 2.4413700
v -0.0180430 -0.0603920 1.2457980
vn -1.4303968 -5.7227068 2.1406388
v -0.0160660 -0.0687940 1.2275749
vn -1.3344290 -5.8501554 1.8633115
v -0.0150680 -0.0738260 1.2124910
vn -1.2929448 -5.7623925 2.1284709
v -0.0140700 -0.0788600 1.1974100
vn -1.2773243 -5.6620746 2.4055924
v -0.0136020 -0.0842200 1.1849380
vn -1.2091767 -4.9052024 3.5074236
v -0.0131570 -0.0896640 1.1725250
vn -0.8934597 -4.1197433 4.6551332
v -0.0127780 -0.0973450 1.1656610
vn -0.6381468 -3.2460997 5.2568283
v -0.0124340 -0.1051630 1.1589780
vn -0.4009129 -2.3354785 5.8166084
v -0.0119660 -0.1153570 1.1547760
vn -0.1217914 -1.9392662 5.9655967
v -0.0115110 -0.1256430 1.1507900
vn 0.0274508 -1.5207002 6.0952439
v -0.0112850 -0.1359460 1.1480740
vn 0.1752613 -1.2125626 6.1571426
v -0.0110560 -0.1463130 1.1455970
vn 0.3020302 -0.8652787 6.2142348
v -0.0111300 -0.1577910 1.1438060
vn 0.4112149 -0.5163452 6.2393532
v -0.0111840 -0.1693330 1.1423390
vn 0.4760047 -0.0177903 6.2578869
v -0.0113170 -0.1818730 1.1418660
vn 0.5036771 1.0110744 6.1125193
v -0.0113820 -0.1944670 1.1422510
vn 0.5069402 2.1873379 5.8501024
v -0.0116460 -0.2077660 1.1463580
vn 0.2263580 1.2831614 2.8566175
v -0.0117740 -0.2204730 1.1520760
vn 0.0680725 1.5160540 2.7313528
v -0.0014510 0.3554720 1.0969549
vn 0.1325599 3.1727819 5.3386703
v -0.0014620 0.3510710 1.0993980
vn 0.1308417 3.3171260 5.2343092
v -0.0014630 0.3461710 1.1024940
vn 0.1272552 3.4613004 5.1583157
v -0.0014640 0.3412810 1.1056020
vn 0.1228640 3.5704808 5.0722504
v -0.0014760 0.3358500 1.1094160
vn 0.1185378 3.6952083 4.9991612
v -0.0014880 0.3304280 1.1132420
vn 0.1177970 3.7874980 4.9179606
v -0.0014490 0.3244740 1.1178210
vn 0.1166412 3.8308072 4.8902063
v -0.0014110 0.3185250 1.1224070
vn 0.1128875 3.8624697 4.8612089
v -0.0013950 0.3119430 1.1276340
vn 0.1097957 3.8550031 4.8663197
v -0.0013790 0.3053630 1.1328640
vn 0.1075441 3.8465049 4.8742843
v -0.0013690 0.2981270 1.1385740
vn 0.1100214 3.8072853 4.8986464
v -0.0013580 0.2908910 1.1442840
vn 0.1151589 3.7736633 4.9304891
v -0.0013530 0.2830390 1.1502950
vn 0.1220734 3.7452624 4.9483123
v -0.0013490 0.2751860 1.1563040
vn 0.1305776 3.7207448 4.9712820
v -0.0013260 0.2667230 1.1626340
vn 0.1338017 3.6614394 5.0056477
v -0.0013030 0.2582640 1.1689680
vn 0.1371343 3.6155639 5.0460577
v -0.0012350 0.2491320 1.1755040
vn 0.1366431 3.5971580 5.0541592
v -0.0011680 0.2400050 1.1820470
vn 0.1345410 3.5950389 5.0534101
v -0.0010870 0.2303980 1.1888781
vn 0.1313428 3.6121330 5.0406408
v -0.0010080 0.2207920 1.1957110
vn 0.1308251 3.6506126 5.0026765
v -0.0009220 0.2106910 1.2030720
vn 0.1297951 3.6704822 4.9858079
v -0.0008370 0.2005960 1.2104440
vn 0.1265441 3.7141795 4.9421129
v -0.0007290 0.1898610 1.2184970
vn 0.1182145 3.7697895 4.9037657
v -0.0006210 0.1791360 1.2265660
vn 0.1082522 3.8364670 4.8356533
v -0.0004800 0.1675740 1.2357250
vn 0.0962324 3.8726003 4.8094068
v -0.0003390 0.1560220 1.2448970
vn 0.0834354 3.9109969 4.7717419
v -0.0002090 0.1434700 1.2551700
vn 0.0737044 3.8852346 4.7882447
v -0.0000790 0.1309280 1.2654589
vn 0.0639298 3.8523998 4.8218374
v -0.0000040 0.1161960 1.2772490
vn 0.0588916 3.5082548 5.0058937
v 0.0000720 0.1014440 1.2890151
vn 0.0467462 3.2146058 5.2505345
v 0.0000710 0.0838120 1.2999520
vn 0.0377863 2.2323699 5.5232396
v 0.0000700 0.0660570 1.3106900
vn 0.0198556 1.2047558 6.0270548
v 0.0001320 0.0443030 1.3156000
vn 0.0458204 -0.3703535 5.8138218
v 0.0002010 0.0223230 1.3194391
vn 0.1059635 -2.0227582 5.7746987
v 0.0000270 -0.0011190 1.3122740
vn 0.1014048 -3.3489237 4.7092175
v -0.0001350 -0.0238940 1.3032010
vn 0.1073435 -4.5995708 4.0211329
v -0.0004360 -0.0394950 1.2856050
vn 0.0746918 -4.9943123 3.1747293
v -0.0007360 -0.0548450 1.2677850
vn 0.0492870 -5.5879574 2.4809730
v -0.0009660 -0.0631100 1.2492330
vn 0.0167174 -5.6639299 2.1561444
v -0.0011960 -0.0713280 1.2306590
vn -0.0262039 -5.8787780 1.8036723
v -0.0013400 -0.0761210 1.2150300
vn -0.0639952 -5.8195577 2.1153960
v -0.0014830 -0.0809170 1.1994020
vn -0.0932491 -5.7034922 2.3709269
v -0.0015640 -0.0862410 1.1864671
vn -0.1010736 -5.1007004 3.5320625
v -0.0016460 -0.0916510 1.1735840
vn -0.0835200 -4.3904071 4.4346991
v -0.0017000 -0.0983960 1.1667560
vn -0.0553559 -3.4417698 5.1927905
v -0.0017570 -0.1052760 1.1600950
vn -0.0272653 -2.5753348 5.7241964
v -0.0017480 -0.1153500 1.1554090
vn -0.0039525 -2.0334816 5.9351735
v -0.0017440 -0.1255380 1.1509860
vn 0.0132907 -1.6461086 6.0631671
v -0.0015900 -0.1358820 1.1480500
vn 0.0303985 -1.2622938 6.1445918
v -0.0014350 -0.1462920 1.1453530
vn 0.0374101 -0.9486278 6.2050099
v -0.0013680 -0.1578440 1.1434140
vn 0.0430321 -0.5357003 6.2389121
v -0.0013060 -0.1694580 1.1418101
vn 0.0462850 -0.0380462 6.2636261
v -0.0012450 -0.1820630 1.1412790
vn 0.0447093 1.0178114 6.1039486
v -0.0011920 -0.1947100 1.1416490
vn 0.0596247 2.2142322 5.8436952
v -0.0014960 -0.2080040 1.1457649
vn 0.0372896 1.2580885 2.8014832
v -0.0018030 -0.2207230 1.1514920
vn 0.6321915 1.5101870 2.6831975
v 0.0137370 0.3542210 1.0942960
vn 1.2537208 3.1594591 5.2827158
v 0.0135090 0.3498460 1.0968070
vn 1.2324228 3.3244224 5.1868887
v 0.0132970 0.3449510 1.0999690
vn 1.2111363 3.4605896 5.1012688
v 0.0130920 0.3400700 1.1031640
vn 1.1795877 3.5938857 5.0167136
v 0.0129440 0.3346590 1.1070580
vn 1.1486887 3.6892643 4.9539366
v 0.0128010 0.3292560 1.1109720
vn 1.1376712 3.7814255 4.8869591
v 0.0127520 0.3232910 1.1155870
vn 1.1284330 3.8207383 4.8585339
v 0.0127060 0.3173320 1.1202130
vn 1.1142942 3.8626707 4.8285165
v 0.0127150 0.3107500 1.1254660
vn 1.1022258 3.8472857 4.8433504
v 0.0127250 0.3041740 1.1307290
vn 1.1060108 3.8279195 4.8580084
v 0.0127490 0.2969200 1.1364400
vn 1.1099490 3.7920825 4.8847270
v 0.0127710 0.2896650 1.1421490
vn 1.1116972 3.7570133 4.9117851
v 0.0128330 0.2818000 1.1481529
vn 1.1134965 3.7264638 4.9343133
v 0.0128940 0.2739320 1.1541520
vn 1.1199924 3.6992421 4.9536066
v 0.0129900 0.2654680 1.1604470
vn 1.1275595 3.6465034 4.9901066
v 0.0130870 0.2570070 1.1667460
vn 1.1453420 3.5878477 5.0290904
v 0.0132040 0.2478820 1.1732410
vn 1.1628827 3.5761154 5.0333338
v 0.0133190 0.2387530 1.1797270
vn 1.1852409 3.5628490 5.0375457
v 0.0134870 0.2291460 1.1864860
vn 1.2063849 3.5832510 5.0180955
v 0.0136560 0.2195410 1.1932480
vn 1.2451273 3.5995772 4.9966984
v 0.0139310 0.2093980 1.2004840
vn 1.2812674 3.6377258 4.9599800
v 0.0142080 0.1992580 1.2077280
vn 1.3065345 3.6767621 4.9243093
v 0.0146660 0.1884930 1.2156349
vn 1.3282230 3.7443542 4.8672252
v 0.0151290 0.1777380 1.2235570
vn 1.3432034 3.8111882 4.8109179
v 0.0159690 0.1661570 1.2324840
vn 1.3553064 3.8628654 4.7662120
v 0.0168120 0.1545910 1.2414280
vn 1.3337524 3.9179471 4.7270684
v 0.0177700 0.1421190 1.2514720
vn 1.3192294 3.8941960 4.7501030
v 0.0187350 0.1296720 1.2615420
vn 1.3073072 3.8575850 4.7835512
v 0.0200300 0.1150120 1.2730449
vn 1.3206974 3.5460315 4.9980073
v 0.0213210 0.1003200 1.2845170
vn 1.3891120 3.1898427 5.2301106
v 0.0232640 0.0825270 1.2950820
vn 1.4386864 2.3228526 5.5707326
v 0.0251420 0.0645400 1.3054349
vn 1.4358350 1.2860736 5.9702187
v 0.0257430 0.0437280 1.3105230
vn 1.3723491 -0.4424393 5.8551655
v 0.0260920 0.0225040 1.3144970
vn 1.5072405 -2.2097659 5.6730824
v 0.0240740 -0.0001550 1.3069580
vn 1.5074040 -3.5783596 4.7308173
v 0.0217510 -0.0219810 1.2979341
vn 1.5233467 -4.6735630 3.9129999
v 0.0201030 -0.0368120 1.2807590
vn 1.5439072 -5.1303263 3.1664948
v 0.0184640 -0.0516470 1.2636400
vn 1.4881164 -5.5940185 2.4435062
v 0.0160030 -0.0602420 1.2454560
vn 1.4664006 -5.7044268 2.1671543
v 0.0135420 -0.0688400 1.2272739
vn 1.2907608 -5.8432531 1.9135568
v 0.0122310 -0.0740540 1.2122500
vn 1.1654906 -5.7702127 2.1820121
v 0.0109220 -0.0792720 1.1972300
vn 1.0993500 -5.6795201 2.4513836
v 0.0102720 -0.0846880 1.1848789
vn 0.9987262 -4.9461250 3.5279908
v 0.0096400 -0.0901780 1.1725820
vn 0.7352669 -4.1714072 4.6374860
v 0.0091660 -0.0977300 1.1657360
vn 0.5246870 -3.2871075 5.2386422
v 0.0087160 -0.1054060 1.1590420
vn 0.3506911 -2.3734574 5.8052015
v 0.0082940 -0.1155500 1.1547960
vn 0.1220206 -1.9697350 5.9550638
v 0.0078770 -0.1257770 1.1507510
vn 0.0064927 -1.5465171 6.0890832
v 0.0077650 -0.1360770 1.1479959
vn -0.1200058 -1.2351326 6.1528816
v 0.0076490 -0.1464460 1.1454550
vn -0.2221264 -0.8785757 6.2158933
v 0.0077110 -0.1579310 1.1436480
vn -0.3250845 -0.5244562 6.2434092
v 0.0077540 -0.1694840 1.1421551
vn -0.3757998 -0.0163813 6.2647605
v 0.0078380 -0.1819820 1.1416730
vn -0.4236105 1.0084230 6.1199665
v 0.0078590 -0.1945270 1.1420640
vn -0.3814539 2.1821556 5.8614216
v 0.0077170 -0.2075470 1.1460220
vn -0.1574784 1.2818670 2.8617263
v 0.0074250 -0.2200000 1.1515840
vn 0.9527719 0.6657377 1.2632530
v 0.0292910 0.3571310 1.0886440
vn 2.0592017 1.9353001 3.5509167
v 0.0288460 0.3527870 1.0912510
vn 2.3971131 2.9172425 4.9096193
v 0.0284090 0.3484510 1.0938760
vn 2.3542933 3.0583551 4.8261476
v 0.0279950 0.3435710 1.0971570
vn 2.3186612 3.2288320 4.7553430
v 0.0275900 0.3386990 1.1004550
vn 2.2766867 3.3623803 4.6638918
v 0.0273130 0.3333160 1.1044600
vn 2.2399197 3.4650452 4.6212816
v 0.0270430 0.3279390 1.1084790
vn 2.2085474 3.5381370 4.5714788
v 0.0269130 0.3219720 1.1131530
vn 2.1804636 3.6022339 4.5456748
v 0.0267870 0.3160100 1.1178350
vn 2.1602919 3.6436796 4.5158687
v 0.0267920 0.3094380 1.1231329
vn 2.1432233 3.6246295 4.5357966
v 0.0267990 0.3028680 1.1284330
vn 2.1352754 3.5996060 4.5671949
v 0.0268350 0.2955970 1.1341460
vn 2.1226547 3.5763814 4.5884104
v 0.0268720 0.2883260 1.1398600
vn 2.1274705 3.5458684 4.6146965
v 0.0269920 0.2804530 1.1458600
vn 2.1330829 3.5083892 4.6342802
v 0.0271100 0.2725740 1.1518540
vn 2.1506300 3.4830370 4.6472716
v 0.0272810 0.2641120 1.1581190
vn 2.1707361 3.4078116 4.6794147
v 0.0274510 0.2556480 1.1643820
vn 2.2050683 3.3512745 4.7117324
v 0.0276120 0.2465140 1.1708070
vn 2.2313361 3.3314056 4.7098131
v 0.0277710 0.2373780 1.1772270
vn 2.2617278 3.3200469 4.7037492
v 0.0280220 0.2277570 1.1838980
vn 2.2883902 3.3336458 4.6842442
v 0.0282720 0.2181370 1.1905670
vn 2.3293750 3.3466182 4.6516218
v 0.0287300 0.2079400 1.1976620
vn 2.3609650 3.3981726 4.6056323
v 0.0291940 0.1977520 1.2047710
vn 2.3914509 3.4440522 4.5467014
v 0.0299990 0.1869420 1.2125220
vn 2.4015844 3.5382273 4.4833097
v 0.0308110 0.1761450 1.2202870
vn 2.4175024 3.6153433 4.4000587
v 0.0323420 0.1645290 1.2289660
vn 2.4165688 3.6908383 4.3498969
v 0.0338850 0.1529330 1.2376690
vn 2.3944948 3.7526612 4.2989645
v 0.0356690 0.1405350 1.2474780
vn 2.3799126 3.7312307 4.3188400
v 0.0374640 0.1281530 1.2573050
vn 2.3948736 3.7084351 4.3280363
v 0.0399730 0.1135370 1.2684751
vn 2.4212928 3.3609469 4.5085931
v 0.0424650 0.0988920 1.2796130
vn 2.5731492 3.0659721 4.6871023
v 0.0462680 0.0807960 1.2895030
vn 2.6710875 2.0820065 4.9034100
v 0.0499890 0.0626010 1.2992370
vn 2.8704112 1.1890695 5.2685804
v 0.0509170 0.0427350 1.3036391
vn 2.7205610 -0.5066290 4.9659257
v 0.0515210 0.0227330 1.3074280
vn 2.8750191 -2.2723193 4.8988218
v 0.0477840 0.0012890 1.3002660
vn 2.5706897 -3.3002126 4.0913730
v 0.0435560 -0.0198210 1.2923360
vn 2.5921283 -4.4434137 3.4014628
v 0.0406270 -0.0341460 1.2759269
vn 2.5677643 -4.7682533 2.5866995
v 0.0376570 -0.0484180 1.2594780
vn 2.6067629 -5.2235050 1.9408808
v 0.0329660 -0.0573730 1.2416790
vn 2.8427618 -5.0808039 1.4595182
v 0.0282760 -0.0663270 1.2238790
vn 3.0017076 -4.9550462 1.4133738
v 0.0257950 -0.0719440 1.2094550
vn 3.2387648 -4.6399999 1.4402901
v 0.0233150 -0.0775610 1.1950300
vn 3.2306793 -4.4159284 1.7393339
v 0.0220970 -0.0830580 1.1832480
vn 3.3955865 -3.8766282 2.8848367
v 0.0209000 -0.0885960 1.1714900
vn 2.6851931 -3.4781792 3.9736125
v 0.0200100 -0.0969730 1.1645890
vn 1.5416347 -2.6078615 5.4053478
v 0.0191770 -0.1054710 1.1578770
vn 0.7636456 -2.1781216 5.8337674
v 0.0183290 -0.1157000 1.1540720
vn 0.4383236 -1.7647377 6.0063157
v 0.0174930 -0.1259860 1.1504430
vn 0.1726072 -1.4292773 6.1146350
v 0.0171100 -0.1362660 1.1479360
vn -0.0554757 -1.0879086 6.1836553
v 0.0167260 -0.1466040 1.1456450
vn -0.2545879 -0.7872484 6.2280145
v 0.0167770 -0.1580380 1.1440380
vn -0.4217949 -0.4245904 6.2481995
v 0.0168110 -0.1695310 1.1427480
vn -0.5628144 0.0234958 6.2522383
v 0.0168850 -0.1819090 1.1423770
vn -0.6430452 1.0128642 6.1073050
v 0.0168690 -0.1943120 1.1428339
vn -0.6239224 2.1317434 5.8593087
v 0.0168590 -0.2070010 1.1465991
vn -0.2611615 1.2108257 2.8198595
v 0.0166360 -0.2191900 1.1518310
vn 1.7754383 1.2348194 2.2807579
v 0.0424900 0.3535870 1.0804790
vn 3.5192733 2.4903593 4.5704846
v 0.0418700 0.3492330 1.0833189
vn 3.4871349 2.6627448 4.4949079
v 0.0412550 0.3448830 1.0861681
vn 3.4361637 2.8442819 4.4247971
v 0.0407180 0.3399940 1.0897180
vn 3.3848994 2.9944468 4.3632340
v 0.0401840 0.3351100 1.0932790
vn 3.3404839 3.1406229 4.2958431
v 0.0398280 0.3297090 1.0974940
vn 3.2984586 3.2425356 4.2517886
v 0.0394770 0.3243140 1.1017190
vn 3.2504008 3.3447518 4.2099786
v 0.0393440 0.3183320 1.1065660
vn 3.2074115 3.3901751 4.2067604
v 0.0392160 0.3123540 1.1114210
vn 3.1888168 3.4247091 4.1928654
v 0.0392210 0.3057620 1.1167960
vn 3.1736722 3.4157805 4.2114348
v 0.0392300 0.2991730 1.1221761
vn 3.1475587 3.4093525 4.2362823
v 0.0393250 0.2919170 1.1279430
vn 3.1230211 3.3713002 4.2838755
v 0.0394210 0.2846640 1.1337140
vn 3.1374340 3.3157487 4.3172984
v 0.0395490 0.2767580 1.1397001
vn 3.1494985 3.2743404 4.3395262
v 0.0396760 0.2688510 1.1456800
vn 3.1847968 3.2237058 4.3520570
v 0.0398540 0.2603510 1.1518520
vn 3.2200313 3.1515274 4.3777962
v 0.0400320 0.2518510 1.1580210
vn 3.2674198 3.0723696 4.3998666
v 0.0401860 0.2426990 1.1643050
vn 3.3103476 3.0643775 4.3734317
v 0.0403370 0.2335470 1.1705869
vn 3.3388913 3.0593927 4.3550301
v 0.0406370 0.2239320 1.1771140
vn 3.3654323 3.0663385 4.3297548
v 0.0409380 0.2143190 1.1836460
vn 3.4080803 3.0695949 4.2937355
v 0.0414530 0.2041060 1.1905230
vn 3.4447126 3.1296682 4.2205696
v 0.0419770 0.1939020 1.1974140
vn 3.4641681 3.1960917 4.1544471
v 0.0429490 0.1831100 1.2048880
vn 3.4742448 3.3022108 4.0608697
v 0.0439290 0.1723250 1.2123700
vn 3.4610348 3.4232054 3.9723775
v 0.0457070 0.1608320 1.2206830
vn 3.4498529 3.5003288 3.9139533
v 0.0475040 0.1493580 1.2290210
vn 3.4166942 3.5845644 3.8670955
v 0.0498470 0.1370930 1.2382940
vn 3.4076753 3.5620685 3.8954041
v 0.0522010 0.1248400 1.2475830
vn 3.4402106 3.5257959 3.9001179
v 0.0553120 0.1104610 1.2578440
vn 3.5300682 3.2341471 4.0536909
v 0.0584170 0.0960730 1.2680980
vn 3.6720150 2.9293265 4.1725526
v 0.0622680 0.0786690 1.2769830
vn 3.8814788 2.0181549 4.4047861
v 0.0660880 0.0612260 1.2858310
vn 4.0952911 1.0566286 4.6455736
v 0.0667940 0.0423540 1.2897570
vn 4.0517321 -0.6308093 4.4540710
v 0.0672900 0.0233950 1.2934290
vn 4.0495734 -2.3495564 4.1876488
v 0.0632490 0.0043760 1.2871380
vn 3.9523253 -3.2260804 3.5336905
v 0.0587580 -0.0143520 1.2804379
vn 3.6765692 -4.0617175 3.0742548
v 0.0554220 -0.0260110 1.2690320
vn 3.6604698 -4.4584131 2.3244479
v 0.0520270 -0.0376070 1.2575910
vn 3.6446304 -4.8449082 1.6399876
v 0.0459380 -0.0464850 1.2447170
vn 3.8922107 -4.7514634 0.8871030
v 0.0398410 -0.0553550 1.2318470
vn 4.9034252 -3.8667150 -0.2201854
v 0.0363340 -0.0587260 1.2157381
vn 5.3023624 -3.3119922 0.1100086
v 0.0328730 -0.0621080 1.1996380
vn 5.3316708 -3.2534053 0.6726218
v 0.0321200 -0.0674050 1.1795160
vn 5.3326483 -2.0008256 1.9837004
v 0.0313670 -0.0727010 1.1593961
vn 4.1779056 -1.0252806 4.4182386
v 0.0298200 -0.0895600 1.1573070
vn 1.7889791 -1.4086598 5.8402061
v 0.0281390 -0.1062730 1.1549840
vn 1.2376878 -1.7663618 5.8941212
v 0.0272620 -0.1161610 1.1521440
vn 0.7467334 -1.4636092 6.0608420
v 0.0263980 -0.1260810 1.1494290
vn 0.4193970 -1.1566657 6.1584520
v 0.0259970 -0.1363090 1.1474390
vn 0.0869505 -0.8897725 6.2170753
v 0.0256060 -0.1465750 1.1456350
vn -0.1576822 -0.6092412 6.2500200
v 0.0256440 -0.1579060 1.1443850
vn -0.3965546 -0.3020964 6.2600808
v 0.0256720 -0.1692830 1.1434070
vn -0.5814800 0.1299091 6.2520623
v 0.0258500 -0.1813840 1.1432910
vn -0.7785135 0.9895893 6.1206608
v 0.0259530 -0.1934880 1.1439199
vn -0.7078434 2.0060828 5.9021997
v 0.0261250 -0.2058060 1.1473500
vn -0.2765960 1.1720929 2.9020157
v 0.0260880 -0.2176920 1.1521471
vn 2.4785872 1.0173508 2.0806432
v 0.0555530 0.3499670 1.0721210
vn 4.3366218 2.0041540 3.9258478
v 0.0547680 0.3456010 1.0752070
vn 4.3100071 2.2216320 3.8734927
v 0.0539910 0.3412390 1.0783020
vn 4.2493920 2.4066772 3.8006606
v 0.0533340 0.3363380 1.0821300
vn 4.2026224 2.5830553 3.7667606
v 0.0526840 0.3314420 1.0859669
vn 4.1456180 2.7165008 3.7165060
v 0.0522520 0.3260240 1.0903990
vn 4.0932775 2.8665409 3.6879306
v 0.0518280 0.3206100 1.0948390
vn 4.0407610 2.9710121 3.6466978
v 0.0516970 0.3146140 1.0998670
vn 3.9967973 3.0206409 3.6629999
v 0.0515680 0.3086180 1.1048970
vn 3.9663668 3.0429585 3.6788633
v 0.0515780 0.3020070 1.1103520
vn 3.9341471 3.0652282 3.6991229
v 0.0515890 0.2953970 1.1158100
vn 3.9160671 3.0690641 3.7159538
v 0.0517420 0.2881540 1.1216310
vn 3.8997638 3.0038021 3.7710347
v 0.0518940 0.2809120 1.1274520
vn 3.9109354 2.9361222 3.8281341
v 0.0520230 0.2729730 1.1334130
vn 3.9170222 2.8881874 3.8514380
v 0.0521500 0.2650310 1.1393710
vn 3.9495175 2.8298020 3.8714094
v 0.0523290 0.2564890 1.1454370
vn 3.9753478 2.7535651 3.8888881
v 0.0525050 0.2479450 1.1514980
vn 4.0174265 2.6743279 3.9161468
v 0.0526400 0.2387680 1.1576281
vn 4.0447755 2.6893766 3.8837419
v 0.0527730 0.2295910 1.1637570
vn 4.0747623 2.6932054 3.8474803
v 0.0531090 0.2199730 1.1701300
vn 4.0965090 2.7062318 3.8190303
v 0.0534480 0.2103580 1.1765050
vn 4.1216769 2.7074885 3.7933671
v 0.0540190 0.2001300 1.1831729
vn 4.1291327 2.8170037 3.7247462
v 0.0546000 0.1899080 1.1898490
vn 4.1290617 2.8933401 3.6583061
v 0.0557460 0.1791360 1.1970561
vn 4.1072726 3.0574527 3.5726819
v 0.0569060 0.1683750 1.2042760
vn 4.0770569 3.1854768 3.4785757
v 0.0589540 0.1570210 1.2122540
vn 4.0490270 3.2939847 3.4255383
v 0.0610170 0.1456750 1.2202441
vn 4.0210714 3.3858006 3.3509369
v 0.0639280 0.1335490 1.2289940
vn 4.0300322 3.3390260 3.3743305
v 0.0668460 0.1214260 1.2377501
vn 4.0689921 3.3007064 3.3679023
v 0.0705630 0.1072990 1.2471150
vn 4.1440501 2.9939747 3.4883165
v 0.0742730 0.0931670 1.2564729
vn 4.2915969 2.7067719 3.6082802
v 0.0781870 0.0764820 1.2643909
vn 4.4056177 1.8153061 3.7868242
v 0.0820550 0.0597710 1.2722729
vn 4.6284089 0.8816481 4.0786452
v 0.0825710 0.0419550 1.2758189
vn 4.4195075 -0.6500381 3.9310038
v 0.0828000 0.0240920 1.2791380
vn 4.3430157 -2.4105873 3.8171301
v 0.0785290 0.0075360 1.2739600
vn 4.0941386 -3.0849380 3.5068219
v 0.0738660 -0.0088090 1.2684660
vn 3.8060281 -3.8447294 3.1918921
v 0.0701440 -0.0178140 1.2620929
vn 2.7290008 -2.9595270 2.1563394
v 0.0663930 -0.0267950 1.2556990
vn 1.7836633 -2.3960471 0.9736231
v 0.0589080 -0.0355950 1.2477560
vn 2.3480678 -2.8729529 0.8036819
v 0.0514230 -0.0443930 1.2398109
vn 2.5335050 -1.7813014 -0.5274495
v 0.0469260 -0.0455240 1.2220290
vn 2.6450994 -1.7024798 -0.1353882
v 0.0424290 -0.0466540 1.2042470
vn 2.6667149 -1.6396480 0.2641697
v 0.0421300 -0.0517280 1.1757720
vn 3.0254142 -0.4884572 1.6602697
v 0.0418310 -0.0568020 1.1472970
vn 3.8923841 0.1018583 4.9220877
v 0.0396580 -0.0820360 1.1498880
vn 2.3569095 -0.7608873 5.6731219
v 0.0370780 -0.1070460 1.1520120
vn 1.8027465 -1.3330814 5.8494673
v 0.0361730 -0.1165770 1.1500810
vn 1.3335037 -1.1104494 6.0212874
v 0.0352810 -0.1261260 1.1482151
vn 0.9267615 -0.8818145 6.1382079
v 0.0348730 -0.1363110 1.1467290
vn 0.5585242 -0.6325129 6.2161655
v 0.0344830 -0.1465190 1.1454060
vn 0.2197783 -0.4196316 6.2592931
v 0.0345140 -0.1577570 1.1445270
vn -0.0704047 -0.1190740 6.2769427
v 0.0345500 -0.1690270 1.1438950
vn -0.3156751 0.2540769 6.2675600
v 0.0348270 -0.1808530 1.1440480
vn -0.4757545 1.0215175 6.1618843
v 0.0350560 -0.1926740 1.1448810
vn -0.5062575 1.8990014 5.9628038
v 0.0353770 -0.2046170 1.1480540
vn -0.2144814 1.1170967 2.9613228
v 0.0355480 -0.2162120 1.1524270
vn 2.6107161 0.5825726 1.6804430
v 0.0657380 0.3490830 1.0570360
vn 5.1792393 1.3379594 3.2920053
v 0.0649050 0.3449190 1.0597490
vn 5.1427779 1.5757900 3.2471511
v 0.0640370 0.3404340 1.0632640
vn 5.1014581 1.7899680 3.1975431
v 0.0631930 0.3359530 1.0667970
vn 5.0495934 2.0087059 3.1530063
v 0.0625220 0.3309990 1.0710050
vn 4.9949918 2.1841762 3.1212482
v 0.0618660 0.3260470 1.0752230
vn 4.9315858 2.3654387 3.0916300
v 0.0614840 0.3205910 1.0799830
vn 4.8688393 2.5031927 3.0821619
v 0.0611200 0.3151390 1.0847520
vn 4.8151255 2.6270335 3.0641117
v 0.0610550 0.3091290 1.0899940
vn 4.7687435 2.6774738 3.0932543
v 0.0609970 0.3031220 1.0952410
vn 4.7239122 2.7242963 3.1206906
v 0.0611060 0.2965040 1.1008470
vn 4.6830406 2.7319567 3.1751509
v 0.0612190 0.2898870 1.1064550
vn 4.6723151 2.7149158 3.2056770
v 0.0614120 0.2826460 1.1123130
vn 4.6652617 2.6521521 3.2664201
v 0.0616000 0.2754000 1.1181690
vn 4.6652765 2.5850778 3.3212008
v 0.0617610 0.2674720 1.1241190
vn 4.6633978 2.5226855 3.3701904
v 0.0619180 0.2595420 1.1300660
vn 4.6928864 2.4402626 3.3910079
v 0.0620430 0.2509950 1.1360500
vn 4.7202849 2.3738542 3.3994761
v 0.0621620 0.2424470 1.1420310
vn 4.7394500 2.3125038 3.4157391
v 0.0622830 0.2333060 1.1480600
vn 4.7547293 2.3227026 3.3875532
v 0.0624000 0.2241640 1.1540850
vn 4.7788386 2.3288519 3.3490405
v 0.0627150 0.2145680 1.1603050
vn 4.8002324 2.3576486 3.2979012
v 0.0630330 0.2049730 1.1665270
vn 4.7964258 2.4046412 3.2695284
v 0.0636560 0.1948460 1.1730440
vn 4.7825613 2.5199139 3.2003236
v 0.0642910 0.1847260 1.1795700
vn 4.7543941 2.6458762 3.1421089
v 0.0655390 0.1741190 1.1865799
vn 4.7106466 2.8087535 3.0614638
v 0.0668110 0.1635250 1.1936040
vn 4.6669426 2.9706497 2.9787223
v 0.0689930 0.1524000 1.2012440
vn 4.6282315 3.0678122 2.9390762
v 0.0711970 0.1412880 1.2088979
vn 4.6226921 3.1458640 2.8656588
v 0.0743190 0.1293230 1.2169840
vn 4.6492362 3.1043940 2.8674345
v 0.0774530 0.1173620 1.2250770
vn 4.7022772 3.0446634 2.8450825
v 0.0811750 0.1036670 1.2336160
vn 4.8119059 2.7940102 2.9049387
v 0.0848810 0.0899600 1.2421460
vn 4.9000969 2.5400255 3.0022233
v 0.0887830 0.0740010 1.2494080
vn 5.0666285 1.7396604 3.1734328
v 0.0926070 0.0579940 1.2566260
vn 5.1773305 0.8455050 3.4544725
v 0.0936250 0.0406850 1.2599820
vn 4.9862881 -0.7047256 3.4582434
v 0.0940520 0.0232780 1.2629660
vn 4.6888075 -2.2152488 3.5439374
v 0.0896890 0.0078030 1.2594330
vn 4.2781038 -3.0087910 3.3904190
v 0.0849740 -0.0074650 1.2556340
vn 3.9561386 -3.7055006 3.1764684
v 0.0802160 -0.0160440 1.2515630
vn 1.9336953 -1.8571768 1.6376352
v 0.0754450 -0.0246110 1.2474810
vn 2.6383111 0.2639874 1.6852314
v 0.0464270 -0.0549570 1.1398120
vn 3.9799149 0.6788791 4.7867775
v 0.0460220 -0.0803960 1.1444310
vn 2.6403036 -0.0729548 5.6281252
v 0.0449930 -0.1056040 1.1483890
vn 2.3406024 -0.9306340 5.7502151
v 0.0442660 -0.1157710 1.1470370
vn 1.8982309 -0.7225995 5.9445114
v 0.0435540 -0.1259530 1.1457450
vn 1.4894345 -0.5276106 6.0759749
v 0.0432860 -0.1361640 1.1448700
vn 1.0822953 -0.3221070 6.1794658
v 0.0430460 -0.1463870 1.1441410
vn 0.7166306 -0.1334786 6.2360654
v 0.0431140 -0.1575730 1.1438060
vn 0.3583671 0.0976862 6.2701435
v 0.0431960 -0.1687750 1.1436729
vn 0.1167226 0.4181587 6.2652860
v 0.0434780 -0.1804180 1.1441530
vn -0.1173202 1.0709033 6.1761236
v 0.0437670 -0.1920330 1.1452080
vn -0.1175103 1.8372824 6.0037942
v 0.0442000 -0.2037780 1.1482550
vn -0.0019321 1.0378088 2.9653039
v 0.0446010 -0.2152750 1.1522790
vn 2.8221939 0.3124447 1.3547838
v 0.0758730 0.3484100 1.0411260
vn 5.5116615 0.8175560 2.8380663
v 0.0749170 0.3441140 1.0441620
vn 5.5151148 1.0379009 2.7762854
v 0.0740080 0.3398220 1.0472209
vn 5.4763703 1.2848575 2.7218897
v 0.0730920 0.3352170 1.0511920
vn 5.4520717 1.5027916 2.6814671
v 0.0722120 0.3306160 1.0551790
vn 5.4001679 1.7155701 2.6309688
v 0.0715460 0.3256060 1.0597810
vn 5.3582530 1.9091204 2.6063235
v 0.0709040 0.3206000 1.0643940
vn 5.2990446 2.0877795 2.5646882
v 0.0705910 0.3151050 1.0694900
vn 5.2510629 2.2219992 2.5667553
v 0.0702950 0.3096150 1.0745940
vn 5.1993198 2.3353679 2.5544999
v 0.0703110 0.3035950 1.0800580
vn 5.1549911 2.3995435 2.5915117
v 0.0703310 0.2975780 1.0855250
vn 5.1155777 2.4469059 2.6205816
v 0.0705470 0.2909560 1.0912859
vn 5.0770912 2.4441853 2.6924040
v 0.0707640 0.2843330 1.0970470
vn 5.0575800 2.4126999 2.7698071
v 0.0709980 0.2770910 1.1029420
vn 5.0295000 2.3804984 2.8435521
v 0.0712220 0.2698450 1.1088310
vn 5.0227013 2.3139398 2.9258742
v 0.0714170 0.2619310 1.1147710
vn 5.0089636 2.2500768 2.9907851
v 0.0715990 0.2540130 1.1207050
vn 5.0188842 2.1528001 3.0636990
v 0.0716710 0.2454620 1.1266080
vn 5.0196586 2.1274350 3.0811081
v 0.0717330 0.2369080 1.1325051
vn 5.0309772 2.0734587 3.1077998
v 0.0718310 0.2278000 1.1384259
vn 5.0367994 2.0962405 3.0875051
v 0.0719270 0.2186910 1.1443450
vn 5.0490222 2.0991163 3.0666597
v 0.0722200 0.2091130 1.1504080
vn 5.0520496 2.1725879 3.0175433
v 0.0725210 0.1995410 1.1564749
vn 5.0472460 2.2361197 2.9750335
v 0.0731950 0.1895140 1.1628450
vn 5.0278893 2.3739586 2.9091740
v 0.0738870 0.1794950 1.1692240
vn 5.0018568 2.5088046 2.8313141
v 0.0752400 0.1690510 1.1760390
vn 4.9741793 2.6614256 2.7467265
v 0.0766280 0.1586260 1.1828721
vn 4.9435077 2.8232596 2.6211507
v 0.0789490 0.1477300 1.1901799
vn 4.9456987 2.8711982 2.5626235
v 0.0813030 0.1368520 1.1975060
vn 4.9538951 2.9394794 2.4489193
v 0.0846320 0.1250450 1.2049270
vn 5.0029812 2.8617766 2.4220598
v 0.0879720 0.1132420 1.2123539
vn 5.0538516 2.7984834 2.3988771
v 0.0916860 0.0999710 1.2200580
vn 5.1010766 2.6239226 2.4645431
v 0.0953690 0.0866880 1.2277499
vn 5.1793041 2.3938663 2.5773916
v 0.0992510 0.0714550 1.2343440
vn 5.2468991 1.7322870 2.8087342
v 0.1029640 0.0561490 1.2408611
vn 5.3605847 0.8730468 3.1226566
v 0.1044320 0.0393800 1.2439740
vn 5.1254578 -0.5423517 3.2689242
v 0.1050890 0.0224940 1.2466530
vn 4.8469610 -1.9888121 3.4611864
v 0.1007780 0.0081190 1.2448601
vn 4.3698168 -2.7537172 3.4781597
v 0.0960870 -0.0061250 1.2428091
vn 3.9710832 -3.5457561 3.3357859
v 0.0902970 -0.0142810 1.2410390
vn 2.1644902 -1.9577503 1.8323669
v 0.0845030 -0.0224320 1.2392650
vn 1.7176173 0.5288393 2.2261217
v 0.0510230 -0.0531110 1.1323280
vn 3.4922566 1.3449581 5.0360179
v 0.0523680 -0.0787190 1.1389170
vn 3.0935078 0.2056668 5.3279514
v 0.0528520 -0.1041300 1.1446460
vn 2.8968794 -0.5684615 5.5186644
v 0.0522860 -0.1149290 1.1437960
vn 2.5210044 -0.3846751 5.7184854
v 0.0517480 -0.1257380 1.1430010
vn 2.1363688 -0.1860305 5.8812981
v 0.0516250 -0.1359780 1.1426640
vn 1.7658528 -0.0155993 6.0083222
v 0.0515320 -0.1462270 1.1424320
vn 1.3863331 0.1448747 6.1077280
v 0.0516550 -0.1573710 1.1425810
vn 1.0528736 0.3364605 6.1691852
v 0.0518120 -0.1685160 1.1428980
vn 0.7536873 0.5884367 6.1978321
v 0.0521210 -0.1800040 1.1437041
vn 0.5783038 1.1564023 6.1359620
v 0.0524830 -0.1914590 1.1449990
vn 0.4912888 1.7962378 5.9894247
v 0.0530440 -0.2030680 1.1480089
vn 0.2698308 1.0154293 2.9917080
v 0.0536440 -0.2144580 1.1518090
vn 2.6724238 0.0057766 1.1342294
v 0.0836610 0.3476840 1.0233020
vn 5.7967296 0.2020131 2.4104807
v 0.0827060 0.3433060 1.0255760
vn 5.8074579 0.4529987 2.3547263
v 0.0815670 0.3388700 1.0291150
vn 5.8090906 0.6867691 2.2880585
v 0.0805070 0.3344340 1.0326860
vn 5.7953844 0.9394358 2.2376678
v 0.0794750 0.3296900 1.0372360
vn 5.7727523 1.1658441 2.1843002
v 0.0785120 0.3249500 1.0418130
vn 5.7417970 1.3923652 2.1374805
v 0.0778220 0.3198090 1.0469260
vn 5.7041378 1.5873313 2.0992684
v 0.0771880 0.3146800 1.0520570
vn 5.6607571 1.7769209 2.0673366
v 0.0769330 0.3090790 1.0574940
vn 5.6189318 1.9156711 2.0566809
v 0.0767170 0.3034890 1.0629441
vn 5.5747437 2.0476921 2.0505185
v 0.0768440 0.2974060 1.0686359
vn 5.5367126 2.1168993 2.0836518
v 0.0769900 0.2913290 1.0743340
vn 5.4981036 2.1802664 2.1196127
v 0.0773440 0.2846980 1.0802240
vn 5.4662170 2.1903138 2.1905613
v 0.0777040 0.2780670 1.0861140
vn 5.4262342 2.2008665 2.2773561
v 0.0781190 0.2708790 1.0920980
vn 5.3907833 2.1618237 2.3942022
v 0.0785180 0.2636820 1.0980771
vn 5.3690996 2.1047528 2.4938240
v 0.0788340 0.2558410 1.1040450
vn 5.3467288 2.0355434 2.5949194
v 0.0791270 0.2479920 1.1100030
vn 5.3321686 1.9604572 2.6836491
v 0.0792870 0.2395190 1.1158950
vn 5.3142433 1.9266162 2.7425120
v 0.0794300 0.2310410 1.1217780
vn 5.3104730 1.8828706 2.7806170
v 0.0795650 0.2220130 1.1276450
vn 5.3038921 1.8989513 2.7822614
v 0.0796920 0.2129830 1.1335070
vn 5.3043566 1.9155121 2.7700033
v 0.0799880 0.2035110 1.1394690
vn 5.2979150 1.9960072 2.7239323
v 0.0802980 0.1940450 1.1454390
vn 5.2870173 2.0821826 2.6814468
v 0.0810040 0.1841600 1.1516900
vn 5.2633572 2.2166719 2.6165512
v 0.0817420 0.1742890 1.1579551
vn 5.2485280 2.3424537 2.5384803
v 0.0830510 0.1640270 1.1646610
vn 5.2243013 2.4717367 2.4617610
v 0.0844020 0.1537860 1.1713850
vn 5.2457705 2.5651817 2.3185959
v 0.0866630 0.1430250 1.1781170
vn 5.2717581 2.6066554 2.2112439
v 0.0889760 0.1322880 1.1848660
vn 5.3264666 2.6153786 2.0630019
v 0.0920390 0.1206830 1.1916660
vn 5.3882918 2.5811446 1.9443749
v 0.0951150 0.1090830 1.1984740
vn 5.4086828 2.5677478 1.9043051
v 0.0988020 0.0961820 1.2054549
vn 5.4487238 2.4760649 1.9078640
v 0.1024710 0.0832730 1.2124360
vn 5.4266949 2.3962820 2.0673554
v 0.1066000 0.0688770 1.2185630
vn 5.5080686 1.8357263 2.3199482
v 0.1105600 0.0543980 1.2246350
vn 5.5226431 1.1656599 2.7469380
v 0.1125480 0.0387880 1.2282220
vn 5.3740683 -0.1663659 3.0145593
v 0.1137410 0.0230210 1.2314290
vn 5.0580292 -1.3711457 3.4458241
v 0.1101860 0.0083710 1.2311250
vn 4.3577094 -2.4077907 3.6682787
v 0.1063250 -0.0061840 1.2306091
vn 3.9763107 -3.4258471 3.4537051
v 0.1008980 -0.0150500 1.2280790
vn 1.9667540 -1.7100253 1.7543441
v 0.0954610 -0.0239070 1.2255410
vn 1.3480359 0.6805514 2.7548928
v 0.0606610 -0.0518410 1.1272990
vn 3.1696668 1.2103521 5.2841973
v 0.0605340 -0.0775740 1.1337180
vn 3.6546581 0.3876168 5.0483227
v 0.0598270 -0.1032270 1.1395820
vn 3.4349911 -0.2704181 5.2503891
v 0.0596050 -0.1143860 1.1391230
vn 3.1143317 -0.0407739 5.4547009
v 0.0594310 -0.1255560 1.1387440
vn 2.7515585 0.1672323 5.6411867
v 0.0595860 -0.1358840 1.1389430
vn 2.3916345 0.3161883 5.8006344
v 0.0597750 -0.1462130 1.1392380
vn 2.0418792 0.4433707 5.9206553
v 0.0599800 -0.1573260 1.1399640
vn 1.6988041 0.5896447 6.0183563
v 0.0602210 -0.1684340 1.1408030
vn 1.4449830 0.7663224 6.0628109
v 0.0604150 -0.1799340 1.1420630
vn 1.2357695 1.2380966 6.0274558
v 0.0606840 -0.1913850 1.1436230
vn 1.1857058 1.7870002 5.9035068
v 0.0610620 -0.2029680 1.1466880
vn 0.6131502 0.9688845 2.9227290
v 0.0615420 -0.2144030 1.1503780
vn 1.6627585 0.0061704 0.8032313
v 0.0914830 0.3474000 1.0048720
vn 4.0383620 0.0510835 1.8570198
v 0.0903040 0.3428010 1.0073690
vn 5.7550297 0.2725620 2.4828866
v 0.0892300 0.3381970 1.0099109
vn 5.7878289 0.5606024 2.3729949
v 0.0879430 0.3336090 1.0139630
vn 5.8002472 0.7741310 2.2736635
v 0.0867760 0.3290270 1.0180600
vn 5.8008599 1.0373659 2.1787789
v 0.0856630 0.3241370 1.0232069
vn 5.7858105 1.2318641 2.1102676
v 0.0846440 0.3192590 1.0283840
vn 5.7602715 1.4573145 2.0428102
v 0.0839330 0.3139830 1.0340130
vn 5.7225513 1.6548349 1.9923487
v 0.0833070 0.3087220 1.0396680
vn 5.6814880 1.8425010 1.9499288
v 0.0831550 0.3030230 1.0454590
vn 5.6407948 1.9695504 1.9422324
v 0.0830240 0.2973280 1.0512580
vn 5.5979891 2.1030958 1.9275613
v 0.0832730 0.2911810 1.0571790
vn 5.5601563 2.1721539 1.9597231
v 0.0835560 0.2850470 1.0631109
vn 5.5226326 2.2333248 1.9968116
v 0.0840610 0.2784110 1.0691310
vn 5.4897518 2.2506454 2.0656118
v 0.0845710 0.2717720 1.0751510
vn 5.4562745 2.2647204 2.1380930
v 0.0851700 0.2646380 1.0812269
vn 5.4292731 2.2043266 2.2610917
v 0.0857410 0.2574920 1.0872920
vn 5.4053402 2.1353111 2.3861561
v 0.0861910 0.2497290 1.0932920
vn 5.3806367 2.0642629 2.4981234
v 0.0865940 0.2419480 1.0992711
vn 5.3595772 1.9823723 2.6115434
v 0.0868550 0.2335580 1.1051570
vn 5.3448524 1.9292333 2.6792295
v 0.0870780 0.2251550 1.1110260
vn 5.3373795 1.8726752 2.7352936
v 0.0872510 0.2162090 1.1168380
vn 5.3384337 1.8683722 2.7361913
v 0.0874050 0.2072570 1.1226420
vn 5.3433008 1.8814965 2.7174599
v 0.0877040 0.1978900 1.1285050
vn 5.3482637 1.9446323 2.6622665
v 0.0880290 0.1885320 1.1343790
vn 5.3516378 2.0352855 2.5859892
v 0.0887410 0.1787790 1.1404990
vn 5.3551874 2.1271927 2.5023434
v 0.0895110 0.1690490 1.1466440
vn 5.3552470 2.2487471 2.3906314
v 0.0907630 0.1589620 1.1532360
vn 5.3738270 2.3018909 2.2947888
v 0.0920740 0.1489000 1.1598530
vn 5.4038801 2.3657417 2.1493421
v 0.0942640 0.1382640 1.1660020
vn 5.4617038 2.3494997 2.0123725
v 0.0964840 0.1276410 1.1721630
vn 5.5185061 2.3476133 1.8513193
v 0.0992520 0.1162290 1.1783390
vn 5.5506821 2.3722713 1.7222323
v 0.1020430 0.1048270 1.1845210
vn 5.5651665 2.4109988 1.6184300
v 0.1056220 0.0922640 1.1907660
vn 5.5293870 2.4716058 1.6538988
v 0.1092740 0.0797320 1.1970360
vn 5.4946175 2.4697218 1.7689102
v 0.1136320 0.0661750 1.2026920
vn 5.5289202 2.0480719 2.0796020
v 0.1178610 0.0525590 1.2083070
vn 5.5694733 1.5071888 2.4673665
v 0.1203770 0.0381400 1.2123500
vn 5.4431324 0.3623299 2.8861074
v 0.1222410 0.0235510 1.2161300
vn 5.2398534 -0.7398263 3.3804283
v 0.1195730 0.0086320 1.2173750
vn 4.5961866 -2.0857966 3.4359167
v 0.1165610 -0.0062440 1.2184089
vn 4.1633182 -3.3430872 3.3029251
v 0.1115040 -0.0158240 1.2151260
vn 2.1658971 -1.7551517 1.7193850
v 0.1064200 -0.0253840 1.2118170
vn 1.1650361 0.4438713 2.3287542
v 0.0702980 -0.0505710 1.1222690
vn 3.4123759 0.9886868 5.1757836
v 0.0686930 -0.0764660 1.1285260
vn 3.8913064 0.3910268 4.8543916
v 0.0667450 -0.1023090 1.1344430
vn 3.8441851 0.0105485 4.9497681
v 0.0668400 -0.1138340 1.1343210
vn 3.5636168 0.2594190 5.1506066
v 0.0670080 -0.1253630 1.1342911
vn 3.2386048 0.4945274 5.3415194
v 0.0674280 -0.1357890 1.1349601
vn 2.9199390 0.6084780 5.5114532
v 0.0678810 -0.1462120 1.1356920
vn 2.5892024 0.7065273 5.6650181
v 0.0681660 -0.1573050 1.1368999
vn 2.3070958 0.7978253 5.7737246
v 0.0684880 -0.1683920 1.1381810
vn 2.0381255 0.9087075 5.8605013
v 0.0685970 -0.1799200 1.1398261
vn 1.8778046 1.3011028 5.8438330
v 0.0687700 -0.1914160 1.1416540
vn 1.7703238 1.7558060 5.7566724
v 0.0690000 -0.2030140 1.1448510
vn 0.9020010 0.9560452 2.8943744
v 0.0693580 -0.2144850 1.1485140
vn 2.7968192 0.0160613 1.4265428
v 0.0996840 0.3423240 0.9880520
vn 5.6140199 0.0741918 2.8165588
v 0.0984560 0.3376660 0.9905120
vn 5.6340332 0.3219877 2.7452252
v 0.0973060 0.3330080 0.9930170
vn 5.6908860 0.5066597 2.6095295
v 0.0953780 0.3285370 0.9979110
vn 5.7235136 0.7784633 2.4427409
v 0.0935940 0.3240790 1.0028640
vn 5.7528048 1.0440586 2.2962129
v 0.0920050 0.3191000 1.0089120
vn 5.7572799 1.2806025 2.1478543
v 0.0905730 0.3141600 1.0150200
vn 5.7368593 1.5309862 2.0514066
v 0.0897590 0.3087490 1.0211600
vn 5.7062063 1.7323763 1.9697810
v 0.0890620 0.3033660 1.0273490
vn 5.6672826 1.9186229 1.9157655
v 0.0889280 0.2975300 1.0334719
vn 5.6299825 2.0510769 1.8867551
v 0.0888620 0.2917150 1.0396210
vn 5.5934367 2.1672854 1.8680059
v 0.0892130 0.2854810 1.0457410
vn 5.5618162 2.2424192 1.8744503
v 0.0896070 0.2792650 1.0518780
vn 5.5258555 2.3013892 1.9087763
v 0.0902580 0.2726250 1.0580270
vn 5.4978771 2.3165493 1.9710155
v 0.0908990 0.2659840 1.0641720
vn 5.4680781 2.3254995 2.0414052
v 0.0916390 0.2588740 1.0703310
vn 5.4483151 2.2717044 2.1505694
v 0.0923580 0.2517520 1.0764810
vn 5.4235945 2.2059746 2.2788270
v 0.0929860 0.2440770 1.0825300
vn 5.3975372 2.1298618 2.4076355
v 0.0935460 0.2363790 1.0885520
vn 5.3761535 2.0391161 2.5327513
v 0.0939670 0.2280910 1.0944520
vn 5.3534279 1.9600983 2.6398997
v 0.0943040 0.2197730 1.1003150
vn 5.3559370 1.8667501 2.7032247
v 0.0945240 0.2109190 1.1060580
vn 5.3549213 1.8416510 2.7223845
v 0.0946990 0.2020470 1.1117800
vn 5.3742442 1.8176364 2.7002618
v 0.0949550 0.1927680 1.1174870
vn 5.3863463 1.8717003 2.6375875
v 0.0952340 0.1834970 1.1232060
vn 5.4131384 1.9203514 2.5468299
v 0.0958430 0.1738530 1.1291080
vn 5.4316878 2.0004563 2.4421024
v 0.0965150 0.1642310 1.1350350
vn 5.4700985 2.0577319 2.3058074
v 0.0976150 0.1542510 1.1412441
vn 5.5078888 2.0871677 2.1870701
v 0.0987910 0.1442980 1.1474800
vn 5.5788240 2.0705109 2.0128877
v 0.1006040 0.1338000 1.1532429
vn 5.6467457 2.0527220 1.8378475
v 0.1024440 0.1233100 1.1590101
vn 5.7035255 2.0509315 1.6513349
v 0.1047960 0.1120360 1.1646900
vn 5.7270384 2.1351349 1.4524512
v 0.1072510 0.1007980 1.1704000
vn 5.6786833 2.3155496 1.3659933
v 0.1106350 0.0886360 1.1761600
vn 5.6166072 2.4801102 1.3311616
v 0.1143060 0.0765790 1.1819910
vn 5.5119033 2.6175416 1.4923745
v 0.1189400 0.0637320 1.1875960
vn 5.5619655 2.2751646 1.7859125
v 0.1234830 0.0508400 1.1931840
vn 5.5729151 1.8477199 2.2231390
v 0.1265900 0.0370530 1.1977240
vn 5.5420651 0.8138342 2.6707184
v 0.1291180 0.0230840 1.2020431
vn 5.3541036 -0.1465639 3.2643275
v 0.1277990 0.0086750 1.2039270
vn 4.6850939 -1.7329195 3.4279649
v 0.1261360 -0.0057420 1.2056100
vn 4.3169603 -3.3358684 3.1166916
v 0.1207670 -0.0169560 1.2011000
vn 2.1506245 -1.6753936 1.5613186
v 0.1153600 -0.0281360 1.1965510
vn 1.2023973 0.3809699 2.8769224
v 0.0788070 -0.0540500 1.1191720
vn 3.5236101 0.4964149 5.1629376
v 0.0763990 -0.0782880 1.1233881
vn 4.4252706 0.2486757 4.4529963
v 0.0738590 -0.1024760 1.1274600
vn 4.2288575 0.2620528 4.6367717
v 0.0741160 -0.1138580 1.1277471
vn 3.9861150 0.5677724 4.8181124
v 0.0744990 -0.1252460 1.1281689
vn 3.6669426 0.8413807 5.0274730
v 0.0751530 -0.1358020 1.1294349
vn 3.3483250 0.9104822 5.2378631
v 0.0758410 -0.1463550 1.1307549
vn 3.0552943 0.9641950 5.4015665
v 0.0761960 -0.1574760 1.1325400
vn 2.7656050 1.0087302 5.5503397
v 0.0765610 -0.1686000 1.1343400
vn 2.5434206 1.0582107 5.6451941
v 0.0767450 -0.1802260 1.1364030
vn 2.3499374 1.3654411 5.6610222
v 0.0769670 -0.1918300 1.1385510
vn 2.2854462 1.7362725 5.5885477
v 0.0770930 -0.2035930 1.1419140
vn 1.1395354 0.9164066 2.7788494
v 0.0773610 -0.2152580 1.1456510
vn 2.5554876 0.2638399 1.7749628
v 0.1084450 0.3372160 0.9715000
vn 5.1701427 0.4919834 3.4472637
v 0.1072260 0.3325310 0.9739470
vn 5.1614728 0.8496752 3.3337102
v 0.1060540 0.3278490 0.9764220
vn 5.2802563 1.0462101 3.1221094
v 0.1034800 0.3235190 0.9821370
vn 5.4139919 1.0939689 2.8858607
v 0.1009830 0.3192030 0.9878940
vn 5.4822884 1.4092491 2.6607146
v 0.0988340 0.3141460 0.9948060
vn 5.5366344 1.5519415 2.4599540
v 0.0968300 0.3091240 1.0017860
vn 5.5390773 1.8466961 2.2825520
v 0.0958540 0.3035750 1.0084140
vn 5.5439491 1.9751065 2.1611941
v 0.0950280 0.2980660 1.0151020
vn 5.5180612 2.1700585 2.0608683
v 0.0949140 0.2921010 1.0215540
vn 5.5005550 2.2531524 2.0169611
v 0.0948780 0.2861630 1.0280350
vn 5.4685698 2.3660669 1.9819462
v 0.0952920 0.2798310 1.0343460
vn 5.4401503 2.4333525 1.9773185
v 0.0957660 0.2735190 1.0406780
vn 5.4092474 2.4980516 1.9863963
v 0.0965320 0.2668700 1.0469470
vn 5.3909063 2.4960208 2.0397997
v 0.0973020 0.2602230 1.0532160
vn 5.3670921 2.5022397 2.0959525
v 0.0981900 0.2531380 1.0594590
vn 5.3613162 2.4287825 2.1963871
v 0.0990450 0.2460350 1.0656919
vn 5.3456864 2.3649879 2.3022761
v 0.0998290 0.2384450 1.0717850
vn 5.3382568 2.2560220 2.4251888
v 0.1005400 0.2308230 1.0778490
vn 5.3258772 2.1562386 2.5419428
v 0.1011070 0.2226340 1.0837590
vn 5.3232698 2.0231984 2.6527836
v 0.1015710 0.2144030 1.0896200
vn 5.3221626 1.9042193 2.7432442
v 0.1018310 0.2056370 1.0952920
vn 5.3317099 1.8417377 2.7672224
v 0.1020240 0.1968460 1.1009300
vn 5.3466468 1.8002741 2.7654285
v 0.1022330 0.1876530 1.1064820
vn 5.3733745 1.8182917 2.7002289
v 0.1024630 0.1784690 1.1120440
vn 5.4068804 1.8527007 2.6095314
v 0.1029540 0.1689280 1.1177160
vn 5.4500885 1.8842821 2.4927146
v 0.1035040 0.1594070 1.1234190
vn 5.4967194 1.9234743 2.3589363
v 0.1044340 0.1495240 1.1292371
vn 5.5716548 1.8782244 2.2117825
v 0.1054110 0.1396620 1.1350740
vn 5.6500797 1.8289332 2.0511048
v 0.1068370 0.1292930 1.1404440
vn 5.7240367 1.7990519 1.8592349
v 0.1082300 0.1189200 1.1458050
vn 5.7834830 1.8192315 1.6488459
v 0.1101570 0.1077820 1.1509920
vn 5.7656846 2.0223112 1.4512374
v 0.1122480 0.0966920 1.1562270
vn 5.7015014 2.2991047 1.2941066
v 0.1155070 0.0849490 1.1615241
vn 5.5606260 2.6157765 1.2905440
v 0.1192170 0.0733720 1.1669220
vn 5.4349923 2.8275120 1.3944228
v 0.1241210 0.0612340 1.1724800
vn 5.4542122 2.5773532 1.7199330
v 0.1290000 0.0490890 1.1780320
vn 5.4831815 2.2275817 2.1051011
v 0.1327250 0.0359570 1.1830810
vn 5.4991741 1.2993212 2.5904138
v 0.1359610 0.0226180 1.1879430
vn 5.4393063 0.4833459 3.0982556
v 0.1359850 0.0087120 1.1904560
vn 4.8378215 -1.3657689 3.2140586
v 0.1356800 -0.0052310 1.1927860
vn 4.2391024 -3.3278770 3.2280586
v 0.1300370 -0.0180890 1.1870790
vn 2.0486126 -2.1455264 1.7715259
v 0.1242990 -0.0308880 1.1812840
vn 1.4139721 -0.1401992 3.4071426
v 0.0873150 -0.0575310 1.1160790
vn 3.5751665 -0.0141884 5.1644592
v 0.0841460 -0.0801090 1.1182860
vn 4.3920188 0.1037782 4.4752164
v 0.0808880 -0.1026270 1.1203960
vn 4.3841834 0.5050231 4.4700232
v 0.0813100 -0.1138870 1.1210860
vn 4.1104765 0.8623711 4.6641259
v 0.0819050 -0.1251410 1.1219420
vn 3.8174083 1.1587908 4.8515439
v 0.0827830 -0.1358330 1.1237700
vn 3.5451381 1.1884860 5.0431643
v 0.0836940 -0.1465220 1.1256410
vn 3.2714324 1.2060804 5.2231207
v 0.0841180 -0.1576770 1.1279680
vn 3.0291123 1.1958466 5.3673391
v 0.0845310 -0.1688380 1.1302700
vn 2.8167396 1.1943332 5.4835329
v 0.0847840 -0.1805750 1.1327029
vn 2.6777971 1.4216627 5.4999199
v 0.0850380 -0.1923060 1.1351210
vn 2.5925839 1.7213039 5.4545221
v 0.0850990 -0.2042490 1.1387010
vn 1.3144453 0.9077277 2.7507880
v 0.0852670 -0.2161080 1.1425260
vn 2.3769493 0.4446544 2.0038688
v 0.1212890 0.3323990 0.9571030
vn 4.7512355 0.8974323 4.0119886
v 0.1210990 0.3278670 0.9583340
vn 4.7386713 1.0053872 3.9991004
v 0.1209170 0.3233370 0.9595680
vn 4.9347854 0.5422137 3.8226640
v 0.1154370 0.3194690 0.9671470
vn 5.1458349 0.8005847 3.4015746
v 0.1100640 0.3156230 0.9747940
vn 5.2709041 1.4701847 3.0846484
v 0.1070330 0.3104110 0.9823190
vn 5.3505187 1.6493065 2.8162417
v 0.1041190 0.3052290 0.9899080
vn 5.3611636 1.9868597 2.6037507
v 0.1028410 0.2994790 0.9967590
vn 5.3815384 2.1297138 2.4280005
v 0.1016720 0.2937650 1.0036650
vn 5.3630037 2.3326020 2.2941756
v 0.1014390 0.2876010 1.0103360
vn 5.3573656 2.4345546 2.1940486
v 0.1012980 0.2814750 1.0170380
vn 5.3197446 2.5647483 2.1421840
v 0.1018450 0.2749360 1.0234230
vn 5.2953763 2.6325405 2.1203904
v 0.1024510 0.2684280 1.0298300
vn 5.2735424 2.6768861 2.1204877
v 0.1032390 0.2618260 1.0362210
vn 5.2633963 2.6719866 2.1525402
v 0.1040270 0.2552260 1.0426130
vn 5.2618279 2.6366081 2.1995306
v 0.1049830 0.2481410 1.0489399
vn 5.2671556 2.5677876 2.2667503
v 0.1058810 0.2410250 1.0552440
vn 5.2638168 2.4874244 2.3625138
v 0.1067810 0.2334750 1.0613670
vn 5.2673521 2.3684535 2.4720914
v 0.1075780 0.2258760 1.0674480
vn 5.2743316 2.2355990 2.5808024
v 0.1082180 0.2177700 1.0733360
vn 5.2785945 2.0928197 2.6866598
v 0.1087460 0.2096150 1.0791690
vn 5.2852468 1.9490918 2.7829409
v 0.1090650 0.2009320 1.0847710
vn 5.2895355 1.8601153 2.8347278
v 0.1092900 0.1922160 1.0903220
vn 5.3117061 1.7850174 2.8419678
v 0.1094620 0.1831070 1.0957201
vn 5.3343487 1.7692354 2.8092442
v 0.1096300 0.1739960 1.1011140
vn 5.3868451 1.7516052 2.7175665
v 0.1099430 0.1645320 1.1065060
vn 5.4380922 1.7663674 2.6037428
v 0.1103170 0.1550880 1.1119270
vn 5.5182419 1.7298249 2.4537792
v 0.1110070 0.1453020 1.1173360
vn 5.6029906 1.6540256 2.3126347
v 0.1116630 0.1355100 1.1227340
vn 5.6937895 1.5764066 2.1337748
v 0.1126340 0.1252620 1.1277280
vn 5.7738552 1.5483119 1.9335661
v 0.1136040 0.1150170 1.1327150
vn 5.8242855 1.6044567 1.7206258
v 0.1150220 0.1042120 1.1374680
vn 5.8024836 1.8935509 1.4536659
v 0.1166920 0.0934730 1.1423030
vn 5.6830215 2.3262916 1.3170362
v 0.1198330 0.0820040 1.1474299
vn 5.5117507 2.7423785 1.2176043
v 0.1235820 0.0707650 1.1527060
vn 5.3180213 3.0608649 1.3430209
v 0.1287200 0.0594360 1.1581891
vn 5.3415532 2.8724749 1.6148139
v 0.1338690 0.0481280 1.1636781
vn 5.3575950 2.5820954 2.0135295
v 0.1382090 0.0357110 1.1688960
vn 5.4586391 1.7510493 2.4258497
v 0.1421100 0.0230590 1.1739510
vn 5.4898539 0.9179645 2.9020493
v 0.1430470 0.0090070 1.1771500
vn 5.0625110 -0.8961945 3.1288106
v 0.1435550 -0.0051240 1.1801240
vn 4.4209371 -2.7727089 3.4771752
v 0.1392460 -0.0190290 1.1746449
vn 2.2117062 -4.4846988 2.6379402
v 0.1348160 -0.0328870 1.1690820
vn 0.1804203 -2.9063144 1.2227776
v 0.1265960 -0.0363130 1.1562300
vn -0.1368031 -1.0126531 2.5332365
v 0.1042980 -0.0540560 1.1137930
vn 1.6743059 -1.2006928 5.8789158
v 0.0993170 -0.0665490 1.1108400
vn 3.3337207 -0.9444507 5.1817565
v 0.0938650 -0.0846280 1.1111910
vn 4.6784344 -0.2695119 4.0657110
v 0.0885200 -0.1026950 1.1116461
vn 4.4829230 0.8301717 4.3178754
v 0.0889860 -0.1139360 1.1131210
vn 4.1902828 1.1725230 4.5254836
v 0.0896510 -0.1251550 1.1147730
vn 3.9150920 1.4480748 4.6924486
v 0.0907560 -0.1358490 1.1171390
vn 3.6683462 1.4578968 4.8882704
v 0.0918830 -0.1465410 1.1195300
vn 3.4370465 1.4405142 5.0560865
v 0.0925760 -0.1577980 1.1223170
vn 3.2059159 1.3893169 5.2212296
v 0.0932370 -0.1690720 1.1250600
vn 3.0437307 1.3297269 5.3323193
v 0.0934570 -0.1810990 1.1279670
vn 2.8739750 1.4843628 5.3852181
v 0.0936660 -0.1931220 1.1308320
vn 2.8575675 1.6906896 5.3340206
v 0.0937000 -0.2054230 1.1345550
vn 1.4316632 0.8782927 2.6552100
v 0.0938560 -0.2176490 1.1385150
vn 1.4558876 0.2878672 1.2458792
v 0.1343630 0.3276040 0.9428950
vn 3.1387866 0.6296276 2.9595242
v 0.1352110 0.3232460 0.9429160
vn 4.1111040 1.4056253 4.4341993
v 0.1360620 0.3188890 0.9429430
vn 4.3750954 0.8739836 4.1900177
v 0.1276760 0.3154820 0.9523490
vn 4.6130505 1.0270655 3.8403432
v 0.1193460 0.3120940 0.9618140
vn 4.8497834 1.8104792 3.4640903
v 0.1154640 0.3067410 0.9699570
vn 5.0310278 1.8567429 3.1754072
v 0.1116620 0.3014160 0.9781550
vn 5.0823607 2.2152047 2.9186523
v 0.1101220 0.2954960 0.9852460
vn 5.1239657 2.3372316 2.7324786
v 0.1086460 0.2896020 0.9923740
vn 5.1183872 2.5547366 2.5710301
v 0.1083050 0.2832460 0.9992550
vn 5.1199059 2.6526320 2.4599414
v 0.1080400 0.2769280 1.0061740
vn 5.0951529 2.7929983 2.3702052
v 0.1087000 0.2701850 1.0126179
vn 5.0951071 2.8263521 2.3323476
v 0.1094100 0.2634690 1.0190870
vn 5.0877166 2.8748662 2.2950692
v 0.1101830 0.2569010 1.0255870
vn 5.1102138 2.8216457 2.3166990
v 0.1109640 0.2503380 1.0320899
vn 5.1207657 2.7810521 2.3425882
v 0.1119350 0.2432230 1.0384800
vn 5.1414642 2.7001457 2.3945024
v 0.1128640 0.2360870 1.0448560
vn 5.1554441 2.6182623 2.4560318
v 0.1138560 0.2285630 1.0510041
vn 5.1832476 2.4611475 2.5581346
v 0.1147130 0.2209730 1.0570900
vn 5.2002425 2.3252110 2.6501033
v 0.1154120 0.2129380 1.0629489
vn 5.2201076 2.1640730 2.7450902
v 0.1159840 0.2048490 1.0687460
vn 5.2305813 2.0081997 2.8431818
v 0.1163900 0.1962610 1.0742940
vn 5.2414098 1.8893448 2.9038367
v 0.1166240 0.1876080 1.0797499
vn 5.2529516 1.7918973 2.9444833
v 0.1168020 0.1785960 1.0850120
vn 5.2867322 1.7311540 2.9198358
v 0.1169040 0.1695620 1.0902340
vn 5.3273516 1.6789119 2.8761110
v 0.1170970 0.1601870 1.0953710
vn 5.3960376 1.6365817 2.7685556
v 0.1172720 0.1508120 1.1004980
vn 5.4753289 1.5686969 2.6511624
v 0.1176730 0.1411030 1.1054780
vn 5.5697017 1.4705284 2.5040395
v 0.1180260 0.1313830 1.1104380
vn 5.6621747 1.3656893 2.3544514
v 0.1185840 0.1212580 1.1150650
vn 5.7468424 1.3420304 2.1463828
v 0.1190770 0.1111210 1.1196650
vn 5.8087664 1.4265910 1.9142077
v 0.1200350 0.1006630 1.1239910
vn 5.7566013 1.8389497 1.6549125
v 0.1213080 0.0902800 1.1284250
vn 5.6361384 2.3725383 1.4161100
v 0.1243180 0.0791070 1.1333669
vn 5.4078007 2.8890069 1.3009735
v 0.1280600 0.0682160 1.1385100
vn 5.1938410 3.2916889 1.2909061
v 0.1333580 0.0576670 1.1439040
vn 5.2364216 3.1136670 1.5111653
v 0.1387220 0.0471550 1.1493130
vn 5.2746468 2.8965955 1.7890130
v 0.1436450 0.0354250 1.1546850
vn 5.4491115 2.0693696 2.1564376
v 0.1481510 0.0234540 1.1599050
vn 5.5703259 1.3042634 2.5580754
v 0.1500460 0.0092910 1.1637950
vn 5.2369533 -0.4839616 2.8262675
v 0.1513820 -0.0050170 1.1674300
vn 4.9531174 -2.1279814 3.1740668
v 0.1484770 -0.0199690 1.1622200
vn 2.9756961 -3.8148003 2.8270402
v 0.1453330 -0.0348750 1.1568691
vn 1.0524384 -5.3931642 2.8954682
v 0.1364780 -0.0423820 1.1461190
vn 0.5427688 -3.0527928 1.8311435
v 0.1276320 -0.0498750 1.1353650
vn -0.1759770 -2.7564201 1.4960988
v 0.1230900 -0.0541540 1.1269420
vn -0.4341662 -2.9628983 2.8482039
v 0.1185510 -0.0584400 1.1185200
vn -0.3072211 -3.4321084 4.7059488
v 0.1149290 -0.0669930 1.1120360
vn 2.0589447 -2.9054351 4.9878492
v 0.1113060 -0.0755560 1.1055650
vn 3.4479556 -2.3800251 4.6035967
v 0.1035680 -0.0891150 1.1040890
vn 4.3257513 -0.4868357 4.2178416
v 0.0961160 -0.1027580 1.1028610
vn 4.4092546 1.1667461 4.3198147
v 0.0966610 -0.1139810 1.1051430
vn 4.0928617 1.4875357 4.5147748
v 0.0973970 -0.1251620 1.1076030
vn 3.8278980 1.7351121 4.6703672
v 0.0987240 -0.1358630 1.1104960
vn 3.6381292 1.6899339 4.8338985
v 0.1000500 -0.1465700 1.1133820
vn 3.4546356 1.6697779 4.9753399
v 0.1009850 -0.1579410 1.1165870
vn 3.2991152 1.5509061 5.1141205
v 0.1018900 -0.1693310 1.1197439
vn 3.1518550 1.4587641 5.2348156
v 0.1020760 -0.1816440 1.1231160
vn 3.0418186 1.5308232 5.2794089
v 0.1022240 -0.1939730 1.1264110
vn 2.9940796 1.6708276 5.2643661
v 0.1022450 -0.2066360 1.1302930
vn 1.4959412 0.8532152 2.6073143
v 0.1023640 -0.2192450 1.1343499
vn 0.6798672 0.2430937 0.8454997
v 0.1453310 0.3207280 0.9349610
vn 3.0958133 1.6128490 3.8000009
v 0.1437070 0.3170950 0.9374910
vn 4.0003729 1.7892014 4.4908338
v 0.1368610 0.3130570 0.9451060
vn 4.1610999 1.7662193 4.3448410
v 0.1300240 0.3090270 0.9527570
vn 4.4965954 1.6633587 4.0339642
v 0.1256420 0.3034820 0.9598680
vn 4.7739620 1.7655640 3.6273103
v 0.1213090 0.2979530 0.9670220
vn 4.8652134 2.2160707 3.2975967
v 0.1193590 0.2918160 0.9739350
vn 4.9409642 2.3982699 3.0288665
v 0.1174840 0.2857160 0.9808930
vn 4.9165745 2.6974452 2.8331511
v 0.1170730 0.2791470 0.9877720
vn 4.9216127 2.8017979 2.7155671
v 0.1167200 0.2726100 0.9946810
vn 4.9090652 2.9230270 2.6138978
v 0.1167390 0.2662390 1.0016950
vn 4.9205213 2.9565055 2.5526705
v 0.1168020 0.2598970 1.0087301
vn 4.9236002 2.9929686 2.5051675
v 0.1175600 0.2530750 1.0153720
vn 4.9538255 2.9429102 2.5049772
v 0.1183210 0.2462530 1.0220170
vn 4.9767189 2.8906143 2.5203807
v 0.1192620 0.2390620 1.0284671
vn 5.0089278 2.8036013 2.5544322
v 0.1201680 0.2318490 1.0349060
vn 5.0472898 2.6906157 2.6003871
v 0.1211350 0.2242780 1.0410171
vn 5.0875492 2.5413992 2.6694067
v 0.1220050 0.2166580 1.0470750
vn 5.1220894 2.3799527 2.7525690
v 0.1227080 0.2086660 1.0528750
vn 5.1518250 2.2217748 2.8267922
v 0.1232730 0.2006090 1.0586010
vn 5.1703820 2.0668435 2.9106772
v 0.1237120 0.1920960 1.0640579
vn 5.1806436 1.9393399 2.9784014
v 0.1240150 0.1835270 1.0694460
vn 5.1997166 1.8088754 3.0278883
v 0.1241940 0.1746030 1.0746030
vn 5.2191963 1.7129958 3.0500124
v 0.1242590 0.1656440 1.0796900
vn 5.2671862 1.6232194 3.0159812
v 0.1243350 0.1563860 1.0845900
vn 5.3191962 1.5375439 2.9695692
v 0.1243560 0.1471140 1.0894541
vn 5.4033642 1.4340903 2.8655257
v 0.1244650 0.1375190 1.0941240
vn 5.4921398 1.3087475 2.7561171
v 0.1244940 0.1279060 1.0987480
vn 5.5923095 1.1853335 2.6030433
v 0.1246400 0.1179090 1.1030850
vn 5.6826649 1.1522804 2.4152522
v 0.1247070 0.1078980 1.1073860
vn 5.7499142 1.2684487 2.1811719
v 0.1252040 0.0975330 1.1114900
vn 5.7214108 1.7640085 1.8328671
v 0.1261130 0.0872470 1.1157410
vn 5.6024551 2.3591831 1.5700947
v 0.1288680 0.0767010 1.1202821
vn 5.3656979 2.9457054 1.3380336
v 0.1323320 0.0664460 1.1250360
vn 5.1495895 3.3667121 1.2738742
v 0.1376270 0.0563270 1.1302720
vn 5.1948733 3.2523167 1.3664668
v 0.1430010 0.0462590 1.1355300
vn 5.2706933 3.0323641 1.5751497
v 0.1481260 0.0352300 1.1404790
vn 5.4955664 2.3246648 1.8111622
v 0.1529260 0.0239910 1.1453300
vn 5.6750374 1.5717696 2.1783249
v 0.1555890 0.0106600 1.1489440
vn 5.6793213 0.2006815 2.3287075
v 0.1576540 -0.0028500 1.1523370
vn 5.4261837 -1.2800938 2.8545411
v 0.1562530 -0.0184120 1.1484020
vn 4.2249732 -3.1382270 2.8145633
v 0.1544940 -0.0339260 1.1443160
vn 2.5713460 -4.8401499 2.9785016
v 0.1465010 -0.0436770 1.1353440
vn 1.2447605 -5.0433908 3.4970195
v 0.1385240 -0.0534200 1.1263770
vn 0.3340574 -5.1600122 3.5365624
v 0.1320120 -0.0593480 1.1184220
vn 0.2425500 -4.6557598 4.1622453
v 0.1255020 -0.0652820 1.1104710
vn 1.3578249 -4.5024424 4.1385884
v 0.1213640 -0.0720910 1.1044180
vn 2.8134134 -3.7404244 4.0237713
v 0.1172230 -0.0788950 1.0983630
vn 3.9220858 -2.9216235 3.9379303
v 0.1102470 -0.0907150 1.0962490
vn 4.3916430 -0.7360421 3.8428364
v 0.1035310 -0.1027110 1.0943609
vn 4.2861538 1.5628599 4.3115964
v 0.1044100 -0.1138240 1.0973459
vn 3.9360139 1.8046889 4.5506525
v 0.1054550 -0.1248880 1.1004910
vn 3.7345154 1.9418230 4.6630554
v 0.1069850 -0.1355970 1.1037470
vn 3.5757346 1.8855616 4.8096161
v 0.1085030 -0.1463190 1.1069900
vn 3.4601541 1.8066018 4.9227862
v 0.1096480 -0.1578020 1.1104620
vn 3.3511384 1.6891397 5.0377140
v 0.1107500 -0.1693120 1.1138730
vn 3.2490995 1.5551250 5.1474781
v 0.1110710 -0.1819250 1.1175801
vn 3.1406991 1.5769774 5.2083359
v 0.1113210 -0.1945670 1.1211710
vn 3.1361947 1.6391833 5.1917987
v 0.1112170 -0.2077450 1.1253140
vn 1.5798163 0.8358854 2.5820785
v 0.1111840 -0.2208760 1.1295850
vn 0.4664058 0.2045168 0.5510492
v 0.1513450 0.3153010 0.9320140
vn 3.0815001 1.8460954 4.2276392
v 0.1460620 0.3106440 0.9379090
vn 3.5988698 1.9076240 4.7111773
v 0.1407730 0.3059860 0.9437900
vn 3.8181307 1.6416597 4.5817175
v 0.1359060 0.3002560 0.9498660
vn 4.1234326 1.8640405 4.1519537
v 0.1310690 0.2945370 0.9559770
vn 4.3690610 2.3972220 3.7454703
v 0.1287270 0.2882000 0.9627110
vn 4.6160908 2.4638212 3.3912232
v 0.1264320 0.2818840 0.9694830
vn 4.6700969 2.8364885 3.0786357
v 0.1259650 0.2751150 0.9763590
vn 4.7198968 2.9180496 2.9196579
v 0.1255490 0.2683740 0.9832680
vn 4.7275815 3.0574474 2.7776248
v 0.1249430 0.2623900 0.9908550
vn 4.7561693 3.0637431 2.7218621
v 0.1243580 0.2564200 0.9984530
vn 4.7523813 3.1001461 2.6886718
v 0.1251140 0.2493520 1.0052460
vn 4.7762032 3.0606902 2.6942039
v 0.1258840 0.2422910 1.0120471
vn 4.8036532 3.0018070 2.7111104
v 0.1267960 0.2350200 1.0185601
vn 4.8570242 2.8866925 2.7437427
v 0.1276560 0.2277160 1.0250460
vn 4.9048290 2.7718353 2.7765276
v 0.1286000 0.2200920 1.0311190
vn 4.9632654 2.6074929 2.8333313
v 0.1294540 0.2124190 1.0371430
vn 5.0123005 2.4497089 2.8878822
v 0.1301450 0.2044580 1.0428760
vn 5.0571060 2.2782958 2.9500723
v 0.1307070 0.1964330 1.0485320
vn 5.0890360 2.1255240 3.0093520
v 0.1311750 0.1879830 1.0539000
vn 5.1168332 1.9744720 3.0645549
v 0.1314940 0.1794740 1.0591830
vn 5.1383023 1.8370749 3.1141648
v 0.1316940 0.1706400 1.0642430
vn 5.1648669 1.7069972 3.1438797
v 0.1317450 0.1617680 1.0692180
vn 5.1936064 1.5843405 3.1605372
v 0.1317430 0.1526360 1.0739040
vn 5.2475829 1.4676368 3.1269469
v 0.1316570 0.1434770 1.0785340
vn 5.3099546 1.3196542 3.0874007
v 0.1315480 0.1340050 1.0829210
vn 5.4015160 1.1645925 2.9875162
v 0.1313150 0.1245060 1.0872340
vn 5.4931755 1.0106449 2.8750517
v 0.1310660 0.1146270 1.0912811
vn 5.5875244 0.9803959 2.6923633
v 0.1307420 0.1047410 1.0952790
vn 5.6654763 1.0969753 2.4712279
v 0.1307920 0.0944720 1.0991350
vn 5.6547174 1.6331213 2.1119163
v 0.1312540 0.0842840 1.1031671
vn 5.5721369 2.3004696 1.7400789
v 0.1336030 0.0743610 1.1072450
vn 5.3695016 2.8861802 1.4295958
v 0.1366960 0.0647200 1.1115780
vn 5.1561947 3.3901811 1.1813414
v 0.1418570 0.0549560 1.1166250
vn 5.2324748 3.2607105 1.1762652
v 0.1471600 0.0452730 1.1217060
vn 5.2998381 3.1223884 1.2324511
v 0.1524190 0.0349100 1.1262120
vn 5.5353365 2.4637694 1.4135114
v 0.1573920 0.0243840 1.1306500
vn 5.7444510 1.8483801 1.6501608
v 0.1607770 0.0119190 1.1339600
vn 5.7775888 0.6456239 1.8880824
v 0.1636170 -0.0007230 1.1371180
vn 5.8046665 -0.3851945 2.1940970
v 0.1638630 -0.0168420 1.1345030
vn 4.8202004 -2.2161195 2.1372516
v 0.1635340 -0.0329330 1.1317101
vn 4.0765491 -3.8623729 2.4619498
v 0.1565400 -0.0449830 1.1245710
vn 2.8433404 -4.4160509 2.6580033
v 0.1494140 -0.0569640 1.1173880
vn 2.0158222 -5.0127048 2.7876828
v 0.1409360 -0.0645440 1.1099041
vn 1.7691501 -4.9374933 3.0654266
v 0.1324520 -0.0721120 1.1024160
vn 1.8493137 -5.0169992 2.9569719
v 0.1277900 -0.0771560 1.0967740
vn 3.2803009 -4.1254787 3.2580214
v 0.1231250 -0.0822000 1.0911330
vn 3.9767561 -3.2744796 3.5878839
v 0.1168910 -0.0923090 1.0883700
vn 4.0651813 -0.4984192 3.9932468
v 0.1109790 -0.1026450 1.0858970
vn 4.0089378 1.9777036 4.4071574
v 0.1122050 -0.1136450 1.0895940
vn 3.7802322 2.0581088 4.5698018
v 0.1135450 -0.1245960 1.0934120
vn 3.6015525 2.1426461 4.6807699
v 0.1152740 -0.1353160 1.0970320
vn 3.5125208 2.0266683 4.7981453
v 0.1169660 -0.1460610 1.1006060
vn 3.4249098 1.9366746 4.8986979
v 0.1183050 -0.1576640 1.1043260
vn 3.3519518 1.7917424 5.0014186
v 0.1195870 -0.1692990 1.1079620
vn 3.2818773 1.6488984 5.0972862
v 0.1200290 -0.1822180 1.1119890
vn 3.2257009 1.5953118 5.1502228
v 0.1203650 -0.1951780 1.1158381
vn 2.3217187 1.1691175 3.7456346
v 0.1201280 -0.2088780 1.1202400
vn 0.7993426 0.4143957 1.2937799
v 0.1199240 -0.2225420 1.1246740
vn 1.0417413 1.0118624 1.7891414
v 0.1557240 0.3101720 0.9326910
vn 2.8997688 2.4970684 4.9778166
v 0.1508630 0.3055020 0.9381370
vn 3.2218399 1.9833441 5.0061450
v 0.1458960 0.2996380 0.9436470
vn 3.4558086 2.0357409 4.8178849
v 0.1409240 0.2937720 0.9491630
vn 3.9863663 1.9619738 4.4065642
v 0.1379620 0.2867760 0.9548950
vn 4.4128356 2.1868801 3.8290787
v 0.1350470 0.2798040 0.9606860
vn 4.5031695 2.7282493 3.4235046
v 0.1341180 0.2728690 0.9673800
vn 4.6125374 2.8801508 3.1289749
v 0.1332380 0.2659620 0.9741090
vn 4.5817127 3.1338756 2.9433053
v 0.1327710 0.2596240 0.9815480
vn 4.6133533 3.1550560 2.8693380
v 0.1323230 0.2532990 0.9889980
vn 4.5890279 3.2217731 2.8352602
v 0.1330400 0.2461930 0.9959040
vn 4.6061950 3.1660531 2.8697028
v 0.1337550 0.2390840 1.0028090
vn 4.6478796 3.0837388 2.8922343
v 0.1346700 0.2317150 1.0092610
vn 4.7012606 2.9549067 2.9389312
v 0.1355340 0.2243140 1.0156800
vn 4.7669334 2.8158367 2.9704077
v 0.1363740 0.2166420 1.0216900
vn 4.8339901 2.6503584 3.0124090
v 0.1371460 0.2089340 1.0276620
vn 4.9000344 2.4725654 3.0580049
v 0.1378010 0.2009110 1.0332381
vn 4.9567218 2.3110833 3.0920939
v 0.1383430 0.1928350 1.0387470
vn 4.9992795 2.1543086 3.1372166
v 0.1387740 0.1844430 1.0439820
vn 5.0350933 2.0076761 3.1764281
v 0.1390800 0.1759970 1.0491390
vn 5.0653086 1.8616539 3.2176387
v 0.1392880 0.1672680 1.0540190
vn 5.0901699 1.7285467 3.2521703
v 0.1393640 0.1584920 1.0588191
vn 5.1191225 1.5876530 3.2786560
v 0.1393190 0.1494750 1.0634240
vn 5.1533308 1.4287461 3.2977843
v 0.1391190 0.1404200 1.0679350
vn 5.2175241 1.2406611 3.2721572
v 0.1388330 0.1310820 1.0721480
vn 5.2883463 1.0426753 3.2277913
v 0.1383360 0.1217010 1.0762310
vn 5.3821464 0.8689703 3.1203985
v 0.1377640 0.1120220 1.0800520
vn 5.4765158 0.8099416 2.9683723
v 0.1370770 0.1023300 1.0838010
vn 5.5740995 0.9007085 2.7469306
v 0.1367210 0.0923100 1.0873610
vn 5.6034727 1.4110548 2.4085772
v 0.1367350 0.0823510 1.0910960
vn 5.6050987 2.0124512 1.9768983
v 0.1384650 0.0727070 1.0947800
vn 5.4471345 2.6783402 1.5261552
v 0.1409470 0.0633210 1.0987450
vn 5.3041630 3.1553128 1.1678772
v 0.1454490 0.0538220 1.1033580
vn 5.3582153 3.1371808 0.9595171
v 0.1501840 0.0444570 1.1080220
vn 5.4298182 3.0195773 0.9280308
v 0.1551920 0.0344710 1.1121891
vn 5.6602783 2.4968038 0.9437433
v 0.1599880 0.0243550 1.1163220
vn 5.8737049 1.9214755 1.1159214
v 0.1635070 0.0127450 1.1193630
vn 6.0184393 0.9920335 1.2048396
v 0.1665160 0.0009550 1.1223190
vn 6.1274085 -0.0156921 1.3650032
v 0.1672990 -0.0143910 1.1203010
vn 5.8146305 -1.4985681 1.2042036
v 0.1673230 -0.0297360 1.1181260
vn 5.2353721 -3.0196788 1.6297996
v 0.1616500 -0.0426400 1.1128520
vn 4.1821976 -4.0808291 2.0015683
v 0.1557320 -0.0554180 1.1075290
vn 3.3678079 -4.9649506 1.8515761
v 0.1474310 -0.0635290 1.1009080
vn 3.0236664 -5.0738869 2.1388054
v 0.1391090 -0.0716010 1.0942820
vn 2.9843247 -5.1390066 2.0400712
v 0.1334150 -0.0770060 1.0889710
vn 3.8158720 -4.1219940 2.4626870
v 0.1277260 -0.0824190 1.0836620
vn 4.3332129 -2.9138677 3.4729600
v 0.1226560 -0.0921260 1.0813360
vn 3.9935970 -0.2827333 4.1749611
v 0.1179000 -0.1021400 1.0792830
vn 3.7663655 2.2099466 4.5149040
v 0.1197730 -0.1130840 1.0829880
vn 3.5735865 2.2589681 4.6480923
v 0.1217310 -0.1239880 1.0867881
vn 3.4947946 2.2418303 4.7154384
v 0.1237370 -0.1347560 1.0904731
vn 3.4407792 2.1356661 4.8029499
v 0.1257050 -0.1455540 1.0941110
vn 3.3908262 2.0238028 4.8869076
v 0.1272660 -0.1571480 1.0978870
vn 3.3442631 1.8796118 4.9737077
v 0.1287900 -0.1687660 1.1016060
vn 3.3109303 1.7125435 5.0576453
v 0.1293860 -0.1818660 1.1057650
vn 3.2585530 1.6165521 5.1222405
v 0.1298980 -0.1950080 1.1097879
vn 1.6459104 0.7735327 2.5616114
v 0.1296700 -0.2091740 1.1141890
vn 1.2004290 1.8662978 3.3570349
v 0.1609700 0.3050280 0.9325060
vn 2.2229266 2.4139013 5.1815271
v 0.1559080 0.2990350 0.9374870
vn 2.7286122 1.9671893 5.2213268
v 0.1508430 0.2930350 0.9424390
vn 3.0886011 1.6967504 5.0495157
v 0.1472600 0.2853850 0.9471590
vn 3.4770088 2.1590712 4.4588099
v 0.1437090 0.2777510 0.9519360
vn 3.8433347 2.8763571 3.9398160
v 0.1423080 0.2706460 0.9584280
vn 4.2032371 2.9093847 3.5499046
v 0.1409580 0.2635720 0.9649720
vn 4.3137970 3.2667849 3.1682088
v 0.1406370 0.2568850 0.9722680
vn 4.4270196 3.2397861 3.0464897
v 0.1403430 0.2502160 0.9795820
vn 4.4310994 3.3323438 2.9499502
v 0.1410370 0.2430820 0.9866090
vn 4.4693446 3.2454870 2.9918923
v 0.1417230 0.2359430 0.9936320
vn 4.5026183 3.1476140 3.0443847
v 0.1426610 0.2284860 1.0000310
vn 4.5529985 3.0142846 3.1048551
v 0.1435450 0.2209920 1.0063940
vn 4.6125503 2.8602319 3.1604693
v 0.1443060 0.2132840 1.0123570
vn 4.6824059 2.6918204 3.2067065
v 0.1449930 0.2055300 1.0182730
vn 4.7478690 2.5119586 3.2550859
v 0.1456300 0.1974510 1.0237100
vn 4.8062634 2.3542144 3.2883573
v 0.1461620 0.1893190 1.0290780
vn 4.8582859 2.2047915 3.3150208
v 0.1465550 0.1809780 1.0341760
vn 4.9074416 2.0471208 3.3449328
v 0.1468440 0.1725910 1.0392050
vn 4.9478574 1.9066740 3.3683429
v 0.1470580 0.1639510 1.0439039
vn 4.9790606 1.7682141 3.3984373
v 0.1471680 0.1552710 1.0485340
vn 5.0101404 1.6177299 3.4277430
v 0.1470690 0.1463730 1.0530590
vn 5.0467010 1.4304479 3.4569082
v 0.1468110 0.1374250 1.0574800
vn 5.0887842 1.1988429 3.4831667
v 0.1463800 0.1282210 1.0615430
vn 5.1437798 0.9822249 3.4688139
v 0.1457130 0.1189630 1.0654420
vn 5.2097163 0.7491412 3.4269605
v 0.1448360 0.1094730 1.0690390
vn 5.3136811 0.6581523 3.2778370
v 0.1437890 0.0999610 1.0725240
vn 5.4203320 0.7044877 3.0859914
v 0.1430500 0.0902020 1.0757800
vn 5.5368304 1.0808651 2.7088602
v 0.1425410 0.0804770 1.0791590
vn 5.6027732 1.6516864 2.2783508
v 0.1435270 0.0711070 1.0823900
vn 5.5366006 2.3063865 1.7507534
v 0.1452540 0.0619330 1.0859261
vn 5.4404311 2.8820674 1.2470829
v 0.1490010 0.0526720 1.0900800
vn 5.4859757 2.9084964 0.9411392
v 0.1530670 0.0435550 1.0943160
vn 5.5214500 2.9034069 0.7230541
v 0.1577390 0.0339080 1.0981370
vn 5.7250514 2.4272025 0.6558890
v 0.1622560 0.0241860 1.1019371
vn 5.9035578 1.9970891 0.6567174
v 0.1658110 0.0134310 1.1047040
vn 6.0423164 1.1434319 0.7341196
v 0.1689730 0.0025430 1.1074290
vn 6.1906872 0.3135146 0.7895613
v 0.1702820 -0.0119490 1.1059970
vn 5.9568453 -0.9724568 0.8029291
v 0.1708210 -0.0264850 1.1044840
vn 5.7378030 -2.1362243 1.0882503
v 0.1666300 -0.0402220 1.1010900
vn 4.7529111 -3.3551114 1.1560931
v 0.1619510 -0.0537980 1.0976440
vn 4.0307379 -4.5648699 1.1686928
v 0.1539160 -0.0624830 1.0919009
vn 3.6192510 -4.8045702 1.5045692
v 0.1457450 -0.0710530 1.0861330
vn 3.2723398 -5.1100779 1.5257834
v 0.1390270 -0.0768280 1.0811580
vn 3.9731879 -3.7400627 2.6691842
v 0.1323220 -0.0826170 1.0761880
vn 4.4322186 -2.4127901 3.7279825
v 0.1283540 -0.0919910 1.0742410
vn 3.8929861 0.0894378 4.2660737
v 0.1248480 -0.1016250 1.0727000
vn 3.5376735 2.4150636 4.5923505
v 0.1273720 -0.1125040 1.0764199
vn 3.4474239 2.3688550 4.6868458
v 0.1299460 -0.1233600 1.0802020
vn 3.3920946 2.3302751 4.7472568
v 0.1322190 -0.1341840 1.0839400
vn 3.3672566 2.2093759 4.8219514
v 0.1344520 -0.1450400 1.0876250
vn 3.3366640 2.1031890 4.8908868
v 0.1362340 -0.1566260 1.0914561
vn 3.3257411 1.9381649 4.9643211
v 0.1379640 -0.1682460 1.0952090
vn 3.3157690 1.7710127 5.0343146
v 0.1387300 -0.1815240 1.0995140
vn 3.3239746 1.6064457 5.0824094
v 0.1393820 -0.1948540 1.1036400
vn 1.6034269 0.7167603 2.4339199
v 0.1391770 -0.2094860 1.1080840
vn 0.4748299 1.5511414 2.6906645
v 0.1720290 0.3070960 0.9293420
vn 1.3082409 2.8470678 5.4343901
v 0.1669270 0.3006420 0.9339630
vn 1.7239479 2.2985392 5.5799198
v 0.1618200 0.2941770 0.9385560
vn 2.2139654 1.7844787 5.5915613
v 0.1580040 0.2861130 0.9426200
vn 2.5495422 2.0880628 5.3107357
v 0.1541830 0.2780430 0.9467010
vn 3.2989905 2.2721424 4.7951107
v 0.1520710 0.2698870 0.9519330
vn 3.9433756 2.5630631 4.0839415
v 0.1500100 0.2617660 0.9572470
vn 4.1143789 3.1002972 3.5883784
v 0.1493040 0.2545380 0.9642580
vn 4.3271704 3.1688490 3.2589402
v 0.1486390 0.2473420 0.9712990
vn 4.2894959 3.3951254 3.0904856
v 0.1493410 0.2401270 0.9782470
vn 4.3343372 3.3156471 3.1135604
v 0.1500440 0.2329110 0.9851930
vn 4.3557887 3.2370365 3.1665027
v 0.1509640 0.2254620 0.9916060
vn 4.3935394 3.0817523 3.2642968
v 0.1518360 0.2179790 0.9979860
vn 4.4567099 2.9118636 3.3370256
v 0.1525930 0.2102430 1.0037870
vn 4.5165029 2.7329023 3.4050903
v 0.1532870 0.2024670 1.0095420
vn 4.5855908 2.5486801 3.4571626
v 0.1538150 0.1944130 1.0148710
vn 4.6445937 2.3876388 3.4923866
v 0.1542620 0.1863150 1.0201401
vn 4.7032609 2.2293973 3.5190151
v 0.1545980 0.1780020 1.0250490
vn 4.7576990 2.0742321 3.5403032
v 0.1548430 0.1696520 1.0298920
vn 4.7994642 1.9414567 3.5592790
v 0.1549770 0.1610820 1.0344510
vn 4.8384995 1.8101602 3.5755327
v 0.1550490 0.1524910 1.0389620
vn 4.8738270 1.6589960 3.6009464
v 0.1549360 0.1437010 1.0433030
vn 4.9080801 1.4646995 3.6376073
v 0.1546980 0.1348720 1.0475540
vn 4.9369450 1.2489163 3.6795037
v 0.1541910 0.1258180 1.0515050
vn 4.9590745 0.9908990 3.7265925
v 0.1534840 0.1167180 1.0553060
vn 5.0214500 0.7088455 3.7076564
v 0.1524350 0.1074320 1.0587270
vn 5.0908394 0.5312467 3.6417999
v 0.1511530 0.0981180 1.0619760
vn 5.2521505 0.4248676 3.4145770
v 0.1498960 0.0886280 1.0650190
vn 5.4082832 0.7065834 3.0872130
v 0.1487320 0.0791480 1.0681159
vn 5.5803423 1.1461344 2.6218863
v 0.1489810 0.0699140 1.0708849
vn 5.6136141 1.8172495 2.0567427
v 0.1498140 0.0607870 1.0739380
vn 5.6342416 2.3487513 1.4473194
v 0.1524940 0.0516650 1.0775840
vn 5.6815801 2.5047541 0.9400821
v 0.1555230 0.0426930 1.0813180
vn 5.7041149 2.5521419 0.6163877
v 0.1593470 0.0334350 1.0848430
vn 5.8613048 2.2193286 0.3455829
v 0.1631160 0.0241470 1.0883560
vn 5.9903936 1.8711106 0.2741909
v 0.1662690 0.0141620 1.0908860
vn 6.1254568 1.2398224 0.1707664
v 0.1691930 0.0040880 1.0933950
vn 6.2554364 0.5066399 0.2004774
v 0.1706990 -0.0097170 1.0926970
vn 6.1847963 -0.5414568 0.1258519
v 0.1714840 -0.0236000 1.0919690
vn 6.0524449 -1.6258472 0.3300802
v 0.1683990 -0.0367300 1.0893850
vn 5.5305729 -2.7402811 0.3033149
v 0.1647130 -0.0497070 1.0867860
vn 4.8760495 -3.8916481 0.5760251
v 0.1578930 -0.0591000 1.0823140
vn 4.2841396 -4.4325261 1.1061709
v 0.1508400 -0.0683180 1.0778370
vn 3.8463721 -4.7907629 1.2835981
v 0.1443920 -0.0745160 1.0739250
vn 4.1379867 -3.5615082 2.6409888
v 0.1379490 -0.0807050 1.0700160
vn 4.3800173 -1.9829071 4.0183434
v 0.1345710 -0.0904200 1.0682310
vn 3.7322791 0.3930268 4.5735979
v 0.1317990 -0.1005140 1.0669110
vn 3.3524809 2.4914298 4.6934061
v 0.1350650 -0.1114360 1.0703321
vn 3.2978911 2.4394476 4.7590103
v 0.1383690 -0.1223390 1.0737990
vn 3.2912273 2.3670802 4.8002453
v 0.1409780 -0.1332390 1.0774130
vn 3.2880404 2.2650850 4.8505960
v 0.1435680 -0.1441550 1.0809970
vn 3.2847681 2.1457813 4.9074812
v 0.1456060 -0.1558090 1.0848030
vn 3.2931118 1.9806303 4.9685879
v 0.1475910 -0.1675030 1.0885340
vn 3.3124056 1.7960055 5.0278273
v 0.1485590 -0.1805830 1.0926850
vn 3.3334405 1.6124997 5.0735316
v 0.1494320 -0.1937130 1.0966949
vn 1.6931782 0.7318616 2.5423973
v 0.1493500 -0.2081630 1.1008980
vn 0.1398517 0.3100941 0.6317992
v 0.1830930 0.3091780 0.9261950
vn 0.4014175 2.6062124 4.7252350
v 0.1779520 0.3022600 0.9304650
vn 0.9520568 2.2802501 5.7401862
v 0.1728070 0.2953290 0.9347110
vn 1.4022307 1.6923792 5.8039551
v 0.1687690 0.2868550 0.9381730
vn 1.9497542 1.6415799 5.6711941
v 0.1647300 0.2783760 0.9416070
vn 2.5022037 1.6120155 5.4292469
v 0.1619190 0.2691840 0.9455540
vn 2.9262252 2.3138478 4.7371454
v 0.1591560 0.2600270 0.9496240
vn 3.4094973 3.1117153 4.1512656
v 0.1580350 0.2522370 0.9562960
vn 3.7689254 3.2072668 3.7468328
v 0.1569800 0.2445020 0.9630520
vn 3.8969486 3.5621290 3.3689971
v 0.1576970 0.2372090 0.9699220
vn 4.0506430 3.4206238 3.3560510
v 0.1584230 0.2299220 0.9767990
vn 4.1108513 3.3652287 3.3420172
v 0.1593290 0.2224830 0.9832290
vn 4.1842699 3.1766183 3.4402654
v 0.1601950 0.2150130 0.9896310
vn 4.2380929 2.9917183 3.5361023
v 0.1609960 0.2072750 0.9953020
vn 4.2983713 2.8051739 3.6180315
v 0.1617310 0.1994920 1.0009210
vn 4.3610358 2.6078727 3.6870434
v 0.1621730 0.1914670 1.0061580
vn 4.4217844 2.4477415 3.7268879
v 0.1625450 0.1834030 1.0113380
vn 4.4745979 2.2852132 3.7643080
v 0.1628540 0.1751290 1.0160780
vn 4.5223665 2.1476989 3.7903020
v 0.1630900 0.1668190 1.0207580
vn 4.5625777 2.0130115 3.8141923
v 0.1631870 0.1583320 1.0252039
vn 4.6090784 1.8780885 3.8292317
v 0.1632110 0.1498110 1.0295900
vn 4.6497350 1.7317072 3.8483009
v 0.1631010 0.1411270 1.0337600
vn 4.6831255 1.5487475 3.8870621
v 0.1628720 0.1324010 1.0378350
vn 4.7109728 1.3447912 3.9279852
v 0.1623290 0.1234940 1.0417070
vn 4.7288585 1.0740410 3.9900265
v 0.1616250 0.1145430 1.0454460
vn 4.7461567 0.7254536 4.0457292
v 0.1604540 0.1054480 1.0487310
vn 4.7911115 0.4747071 4.0261021
v 0.1590140 0.0963130 1.0517811
vn 4.8750610 0.2170696 3.9323940
v 0.1572110 0.0870850 1.0545720
vn 5.0859518 0.3525291 3.6101060
v 0.1553670 0.0778520 1.0573220
vn 5.3166723 0.6539835 3.2273362
v 0.1548310 0.0687690 1.0595760
vn 5.5313506 1.1761279 2.5930686
v 0.1547100 0.0597270 1.0620750
vn 5.6988678 1.7541792 1.9179404
v 0.1561620 0.0507390 1.0651259
vn 5.7624125 2.0235267 1.3713404
v 0.1581040 0.0418820 1.0683450
vn 5.8197594 2.1996510 0.8505061
v 0.1609900 0.0329770 1.0715539
vn 5.9240246 1.9963104 0.5857093
v 0.1638960 0.0240780 1.0747679
vn 6.0122042 1.7867122 0.3572878
v 0.1665850 0.0148480 1.0770600
vn 6.1458073 1.2055465 0.1929381
v 0.1691150 0.0055720 1.0793470
vn 6.2476487 0.6448912 0.0902348
v 0.1707280 -0.0075330 1.0793890
vn 6.2194171 -0.2822696 0.0406064
v 0.1718240 -0.0206920 1.0794470
vn 6.1630144 -1.1580378 0.1416520
v 0.1698310 -0.0331540 1.0776750
vn 5.7665968 -2.2114365 0.2115274
v 0.1672350 -0.0455080 1.0759170
vn 5.3533130 -3.2154026 0.4726706
v 0.1617050 -0.0555870 1.0727220
vn 4.7753325 -3.8782456 0.8839133
v 0.1558140 -0.0654640 1.0695280
vn 4.2580519 -4.4470472 1.1909382
v 0.1496970 -0.0721250 1.0666770
vn 4.4871874 -3.1851037 2.5800390
v 0.1435400 -0.0787410 1.0638360
vn 4.5634561 -1.5749294 4.0122614
v 0.1407310 -0.0889000 1.0621430
vn 3.6925502 0.7141324 4.6066127
v 0.1387700 -0.0993930 1.0611490
vn 3.1684852 2.5423143 4.7898302
v 0.1427870 -0.1103480 1.0642830
vn 3.1720991 2.4602618 4.8325319
v 0.1468260 -0.1212960 1.0674450
vn 3.1841493 2.3948112 4.8576136
v 0.1497820 -0.1322660 1.0709440
vn 3.2019057 2.2899389 4.8966289
v 0.1527130 -0.1432530 1.0744110
vn 3.2159252 2.1798463 4.9378824
v 0.1550020 -0.1549790 1.0781879
vn 3.2474556 2.0021355 4.9908657
v 0.1572190 -0.1667580 1.0818540
vn 3.2833242 1.8202202 5.0381193
v 0.1584070 -0.1796330 1.0858850
vn 3.3500981 1.5894825 5.0692778
v 0.1594650 -0.1925740 1.0897210
vn 2.7135346 1.0816762 4.0182118
v 0.1595050 -0.2068410 1.0936850
vn 0.6620262 0.2417176 0.9694452
v 0.1593800 -0.2211520 1.0973790
vn -0.1135160 0.5503525 0.7784472
v 0.1867990 0.3048120 0.9300470
vn -0.1666135 2.1817145 4.9152250
v 0.1848020 0.3002140 0.9329480
vn 0.6720951 1.5324006 6.0429316
v 0.1801230 0.2896450 0.9361440
vn 1.1833334 1.4487761 5.9948616
v 0.1754430 0.2790730 0.9392950
vn 1.6105385 1.5215553 5.8725367
v 0.1726810 0.2693320 0.9425050
vn 1.9805377 2.1544557 5.4940658
v 0.1699230 0.2595950 0.9458190
vn 2.7043853 2.6817853 4.9676170
v 0.1683240 0.2510770 0.9511820
vn 3.3445635 2.9743571 4.3554082
v 0.1667840 0.2426170 0.9566790
vn 3.5588665 3.4286916 3.8732638
v 0.1670910 0.2349910 0.9631150
vn 3.8313608 3.3879018 3.6480958
v 0.1674310 0.2273970 0.9695770
vn 3.8731132 3.4239841 3.5709002
v 0.1683030 0.2199340 0.9758230
vn 3.9631715 3.2490056 3.6322308
v 0.1691480 0.2124490 0.9820460
vn 4.0113130 3.0832558 3.7256303
v 0.1698930 0.2047600 0.9876690
vn 4.0604725 2.8794401 3.8300753
v 0.1705830 0.1970290 0.9932440
vn 4.1252003 2.6745298 3.9122186
v 0.1710170 0.1890200 0.9983130
vn 4.1772270 2.5095973 3.9648702
v 0.1713930 0.1809740 1.0033300
vn 4.2290287 2.3508794 4.0078282
v 0.1716350 0.1727520 1.0079600
vn 4.2747040 2.2133355 4.0373073
v 0.1718140 0.1644990 1.0125310
vn 4.3211370 2.0730524 4.0624270
v 0.1719470 0.1560770 1.0167710
vn 4.3650560 1.9351887 4.0832839
v 0.1719980 0.1476180 1.0209360
vn 4.3979464 1.8115983 4.1044369
v 0.1718390 0.1390280 1.0249650
vn 4.4292393 1.6412691 4.1418991
v 0.1716080 0.1304030 1.0289249
vn 4.4522929 1.4594480 4.1852851
v 0.1710240 0.1216170 1.0327330
vn 4.4703918 1.2012140 4.2456989
v 0.1703200 0.1127950 1.0364300
vn 4.4579372 0.9137267 4.3312178
v 0.1691770 0.1038600 1.0397021
vn 4.4243627 0.5762717 4.4199600
v 0.1678110 0.0948850 1.0427610
vn 4.4910831 0.2183526 4.3862796
v 0.1657380 0.0858790 1.0454880
vn 4.5887179 0.1087102 4.2816844
v 0.1634470 0.0768610 1.0480400
vn 4.9462800 0.0861498 3.8486271
v 0.1613200 0.0680590 1.0506721
vn 5.3366756 0.5138450 3.2037134
v 0.1595500 0.0592530 1.0535420
vn 5.6059813 1.1393592 2.5468717
v 0.1606160 0.0496940 1.0549380
vn 5.7882910 1.4703012 1.9167118
v 0.1620860 0.0401970 1.0565391
vn 5.9084516 1.6224401 1.3366185
v 0.1644190 0.0303370 1.0583730
vn 6.0192671 1.5769733 0.8696834
v 0.1667580 0.0204830 1.0601890
vn 6.0870013 1.4202971 0.5971923
v 0.1680410 0.0136730 1.0635520
vn 6.1969285 0.9736638 0.2567539
v 0.1692930 0.0068560 1.0669130
vn 6.2535028 0.5857649 0.1436002
v 0.1706470 -0.0055980 1.0672300
vn 6.2547250 -0.1116640 -0.0677467
v 0.1716300 -0.0180870 1.0675410
vn 6.2187762 -0.8787619 0.0164244
v 0.1702250 -0.0299050 1.0660779
vn 5.9891071 -1.7366486 0.0066815
v 0.1683310 -0.0416680 1.0646230
vn 5.6979098 -2.5877447 0.3622026
v 0.1640950 -0.0516110 1.0637860
vn 5.3006320 -3.1984901 0.8448354
v 0.1594000 -0.0613700 1.0629430
vn 4.7830710 -3.8365676 1.2755463
v 0.1542820 -0.0689950 1.0591660
vn 4.8465452 -2.5047574 2.6334052
v 0.1491630 -0.0766210 1.0553850
vn 4.5878119 -0.6228881 4.1600432
v 0.1473200 -0.0869110 1.0550669
vn 3.4112375 1.1531119 4.9510341
v 0.1462610 -0.0973270 1.0554770
vn 3.0176446 2.5059562 4.9083366
v 0.1511990 -0.1086650 1.0582120
vn 3.0471885 2.4467893 4.9196601
v 0.1561520 -0.1199990 1.0609601
vn 3.0857153 2.3767955 4.9302254
v 0.1593320 -0.1310480 1.0643160
vn 3.1208594 2.2959390 4.9459410
v 0.1625010 -0.1421080 1.0676500
vn 3.1520474 2.1882946 4.9753213
v 0.1649440 -0.1537830 1.0713210
vn 3.1967638 2.0130370 5.0180521
v 0.1673270 -0.1655000 1.0749050
vn 3.2641106 1.8091511 5.0545177
v 0.1687680 -0.1781570 1.0786411
vn 3.3398950 1.5734332 5.0804501
v 0.1700980 -0.1908750 1.0822001
vn 3.4417653 1.3157198 5.0886955
v 0.1703610 -0.2044430 1.0857140
vn 1.7459960 0.6248537 2.5345261
v 0.1704670 -0.2180640 1.0889990
vn 0.0638730 0.1732510 0.7550567
v 0.1967950 0.3051020 0.9311870
vn 0.2609321 1.0182772 4.8850203
v 0.1914770 0.2924440 0.9341410
vn 0.6194608 1.2364117 6.0957589
v 0.1861620 0.2797750 0.9370410
vn 1.0326229 1.2325373 6.0414743
v 0.1834470 0.2694930 0.9395640
vn 1.4771738 1.6748515 5.7845931
v 0.1807380 0.2592150 0.9421640
vn 2.0208306 2.0419295 5.5281100
v 0.1786920 0.2499960 0.9462290
vn 2.4911308 2.6422157 4.9174747
v 0.1766850 0.2408260 0.9504380
vn 2.9215708 3.2956800 4.4084291
v 0.1765750 0.2328550 0.9563930
vn 3.2758989 3.3319991 4.1281862
v 0.1765160 0.2249380 0.9624290
vn 3.4663763 3.5067277 3.8640797
v 0.1773530 0.2174470 0.9684850
vn 3.6338868 3.3192008 3.8935149
v 0.1781820 0.2099480 0.9745380
vn 3.7137489 3.1893630 3.9257548
v 0.1788890 0.2023170 0.9801290
vn 3.7762363 2.9757307 4.0374923
v 0.1795510 0.1946460 0.9856740
vn 3.8204470 2.7573590 4.1443644
v 0.1800150 0.1866660 0.9906110
vn 3.8600416 2.6013429 4.2114139
v 0.1804330 0.1786550 0.9955000
vn 3.9035964 2.4334335 4.2667255
v 0.1806240 0.1704880 1.0000330
vn 3.9530835 2.2914703 4.3035145
v 0.1807720 0.1622940 1.0045210
vn 3.9930842 2.1435339 4.3388314
v 0.1809420 0.1539300 1.0085540
vn 4.0251160 2.0315483 4.3654919
v 0.1810600 0.1455380 1.0125340
vn 4.0573182 1.9174021 4.3849926
v 0.1808980 0.1370440 1.0164551
vn 4.0865817 1.7630248 4.4264054
v 0.1806840 0.1285250 1.0203210
vn 4.1121407 1.5908887 4.4650578
v 0.1800720 0.1198500 1.0240700
vn 4.1186156 1.3700774 4.5347166
v 0.1793710 0.1111410 1.0277240
vn 4.1126928 1.1208287 4.6045671
v 0.1782560 0.1023410 1.0309880
vn 4.0721154 0.7772987 4.7121663
v 0.1770220 0.0935070 1.0341150
vn 4.0405073 0.3109552 4.7872658
v 0.1747390 0.0846940 1.0368570
vn 4.0326629 0.1422006 4.7882996
v 0.1722080 0.0758590 1.0393260
vn 4.1632924 -0.1569477 4.6166778
v 0.1685250 0.0673460 1.0422770
vn 4.5975060 0.1209057 4.0854287
v 0.1649310 0.0588260 1.0453100
vn 4.8068600 0.3442470 3.8161745
v 0.1657130 0.0487340 1.0450500
vn 5.1229029 0.6385205 3.2357945
v 0.1666850 0.0386520 1.0449179
vn 5.4914207 0.9151171 2.6493566
v 0.1682610 0.0278020 1.0452670
vn 5.7539883 1.0402246 2.0361338
v 0.1699360 0.0169640 1.0456541
vn 5.9935083 1.1541247 1.2547147
v 0.1697970 0.0125650 1.0500619
vn 6.1678729 0.7752444 0.8272433
v 0.1697760 0.0081860 1.0544960
vn 6.2158818 0.5356882 0.6397409
v 0.1708920 -0.0036390 1.0550790
vn 6.2475328 -0.0525961 0.5208341
v 0.1716700 -0.0154900 1.0556300
vn 6.2117162 -0.6597199 0.5552837
v 0.1707570 -0.0266820 1.0544940
vn 6.0974536 -1.2960290 0.6549004
v 0.1694820 -0.0378430 1.0533330
vn 5.9291129 -1.8683133 0.8994017
v 0.1663950 -0.0476010 1.0548559
vn 5.5464706 -2.6321039 1.1715664
v 0.1628840 -0.0572050 1.0563580
vn 4.9889169 -3.3207445 1.8591009
v 0.1587420 -0.0657920 1.0516371
vn 4.4537311 -1.4297791 3.4066467
v 0.1548670 -0.0745410 1.0469739
vn 3.9404104 0.4454122 4.8010430
v 0.1540560 -0.0849110 1.0481020
vn 3.3040328 1.4422845 4.9935627
v 0.1537770 -0.0952400 1.0498480
vn 2.8702192 2.4470763 5.0220537
v 0.1596440 -0.1069550 1.0521920
vn 2.9139206 2.3895206 5.0262542
v 0.1655250 -0.1186670 1.0545501
vn 2.9696934 2.3492839 5.0126224
v 0.1689320 -0.1297960 1.0577600
vn 3.0217052 2.2692847 5.0191360
v 0.1723310 -0.1409330 1.0609530
vn 3.0731819 2.1849165 5.0255456
v 0.1749160 -0.1525650 1.0645050
vn 3.1433728 2.0009968 5.0573664
v 0.1774390 -0.1642390 1.0679621
vn 3.2183642 1.7967086 5.0881968
v 0.1791590 -0.1766680 1.0714340
vn 3.3097997 1.5450209 5.1094046
v 0.1807370 -0.1891720 1.0746830
vn 3.4078999 1.2760491 5.1217599
v 0.1812260 -0.2020390 1.0777690
vn 1.7268921 0.6051005 2.5558801
v 0.1815350 -0.2149670 1.0805809
vn -0.0680209 0.3054679 1.3264506
v 0.1995870 0.2920050 0.9349130
vn -0.0417687 0.8469875 4.9087734
v 0.1960040 0.2796970 0.9371300
vn 0.4372081 0.9464735 6.1894550
v 0.1937430 0.2694320 0.9388220
vn 0.8785400 1.3733919 6.0435414
v 0.1914820 0.2591660 0.9405770
vn 1.2903484 1.8284982 5.8650055
v 0.1894710 0.2497790 0.9438640
vn 1.6620700 2.3379889 5.5488110
v 0.1874720 0.2404160 0.9472760
vn 2.2652407 2.8469825 5.1037488
v 0.1870600 0.2320180 0.9520390
vn 2.8249223 3.0647008 4.6824193
v 0.1866930 0.2236860 0.9569460
vn 3.0876241 3.3173072 4.3458633
v 0.1872400 0.2158370 0.9625250
vn 3.3774490 3.2664809 4.1711006
v 0.1878170 0.2080190 0.9681320
vn 3.4206688 3.2529509 4.1465797
v 0.1885180 0.2003990 0.9735790
vn 3.4934421 3.0594990 4.2289524
v 0.1891870 0.1927490 0.9789860
vn 3.5162051 2.8759909 4.3407564
v 0.1896530 0.1848520 0.9838920
vn 3.5361083 2.6938691 4.4378705
v 0.1900720 0.1769200 0.9887420
vn 3.5818994 2.5127494 4.5090880
v 0.1902660 0.1687850 0.9931580
vn 3.6227188 2.3647718 4.5555897
v 0.1904160 0.1606220 0.9975220
vn 3.6568334 2.2273843 4.5978513
v 0.1905290 0.1523130 1.0015000
vn 3.6863101 2.1151605 4.6271195
v 0.1906020 0.1439820 1.0054260
vn 3.7141228 2.0082345 4.6523376
v 0.1904490 0.1355220 1.0092380
vn 3.7425914 1.8665019 4.6881599
v 0.1902510 0.1270420 1.0129910
vn 3.7591379 1.7283611 4.7277384
v 0.1896990 0.1184610 1.0166280
vn 3.7727504 1.5345147 4.7825456
v 0.1890910 0.1098570 1.0201989
vn 3.7489004 1.3303026 4.8626146
v 0.1880760 0.1011660 1.0234580
vn 3.7183025 1.0270613 4.9550381
v 0.1869660 0.0924430 1.0265930
vn 3.6285920 0.7099653 5.0784745
v 0.1850560 0.0837280 1.0293430
vn 3.5107059 0.4452947 5.1884780
v 0.1829930 0.0749840 1.0318910
vn 3.5201323 0.1571804 5.2010770
v 0.1803090 0.0662910 1.0340540
vn 3.5610738 -0.1541179 5.1716042
v 0.1774690 0.0576090 1.0360340
vn 3.8328459 -0.3363805 4.9523730
v 0.1757940 0.0481310 1.0366110
vn 4.2406092 -0.1188832 4.5908179
v 0.1740930 0.0386330 1.0372410
vn 4.8299322 0.1443799 3.9714923
v 0.1731080 0.0284620 1.0386320
vn 5.4385719 0.6262026 2.9929063
v 0.1725000 0.0183470 1.0401710
vn 5.8561821 0.7004744 2.0997758
v 0.1719490 0.0121250 1.0433840
vn 6.1112566 0.4379618 1.3878651
v 0.1716160 0.0059260 1.0466470
vn 6.1510344 0.4061911 1.2083375
v 0.1724850 -0.0045240 1.0463370
vn 6.1835051 -0.0858181 1.0467141
v 0.1731340 -0.0149810 1.0459980
vn 6.1462698 -0.6156275 1.1424639
v 0.1724940 -0.0257260 1.0443920
vn 6.0543098 -1.1070614 1.2326536
v 0.1715220 -0.0364160 1.0427370
vn 5.9306040 -1.5219524 1.3848655
v 0.1690070 -0.0458780 1.0437890
vn 5.8160458 -1.7880294 1.5568230
v 0.1661810 -0.0552160 1.0447780
vn 5.1598353 -1.9476999 2.8155439
v 0.1637020 -0.0643290 1.0424010
vn 4.1306400 -0.2776647 4.3929205
v 0.1616810 -0.0735940 1.0402610
vn 3.3644052 1.3550130 5.1079488
v 0.1634790 -0.0843730 1.0418340
vn 2.7530332 1.8810656 5.3036976
v 0.1653480 -0.0949970 1.0436850
vn 2.7362025 2.3315957 5.1528749
v 0.1710780 -0.1064200 1.0458320
vn 2.8067694 2.3118055 5.1239305
v 0.1768020 -0.1178490 1.0479630
vn 2.8712988 2.2738285 5.1051002
v 0.1799050 -0.1287490 1.0510790
vn 2.9399803 2.2202570 5.0894814
v 0.1830020 -0.1396540 1.0541860
vn 3.0020273 2.1421051 5.0868931
v 0.1855750 -0.1511540 1.0575720
vn 3.0868001 1.9737114 5.1020765
v 0.1881010 -0.1626850 1.0608850
vn 3.1738973 1.7685641 5.1257677
v 0.1899610 -0.1747520 1.0640380
vn 3.2703588 1.5248255 5.1400733
v 0.1917090 -0.1868830 1.0670040
vn 3.3645184 1.2579986 5.1545715
v 0.1925660 -0.1992650 1.0696540
vn 1.7033590 0.5911278 2.5724373
v 0.1932640 -0.2117030 1.0720500
vn 0.0403976 0.1685046 1.3958277
v 0.2058440 0.2796190 0.9372420
vn 0.2050016 0.3947124 4.8107204
v 0.2040400 0.2693730 0.9381180
vn 0.5561335 1.0088029 6.1337519
v 0.2022340 0.2591270 0.9390590
vn 0.9304812 1.4614077 6.0270419
v 0.2002600 0.2495870 0.9416060
vn 1.2961487 1.8918005 5.7967887
v 0.1983030 0.2400710 0.9442880
vn 1.7168574 2.2182333 5.5874863
v 0.1976230 0.2312880 0.9478990
vn 2.1189194 2.6560235 5.1755867
v 0.1969740 0.2225520 0.9516530
vn 2.5205367 3.0766270 4.8154178
v 0.1972280 0.2143300 0.9566880
vn 2.8291113 3.1511080 4.5905509
v 0.1975330 0.2061670 0.9618310
vn 3.0244296 3.3058615 4.3833189
v 0.1982190 0.1985440 0.9671170
vn 3.1625338 3.1178064 4.4364214
v 0.1988990 0.1909140 0.9723920
vn 3.2236495 2.9773173 4.4883947
v 0.1993820 0.1831070 0.9772870
vn 3.2586703 2.7776628 4.5930657
v 0.1998170 0.1752590 0.9821170
vn 3.2822289 2.5766037 4.6893225
v 0.2000470 0.1671720 0.9864540
vn 3.3025668 2.4405198 4.7491322
v 0.2002330 0.1590520 0.9907310
vn 3.3247843 2.2939591 4.8029838
v 0.2003020 0.1508020 0.9946650
vn 3.3484604 2.1913073 4.8363042
v 0.2003380 0.1425290 0.9985500
vn 3.3712630 2.0890365 4.8634119
v 0.2002220 0.1341110 1.0022800
vn 3.3868091 1.9683547 4.9055915
v 0.2000780 0.1256770 1.0059690
vn 3.4006257 1.8352642 4.9446235
v 0.1995940 0.1171840 1.0095000
vn 3.4009073 1.6853100 5.0001440
v 0.1990710 0.1086680 1.0129750
vn 3.3920641 1.5167389 5.0578971
v 0.1981650 0.1000780 1.0162350
vn 3.3510780 1.2668304 5.1553988
v 0.1971930 0.0914570 1.0193959
vn 3.2921038 1.0073617 5.2480178
v 0.1956360 0.0828070 1.0221210
vn 3.1969070 0.6889230 5.3575535
v 0.1940000 0.0741320 1.0247250
vn 3.0879211 0.3021136 5.4530725
v 0.1923950 0.0652400 1.0262610
vn 2.9527330 0.0162621 5.5302949
v 0.1906650 0.0563330 1.0276020
vn 2.9393644 -0.5039265 5.4818702
v 0.1865900 0.0474530 1.0290620
vn 3.1151063 -0.1978839 5.3190293
v 0.1824330 0.0385770 1.0303860
vn 3.5123610 -0.1172777 4.9571900
v 0.1788040 0.0291850 1.0324529
vn 4.1184635 0.2734521 4.3150597
v 0.1754960 0.0197730 1.0348760
vn 4.5236807 0.4307280 3.7975001
v 0.1745260 0.0117300 1.0368240
vn 4.9960618 0.2194959 3.1970079
v 0.1736940 0.0036940 1.0388480
vn 4.9471016 -0.0867857 3.1862111
v 0.1743940 -0.0053920 1.0376559
vn 4.9534254 -0.4056784 3.1890123
v 0.1749470 -0.0144780 1.0364180
vn 4.7590160 -0.8231287 3.2289338
v 0.1746470 -0.0248080 1.0343460
vn 4.4446955 -0.7554052 3.5777740
v 0.1742110 -0.0351200 1.0322430
vn 4.4774647 -0.7482777 3.5730023
v 0.1722890 -0.0443580 1.0327920
vn 4.2846408 -0.6919870 3.7807503
v 0.1702740 -0.0535830 1.0333050
vn 3.9039412 -0.1434002 4.5418854
v 0.1694600 -0.0631530 1.0334680
vn 3.3500466 0.5659819 4.9111457
v 0.1689090 -0.0727220 1.0338939
vn 2.7539279 1.9069254 5.2898598
v 0.1729010 -0.0837450 1.0356760
vn 2.6295605 1.9913837 5.3352838
v 0.1769820 -0.0947100 1.0376270
vn 2.6373610 2.2114751 5.2553067
v 0.1825520 -0.1058530 1.0395401
vn 2.7244036 2.1905148 5.2195368
v 0.1881090 -0.1170090 1.0414259
vn 2.8097224 2.2027826 5.1696997
v 0.1909080 -0.1276790 1.0444520
vn 2.8807709 2.1544580 5.1510587
v 0.1937080 -0.1383520 1.0474770
vn 2.9534645 2.0943446 5.1349106
v 0.1962680 -0.1497170 1.0506990
vn 3.0385594 1.9315977 5.1476879
v 0.1987820 -0.1611170 1.0538410
vn 3.1281617 1.7354412 5.1651349
v 0.2008030 -0.1728160 1.0567020
vn 3.2233479 1.4975079 5.1788459
v 0.2026960 -0.1845840 1.0593500
vn 2.4053087 0.9200096 3.7488294
v 0.2039460 -0.1964770 1.0615970
vn 0.9776425 0.3346724 1.4884017
v 0.2050100 -0.2084300 1.0635411
vn 0.0248087 0.0951248 1.4805512
v 0.2145050 0.2688450 0.9382290
vn 0.1229007 0.3353061 3.0639157
v 0.2131140 0.2588400 0.9386540
vn 0.4079535 0.8659596 3.9938278
v 0.2113580 0.2493370 0.9406040
vn 0.8500137 1.5784180 6.0081940
v 0.2096130 0.2398520 0.9427080
vn 1.1396697 1.9588258 5.8567238
v 0.2089540 0.2309940 0.9457400
vn 1.4212391 2.2887180 5.6608224
v 0.2083020 0.2221520 0.9488540
vn 1.9069852 2.6316290 5.3653340
v 0.2082120 0.2136620 0.9529380
vn 2.3726637 2.8656387 5.0508599
v 0.2081630 0.2052340 0.9571880
vn 2.6337280 3.0872581 4.7920895
v 0.2086310 0.1973920 0.9619590
vn 2.9040871 3.0559838 4.6587048
v 0.2091270 0.1895800 0.9667750
vn 2.9387999 3.0254340 4.6569781
v 0.2096330 0.1818310 0.9715420
vn 2.9898467 2.8512225 4.7314968
v 0.2101070 0.1740500 0.9762570
vn 2.9908161 2.6825757 4.8307028
v 0.2103740 0.1660370 0.9805910
vn 2.9890790 2.5249646 4.9146218
v 0.2105970 0.1579870 0.9848610
vn 3.0078323 2.3721311 4.9802165
v 0.2106880 0.1497820 0.9887520
vn 3.0214939 2.2594614 5.0238080
v 0.2107430 0.1415510 0.9925890
vn 3.0429008 2.1594067 5.0549874
v 0.2106480 0.1332030 0.9962320
vn 3.0639791 2.0561786 5.0850286
v 0.2105350 0.1248430 0.9998440
vn 3.0648122 1.9486361 5.1268654
v 0.2101310 0.1163830 1.0033441
vn 3.0670776 1.8110451 5.1751981
v 0.2096940 0.1079050 1.0067840
vn 3.0490096 1.6721852 5.2327051
v 0.2089460 0.0993780 1.0099980
vn 3.0303907 1.4708670 5.3018761
v 0.2081550 0.0908290 1.0131330
vn 2.9515398 1.2737730 5.3975716
v 0.2069140 0.0822070 1.0159240
vn 2.8681283 0.9994518 5.4959335
v 0.2056090 0.0735570 1.0186000
vn 2.6972613 0.7240649 5.6261477
v 0.2041260 0.0647530 1.0205520
vn 2.5023227 0.4207868 5.7410946
v 0.2025610 0.0559230 1.0223579
vn 2.3268707 0.1182393 5.8335605
v 0.1994000 0.0470860 1.0239060
vn 2.1630702 0.0830003 5.8984528
v 0.1961440 0.0382420 1.0252850
vn 2.3829024 -0.0171763 5.8106437
v 0.1931420 0.0291730 1.0264519
vn 2.6512582 -0.0883523 5.6899672
v 0.1901010 0.0201060 1.0275880
vn 3.0276802 -0.0259464 5.4918251
v 0.1886720 0.0116980 1.0282620
vn 3.4347856 -0.3326867 5.2437420
v 0.1872040 0.0032870 1.0289570
vn 3.4309814 -0.4663317 5.2301836
v 0.1871600 -0.0058830 1.0281180
vn 3.4497190 -0.5375541 5.2179742
v 0.1871960 -0.0150710 1.0273629
vn 3.1861448 -0.6983400 5.3607421
v 0.1869910 -0.0250890 1.0262320
vn 2.9177761 -0.3865811 5.5353971
v 0.1867830 -0.0351100 1.0251290
vn 2.8401234 -0.0867260 5.6002655
v 0.1856670 -0.0444990 1.0255370
vn 2.7434916 0.2079149 5.6385593
v 0.1845880 -0.0538860 1.0260020
vn 2.5133514 0.4558266 5.7370696
v 0.1847470 -0.0636200 1.0267050
vn 2.2940040 1.0746893 5.7194242
v 0.1849290 -0.0733230 1.0274900
vn 2.3634994 1.6653273 5.5776100
v 0.1883650 -0.0840470 1.0292170
vn 2.4510930 1.8319895 5.4861875
v 0.1918250 -0.0947510 1.0309950
vn 2.5545297 1.9954014 5.3814168
v 0.1963590 -0.1056560 1.0328690
vn 2.6721668 2.0548701 5.3023148
v 0.2009020 -0.1165550 1.0347620
vn 2.7525465 2.0833492 5.2494698
v 0.2034050 -0.1272110 1.0376710
vn 2.8430233 2.0643585 5.2089558
v 0.2059180 -0.1378590 1.0405930
vn 2.9093072 2.0168445 5.1908073
v 0.2084880 -0.1489390 1.0435050
vn 3.0021050 1.8669041 5.1924706
v 0.2110230 -0.1600430 1.0463530
vn 3.0889084 1.6748089 5.2084188
v 0.2130150 -0.1713630 1.0489490
vn 3.1850531 1.4492768 5.2159624
v 0.2148960 -0.1827390 1.0513500
vn 1.3086482 0.5239192 2.1151135
v 0.2162190 -0.1942410 1.0533510
vn 0.3387777 0.5658806 2.1758482
v 0.2209330 0.2396510 0.9411990
vn 0.7627497 1.2468243 4.5698786
v 0.2202970 0.2307270 0.9436940
vn 1.1937811 1.8970082 5.8509789
v 0.2196710 0.2218200 0.9462530
vn 1.5160961 2.0791888 5.7173548
v 0.2192690 0.2131030 0.9494490
vn 1.8619921 2.4561954 5.4195857
v 0.2188990 0.2044320 0.9527810
vn 2.2009315 2.7954731 5.1539707
v 0.2191430 0.1963500 0.9569720
vn 2.4562273 2.9051285 4.9720635
v 0.2194350 0.1883280 0.9612870
vn 2.6254177 3.0484149 4.8156357
v 0.2199490 0.1806170 0.9658980
vn 2.7259040 2.8904901 4.8637209
v 0.2204570 0.1728970 0.9704980
vn 2.7668686 2.7685726 4.9116888
v 0.2207740 0.1649650 0.9748510
vn 2.7783782 2.5935450 5.0009322
v 0.2210460 0.1569910 0.9791320
vn 2.7831635 2.4244871 5.0814624
v 0.2211710 0.1488360 0.9830000
vn 2.7829885 2.3154831 5.1326776
v 0.2212620 0.1406510 0.9868100
vn 2.7894120 2.2018309 5.1773791
v 0.2212040 0.1323790 0.9903860
vn 2.7960441 2.1198730 5.2087884
v 0.2211270 0.1240920 0.9939250
vn 2.8035917 2.0260863 5.2411795
v 0.2208050 0.1156640 0.9973980
vn 2.8003523 1.9072171 5.2884517
v 0.2204520 0.1072130 1.0008110
vn 2.7885828 1.7871735 5.3355174
v 0.2198770 0.0987500 1.0039930
vn 2.7552722 1.6354800 5.4020271
v 0.2192680 0.0902640 1.0071070
vn 2.7053459 1.4872521 5.4695621
v 0.2183450 0.0816610 1.0099601
vn 2.6193290 1.2636886 5.5664978
v 0.2173780 0.0730340 1.0127270
vn 2.5063899 1.0558901 5.6625862
v 0.2159870 0.0642930 1.0150419
vn 2.3483219 0.7554289 5.7733998
v 0.2145470 0.0555330 1.0172440
vn 2.1822631 0.4509031 5.8738408
v 0.2122560 0.0467200 1.0188580
vn 2.0351107 0.1641367 5.9370689
v 0.2099130 0.0379000 1.0203201
vn 1.9580555 -0.2576196 5.9548898
v 0.2075270 0.0291270 1.0207920
vn 1.9589667 -0.2880434 5.9379444
v 0.2050980 0.0203550 1.0211440
vn 1.9897120 -0.5650089 5.8707600
v 0.2034120 0.0115690 1.0208820
vn 2.0657074 -0.4561490 5.8195086
v 0.2017170 0.0027850 1.0205990
vn 2.0464792 -0.4928342 5.8048029
v 0.2010120 -0.0064520 1.0200460
vn 2.0374801 -0.4166849 5.8044825
v 0.2003100 -0.0156910 1.0195260
vn 1.9785490 -0.2949408 5.8556328
v 0.2000210 -0.0254000 1.0191120
vn 1.9152982 -0.1672399 5.8845506
v 0.1997410 -0.0351080 1.0187401
vn 1.9177780 0.1143885 5.9241848
v 0.1994370 -0.0446140 1.0189919
vn 1.9450283 0.3530225 5.8935604
v 0.1991490 -0.0541170 1.0192990
vn 1.9412600 0.7655114 5.9019585
v 0.2000750 -0.0640040 1.0202410
vn 1.9973519 1.0324715 5.8304033
v 0.2010220 -0.0738830 1.0212470
vn 2.0975347 1.4292881 5.7390723
v 0.2038340 -0.0843430 1.0227820
vn 2.2420745 1.5794436 5.6387906
v 0.2066770 -0.0947890 1.0243870
vn 2.3893642 1.7689801 5.5310965
v 0.2101930 -0.1054420 1.0262541
vn 2.5138211 1.8474576 5.4474359
v 0.2137250 -0.1160830 1.0281529
vn 2.6418784 1.9560249 5.3530264
v 0.2159360 -0.1267230 1.0309510
vn 2.7488127 1.9461696 5.3025413
v 0.2181470 -0.1373620 1.0337460
vn 2.8433728 1.9311925 5.2593431
v 0.2207430 -0.1481420 1.0363840
vn 2.9422550 1.7846143 5.2560673
v 0.2232790 -0.1589580 1.0389010
vn 3.0331020 1.6127570 5.2606511
v 0.2252580 -0.1698980 1.0412630
vn 1.5608724 0.7596481 2.6423080
v 0.2271200 -0.1808870 1.0434080
vn 0.2062277 0.3703853 1.4331204
v 0.2317290 0.2305600 0.9422590
vn 0.4650812 0.8150954 3.0019050
v 0.2311780 0.2217140 0.9444990
vn 0.7872931 1.2558928 3.8446431
v 0.2307450 0.2130190 0.9472020
vn 1.3648781 2.0810471 5.7604733
v 0.2303220 0.2043410 0.9499960
vn 1.7303599 2.3813677 5.5433044
v 0.2303370 0.1960550 0.9534210
vn 2.0831249 2.6228867 5.3068185
v 0.2303960 0.1878330 0.9570410
vn 2.3000555 2.8334949 5.1113324
v 0.2307580 0.1799620 0.9612070
vn 2.5189533 2.8278232 5.0134196
v 0.2311530 0.1721290 0.9654360
vn 2.5440469 2.7983518 5.0173941
v 0.2315360 0.1642400 0.9696840
vn 2.5784378 2.6546352 5.0761933
v 0.2318930 0.1563240 0.9738920
vn 2.5721734 2.5069540 5.1552286
v 0.2320600 0.1482280 0.9777910
vn 2.5594492 2.3825827 5.2192488
v 0.2321950 0.1401000 0.9816360
vn 2.5613987 2.2629313 5.2721934
v 0.2322040 0.1318570 0.9851940
vn 2.5605600 2.1735935 5.3097286
v 0.2321920 0.1235990 0.9887160
vn 2.5640900 2.0858300 5.3434181
v 0.2319770 0.1152180 0.9921140
vn 2.5664370 1.9861753 5.3798008
v 0.2317420 0.1068200 0.9954720
vn 2.5462942 1.8885059 5.4246006
v 0.2313100 0.0983690 0.9986530
vn 2.5262146 1.7619767 5.4756899
v 0.2308540 0.0898980 1.0017790
vn 2.4834507 1.6311280 5.5359931
v 0.2301320 0.0813400 1.0046760
vn 2.4389274 1.4632286 5.6007762
v 0.2293770 0.0727600 1.0075020
vn 2.3333797 1.2919879 5.6881680
v 0.2283070 0.0640800 1.0099800
vn 2.2254684 1.0529033 5.7764702
v 0.2271950 0.0553760 1.0123560
vn 2.0494115 0.8097951 5.8823099
v 0.2254730 0.0465940 1.0142601
vn 1.8691485 0.5304058 5.9687576
v 0.2236940 0.0377880 1.0160140
vn 1.6303098 0.2617408 6.0595717
v 0.2218260 0.0289500 1.0169719
vn 1.3914112 0.0751533 6.1231856
v 0.2199240 0.0201090 1.0178040
vn 1.2077230 -0.1157364 6.1634555
v 0.2185320 0.0112140 1.0179369
vn 1.0312623 -0.2249275 6.1929340
v 0.2171280 0.0023220 1.0180080
vn 0.9516965 -0.3249948 6.2019119
v 0.2163210 -0.0069100 1.0176409
vn 0.8833428 -0.3418589 6.2113347
v 0.2155110 -0.0161430 1.0172660
vn 0.9164327 -0.3415753 6.2063828
v 0.2149620 -0.0257610 1.0167960
vn 0.9597599 -0.2099993 6.2038398
v 0.2144180 -0.0353810 1.0163560
vn 1.0833775 -0.0535265 6.1877904
v 0.2146420 -0.0448960 1.0161951
vn 1.2030412 0.1740183 6.1598735
v 0.2148800 -0.0544120 1.0161051
vn 1.3922172 0.4207828 6.1102142
v 0.2158950 -0.0642730 1.0165091
vn 1.5719421 0.7002422 6.0367460
v 0.2169330 -0.0741270 1.0169950
vn 1.7854291 1.0115710 5.9349046
v 0.2192240 -0.0844350 1.0180010
vn 1.9937339 1.2274382 5.8271899
v 0.2215470 -0.0947300 1.0191050
vn 2.1745462 1.4325867 5.7150283
v 0.2243330 -0.1052250 1.0206400
vn 2.3548262 1.6010211 5.5988693
v 0.2271510 -0.1156970 1.0222420
vn 2.4983294 1.7326897 5.4968362
v 0.2290340 -0.1262540 1.0246800
vn 2.6468768 1.7747738 5.4147644
v 0.2309400 -0.1367870 1.0271800
vn 2.7641807 1.7733586 5.3557444
v 0.2332980 -0.1473460 1.0295089
vn 2.8933268 1.6899667 5.3146114
v 0.2356330 -0.1579160 1.0317850
vn 1.4772264 0.8077876 2.6719656
v 0.2376400 -0.1685560 1.0338900
vn 0.5102708 0.6894080 2.0095730
v 0.2417920 0.2043100 0.9474030
vn 0.8479397 0.9473619 2.8714967
v 0.2416060 0.1958620 0.9501570
vn 1.2551392 1.5908972 3.6036947
v 0.2414570 0.1874630 0.9530710
vn 1.9570770 2.5616174 5.3783126
v 0.2416670 0.1794210 0.9567190
vn 2.1563649 2.6854358 5.2393126
v 0.2419280 0.1714450 0.9605290
vn 2.2911062 2.8068919 5.1278348
v 0.2423620 0.1635800 0.9646510
vn 2.3654029 2.6761544 5.1672864
v 0.2427880 0.1557060 0.9687600
vn 2.3959832 2.5731714 5.2054000
v 0.2429960 0.1476610 0.9726790
vn 2.4025371 2.4362214 5.2685957
v 0.2431760 0.1395880 0.9765490
vn 2.4030709 2.3079877 5.3256078
v 0.2432570 0.1313810 0.9801070
vn 2.3998861 2.2169895 5.3658209
v 0.2433080 0.1231510 0.9836130
vn 2.3979325 2.1291077 5.4016504
v 0.2432140 0.1148220 0.9869620
vn 2.3919027 2.0475612 5.4362445
v 0.2431050 0.1064780 0.9902750
vn 2.3815343 1.9649642 5.4710050
v 0.2428200 0.0980390 0.9934650
vn 2.3620310 1.8511485 5.5192471
v 0.2425160 0.0895790 0.9966010
vn 2.3337893 1.7395438 5.5673385
v 0.2419880 0.0810590 0.9995250
vn 2.2872913 1.6101310 5.6251836
v 0.2414320 0.0725160 1.0023870
vn 2.2235711 1.4938550 5.6831355
v 0.2406720 0.0638840 1.0050020
vn 2.1342614 1.2900250 5.7647543
v 0.2398820 0.0552320 1.0075370
vn 2.0220168 1.1121250 5.8439217
v 0.2387150 0.0464730 1.0096780
vn 1.8753216 0.8607411 5.9296336
v 0.2375060 0.0376890 1.0116980
vn 1.7015423 0.6521291 6.0119014
v 0.2361540 0.0287870 1.0131280
vn 1.5127939 0.3987846 6.0777798
v 0.2347620 0.0198730 1.0144080
vn 1.3278713 0.1853684 6.1367564
v 0.2336640 0.0108680 1.0149710
vn 1.1541202 0.0083874 6.1706557
v 0.2325470 0.0018620 1.0154320
vn 0.9957070 -0.1924720 6.2001662
v 0.2316440 -0.0073710 1.0153340
vn 0.8893569 -0.2617440 6.2134123
v 0.2307310 -0.0166020 1.0151510
vn 0.8082631 -0.3848206 6.2188220
v 0.2299310 -0.0261330 1.0146770
vn 0.8088494 -0.2940619 6.2212915
v 0.2291290 -0.0356620 1.0141799
vn 0.8226019 -0.2645087 6.2196345
v 0.2298870 -0.0451840 1.0136510
vn 0.9152294 -0.0749553 6.2036109
v 0.2306550 -0.0547050 1.0131680
vn 1.0305078 0.0679142 6.1883869
v 0.2317710 -0.0645310 1.0130390
vn 1.2109141 0.3348594 6.1325965
v 0.2329020 -0.0743550 1.0130090
vn 1.4069319 0.5924924 6.0831451
v 0.2346910 -0.0844970 1.0135140
vn 1.6221811 0.8252283 5.9906478
v 0.2365050 -0.0946290 1.0141500
vn 1.8536770 1.0677454 5.8986464
v 0.2385710 -0.1049530 1.0153220
vn 2.0595527 1.2543221 5.7842827
v 0.2406590 -0.1152640 1.0165800
vn 2.2858362 1.4901440 5.6552496
v 0.2422170 -0.1257360 1.0186710
vn 2.4747682 1.5364116 5.5618725
v 0.2438060 -0.1361860 1.0208210
vn 2.6380625 1.5821565 5.4772224
v 0.2459400 -0.1465110 1.0228170
vn 1.3823543 0.8153843 2.7378054
v 0.2480340 -0.1568590 1.0247560
vn 0.6021912 0.8411647 1.8863418
v 0.2530280 0.1793960 0.9533750
vn 1.4399941 1.9090496 4.1653337
v 0.2531270 0.1712270 0.9566530
vn 2.0354192 2.6244044 5.3317552
v 0.2534760 0.1632880 0.9604000
vn 2.2035830 2.6235540 5.2667284
v 0.2538480 0.1553780 0.9642040
vn 2.2262836 2.5883250 5.2746668
v 0.2541430 0.1473640 0.9680530
vn 2.2542396 2.4722593 5.3174262
v 0.2544170 0.1393280 0.9718570
vn 2.2518258 2.3568828 5.3714275
v 0.2545940 0.1311700 0.9753910
vn 2.2451262 2.2632496 5.4138899
v 0.2547500 0.1229920 0.9788840
vn 2.2417839 2.1723957 5.4527946
v 0.2547660 0.1146760 0.9822140
vn 2.2381086 2.0938668 5.4847016
v 0.2547670 0.1063430 0.9855060
vn 2.2302399 2.0148571 5.5176129
v 0.2546200 0.0979390 0.9886630
vn 2.2230778 1.9231176 5.5528145
v 0.2544570 0.0895170 0.9917730
vn 2.1969614 1.8255122 5.5962472
v 0.2541150 0.0810310 0.9947210
vn 2.1695135 1.7172890 5.6404934
v 0.2537480 0.0725220 0.9976050
vn 2.1211812 1.6061183 5.6918373
v 0.2531910 0.0638870 1.0002950
vn 2.0758312 1.4449399 5.7498589
v 0.2526100 0.0552300 1.0029150
vn 1.9919099 1.2737666 5.8208466
v 0.2517620 0.0464820 1.0051850
vn 1.9068221 1.0862954 5.8851767
v 0.2508740 0.0377110 1.0073479
vn 1.7770464 0.8839427 5.9604139
v 0.2499250 0.0288020 1.0090420
vn 1.6421866 0.6785097 6.0233641
v 0.2489370 0.0198700 1.0105960
vn 1.4766880 0.4650684 6.0879307
v 0.2481140 0.0108140 1.0115600
vn 1.3098874 0.2963363 6.1350908
v 0.2472660 0.0017530 1.0124080
vn 1.1256310 0.1030244 6.1786785
v 0.2465930 -0.0075000 1.0127650
vn 0.9467598 -0.0423458 6.2093911
v 0.2458970 -0.0167550 1.0129750
vn 0.8107604 -0.1728245 6.2271414
v 0.2454130 -0.0262430 1.0128130
vn 0.6839122 -0.2283650 6.2412119
v 0.2449280 -0.0357250 1.0125700
vn 0.6496586 -0.2452084 6.2445760
v 0.2455280 -0.0452450 1.0121050
vn 0.6181602 -0.2189733 6.2488103
v 0.2461310 -0.0547720 1.0116620
vn 0.7110547 -0.1438768 6.2406435
v 0.2470910 -0.0645220 1.0112760
vn 0.8072021 -0.0151894 6.2293983
v 0.2480640 -0.0742790 1.0109450
vn 1.0056237 0.1951874 6.1958060
v 0.2495860 -0.0842840 1.0109090
vn 1.2037277 0.3790220 6.1517935
v 0.2511240 -0.0942920 1.0110250
vn 1.4685357 0.6041632 6.0730586
v 0.2528920 -0.1044840 1.0115110
vn 1.7215816 0.8317254 5.9813061
v 0.2546840 -0.1146790 1.0121890
vn 2.0085187 1.0495415 5.8536544
v 0.2558880 -0.1250520 1.0135140
vn 2.2821202 1.2146153 5.7241535
v 0.2571440 -0.1354110 1.0150660
vn 1.1937811 0.7075135 2.8459954
v 0.2589820 -0.1456420 1.0166490
vn 0.4586185 0.5822374 1.2938902
v 0.2644030 0.1711080 0.9530080
vn 1.0146505 1.1869388 2.7248106
v 0.2646620 0.1630850 0.9563230
vn 1.0653515 1.2729106 2.6632066
v 0.2649630 0.1551150 0.9597760
vn 1.6149738 1.9752412 4.0868921
v 0.2653270 0.1471090 0.9635070
vn 2.1173210 2.4779742 5.3708887
v 0.2656900 0.1390990 0.9672320
vn 2.1467657 2.3965178 5.3964000
v 0.2659670 0.1309930 0.9707540
vn 2.1517041 2.2986507 5.4369502
v 0.2662240 0.1228630 0.9742300
vn 2.1475415 2.2066092 5.4766736
v 0.2663540 0.1145650 0.9775570
vn 2.1415205 2.1292827 5.5095329
v 0.2664650 0.1062430 0.9808320
vn 2.1351440 2.0542326 5.5404229
v 0.2664640 0.0978760 0.9839650
vn 2.1249695 1.9715608 5.5742459
v 0.2664440 0.0894920 0.9870510
vn 2.1096201 1.8894880 5.6084576
v 0.2662750 0.0810280 0.9899980
vn 2.0850396 1.7965007 5.6479483
v 0.2660910 0.0725460 0.9928930
vn 2.0542045 1.7025025 5.6885014
v 0.2657390 0.0639070 0.9956590
vn 2.0146990 1.5615329 5.7420244
v 0.2653590 0.0552400 0.9983370
vn 1.9604362 1.4278474 5.7961020
v 0.2648260 0.0465040 1.0007390
vn 1.8893032 1.2511615 5.8584657
v 0.2642560 0.0377380 1.0030220
vn 1.8040545 1.0947897 5.9177999
v 0.2636940 0.0288120 1.0049160
vn 1.6981448 0.8969275 5.9791136
v 0.2630970 0.0198610 1.0066830
vn 1.5790269 0.7221089 6.0372267
v 0.2625420 0.0107600 1.0079980
vn 1.4472226 0.5411584 6.0860982
v 0.2619560 0.0016460 1.0091610
vn 1.3116022 0.3858416 6.1298370
v 0.2615130 -0.0076200 1.0099300
vn 1.1697732 0.1948046 6.1640306
v 0.2610400 -0.0168910 1.0105250
vn 1.0368130 0.0411665 6.1932697
v 0.2608860 -0.0263320 1.0106810
vn 0.9249213 -0.0691867 6.2097063
v 0.2607180 -0.0357660 1.0107050
vn 0.8362634 -0.1580366 6.2227683
v 0.2611690 -0.0453010 1.0104240
vn 0.7963042 -0.1992048 6.2269130
v 0.2616180 -0.0548290 1.0101000
vn 0.7770105 -0.2624236 6.2289095
v 0.2624360 -0.0645190 1.0095750
vn 0.8289535 -0.1635471 6.2257128
v 0.2632570 -0.0742110 1.0090790
vn 0.9058262 -0.1042261 6.2164793
v 0.2645280 -0.0840820 1.0086790
vn 1.0654743 0.0498458 6.1887426
v 0.2658100 -0.0939610 1.0083760
vn 1.2494106 0.1616408 6.1533031
v 0.2673020 -0.1040040 1.0082570
vn 1.4872196 0.3842992 6.0827641
v 0.2688160 -0.1140520 1.0082940
vn 1.7554245 0.5933031 5.9988418
v 0.2696990 -0.1243230 1.0089329
vn 0.9729061 0.4456435 2.9885621
v 0.2706350 -0.1345890 1.0097940
vn 0.4633117 0.5878349 1.2647331
v 0.2764010 0.1471590 0.9595620
vn 1.0174186 1.2118680 2.7138495
v 0.2767480 0.1391110 0.9630810
vn 1.3592098 1.5755720 3.5869668
v 0.2770620 0.1310020 0.9665210
vn 2.0734792 2.3195143 5.4586272
v 0.2773680 0.1228810 0.9699490
vn 2.0686040 2.2424262 5.4927564
v 0.2775850 0.1146190 0.9732830
vn 2.0608611 2.1608324 5.5279593
v 0.2777780 0.1063290 0.9765590
vn 2.0541048 2.0840635 5.5601630
v 0.2778810 0.0979820 0.9796760
vn 2.0483580 2.0114977 5.5887365
v 0.2779660 0.0896170 0.9827490
vn 2.0354009 1.9351528 5.6205187
v 0.2779410 0.0811490 0.9857120
vn 2.0220401 1.8494101 5.6537142
v 0.2778960 0.0726610 0.9886210
vn 2.0004749 1.7557666 5.6914654
v 0.2777330 0.0640400 0.9913820
vn 1.9803069 1.6393862 5.7324047
v 0.2775470 0.0553960 0.9940700
vn 1.9438883 1.5108798 5.7805209
v 0.2772690 0.0466390 0.9965180
vn 1.9031034 1.3680751 5.8283815
v 0.2769540 0.0378540 0.9988650
vn 1.8382410 1.2132124 5.8840504
v 0.2766340 0.0289430 1.0008780
vn 1.7724987 1.0536910 5.9334445
v 0.2762790 0.0200040 1.0027690
vn 1.6861144 0.8781303 5.9878597
v 0.2760180 0.0108990 1.0042640
vn 1.5934024 0.7233604 6.0325074
v 0.2757180 0.0017690 1.0056250
vn 1.4998827 0.5489953 6.0755939
v 0.2757150 -0.0074880 1.0065470
vn 1.4046202 0.3946867 6.1090164
v 0.2756840 -0.0167580 1.0073290
vn 1.2994665 0.2281572 6.1414418
v 0.2756930 -0.0262180 1.0077590
vn 1.1937119 0.1081949 6.1653728
v 0.2756810 -0.0356760 1.0080600
vn 1.1114128 -0.0119574 6.1824422
v 0.2761090 -0.0452490 1.0080110
vn 1.0342906 -0.0957431 6.1949430
v 0.2765320 -0.0548070 1.0078740
vn 0.9917698 -0.1775376 6.2002921
v 0.2772590 -0.0644810 1.0075210
vn 0.9553936 -0.1994934 6.2057896
v 0.2779830 -0.0741400 1.0070961
vn 1.0029444 -0.1843764 6.1989150
v 0.2790820 -0.0839480 1.0066150
vn 1.0619779 -0.1659950 6.1900330
v 0.2801880 -0.0937470 1.0061300
vn 1.1987399 -0.0836131 6.1662474
v 0.2815190 -0.1036560 1.0056690
vn 1.0064619 -0.0079279 4.6344957
v 0.2828580 -0.1135610 1.0052750
vn 0.5087157 0.1295619 2.1186583
v 0.2835340 -0.1237010 1.0052820
vn 0.7004987 0.7847210 1.8635554
v 0.2885340 0.1229250 0.9657290
vn 1.0297585 1.1319544 2.7433057
v 0.2888250 0.1146840 0.9690370
vn 1.3420098 1.4377441 3.6603551
v 0.2891030 0.1064280 0.9723200
vn 2.0030236 2.1133454 5.5677109
v 0.2893170 0.0981070 0.9754410
vn 2.0014939 2.0353575 5.5971212
v 0.2895100 0.0897610 0.9785000
vn 1.9984744 1.9669044 5.6227560
v 0.2896210 0.0812820 0.9814560
vn 1.9960043 1.8836046 5.6518426
v 0.2897140 0.0727820 0.9843670
vn 1.9892097 1.8025584 5.6807718
v 0.2897430 0.0641840 0.9871350
vn 1.9777704 1.6852857 5.7199378
v 0.2897450 0.0555570 0.9898220
vn 1.9598856 1.5780959 5.7571578
v 0.2897090 0.0467720 0.9922900
vn 1.9266508 1.4498066 5.8008218
v 0.2896470 0.0379640 0.9946780
vn 1.8864037 1.3176599 5.8460231
v 0.2895610 0.0290640 0.9967890
vn 1.8441168 1.1497779 5.8930640
v 0.2894350 0.0201330 0.9987660
vn 1.7967756 1.0093954 5.9344501
v 0.2894520 0.0110130 1.0003771
vn 1.7366351 0.8465826 5.9753056
v 0.2894350 0.0018760 1.0018719
vn 1.6771278 0.6970091 6.0125046
v 0.2898630 -0.0073730 1.0029089
vn 1.6126857 0.5325323 6.0447636
v 0.2902620 -0.0166360 1.0037880
vn 1.5404640 0.3857984 6.0755491
v 0.2904340 -0.0261030 1.0044349
vn 1.4629996 0.2487098 6.1007619
v 0.2905740 -0.0355750 1.0049120
vn 1.3910366 0.1266221 6.1216097
v 0.2909920 -0.0451700 1.0051020
vn 1.3401035 -0.0001851 6.1335254
v 0.2913850 -0.0547570 1.0051250
vn 1.2961153 -0.0973765 6.1436157
v 0.2920280 -0.0643930 1.0048790
vn 1.2781723 -0.1575881 6.1459289
v 0.2926600 -0.0740170 1.0045511
vn 1.2760320 -0.2224604 6.1449351
v 0.2935990 -0.0837620 1.0040450
vn 0.8232077 -0.1505826 4.0852013
v 0.2945290 -0.0934950 1.0034580
vn 0.6290407 -0.1250492 3.0746076
v 0.2957050 -0.1032790 1.0027820
vn 0.3044112 -0.0384853 1.4425499
v 0.2968870 -0.1130650 1.0021750
vn 0.6695372 0.7194666 1.8992946
v 0.3007590 0.0983200 0.9713170
vn 0.9845936 1.0279455 2.8010278
v 0.3010530 0.0899750 0.9743640
vn 1.3068794 1.3034767 3.7264528
v 0.3013010 0.0814980 0.9772870
vn 1.9816024 1.8941886 5.6532822
v 0.3015330 0.0730010 0.9801530
vn 1.9882298 1.8109514 5.6784878
v 0.3017010 0.0643970 0.9828760
vn 1.9934740 1.7153879 5.7057180
v 0.3018510 0.0557750 0.9855390
vn 1.9853554 1.6117302 5.7391386
v 0.3020050 0.0469990 0.9879990
vn 1.9754938 1.5057255 5.7704220
v 0.3021360 0.0382010 0.9903900
vn 1.9533199 1.3694782 5.8122387
v 0.3022180 0.0292950 0.9925450
vn 1.9284081 1.2132291 5.8541050
v 0.3022540 0.0203560 0.9945600
vn 1.9101546 1.0591223 5.8909044
v 0.3024220 0.0112520 0.9962150
vn 1.8892648 0.9284193 5.9184632
v 0.3025600 0.0021290 0.9977580
vn 1.8623575 0.7680877 5.9504595
v 0.3029630 -0.0071580 0.9989280
vn 1.8312484 0.6283212 5.9754786
v 0.3033270 -0.0164600 0.9999410
vn 1.7824788 0.4813986 6.0043883
v 0.3036130 -0.0259350 1.0007010
vn 1.7313306 0.3609829 6.0266433
v 0.3038670 -0.0354170 1.0013280
vn 1.6962974 0.2063573 6.0439239
v 0.3043340 -0.0450070 1.0016350
vn 1.6611855 0.0899932 6.0563717
v 0.3047670 -0.0545890 1.0017520
vn 1.6365073 -0.0264542 6.0634303
v 0.3054100 -0.0641910 1.0016249
vn 1.1940950 -0.0768629 4.6321516
v 0.3060200 -0.0737870 1.0013510
vn 0.4996897 -0.0635297 2.0914464
v 0.3068410 -0.0834740 1.0009010
vn 0.6758603 0.6380205 1.9282873
v 0.3133480 0.0732140 0.9759380
vn 0.9942853 0.9083021 2.8384161
v 0.3136600 0.0646090 0.9786190
vn 1.0009682 0.8659114 2.8625746
v 0.3139510 0.0559820 0.9812370
vn 0.9971294 0.8171659 2.8650587
v 0.3142880 0.0472100 0.9836640
vn 1.3283108 0.9959610 3.8056448
v 0.3146010 0.0384160 0.9860170
vn 2.0267782 1.4162045 5.7756619
v 0.3148370 0.0294970 0.9881840
vn 2.0244918 1.2492938 5.8127604
v 0.3150380 0.0205530 0.9902440
vn 2.0169897 1.0900400 5.8487620
v 0.3153550 0.0114640 0.9919050
vn 2.0097282 0.9532228 5.8742294
v 0.3156260 0.0023500 0.9934340
vn 2.0011008 0.8119624 5.8990550
v 0.3159930 -0.0069730 0.9946790
vn 1.9884182 0.6744003 5.9198527
v 0.3163140 -0.0163140 0.9957700
vn 1.9733021 0.5501168 5.9375725
v 0.3167040 -0.0257880 0.9966140
vn 1.9621997 0.4029012 5.9520617
v 0.3170430 -0.0352750 0.9972850
vn 1.9488900 0.2623990 5.9643297
v 0.3175600 -0.0448380 0.9976440
vn 1.2277286 0.0880095 3.9524689
v 0.3180140 -0.0544050 0.9978100
vn 0.8896462 0.0037115 3.0134249
v 0.3186460 -0.0639620 0.9977170
vn 0.4307234 -0.0117087 1.4623045
v 0.3192390 -0.0735080 0.9974770
vn 0.7132447 0.4746377 1.9720025
v 0.3271820 0.0297380 0.9836780
vn 1.0578690 0.6353028 2.9071002
v 0.3275430 0.0207750 0.9856450
vn 1.0478331 0.5541819 2.9094734
v 0.3279640 0.0116960 0.9873270
vn 1.0480467 0.4916520 2.9366093
v 0.3283330 0.0025890 0.9888590
vn 1.0411078 0.4123210 2.9352252
v 0.3287560 -0.0067470 0.9901240
vn 1.0439459 0.3471153 2.9597988
v 0.3291230 -0.0161080 0.9912280
vn 1.0441830 0.2739419 2.9506381
v 0.3295540 -0.0255670 0.9920470
vn 1.0574090 0.2124738 2.9775028
v 0.3299280 -0.0350350 0.9926920
vn 0.7219461 0.1060592 2.0402515
v 0.3304690 -0.0445750 0.9930790
# 3256 vertices, 0 vertices normals

f 1//1 15//15 14//14
f 1//1 2//2 16//16
f 1//1 16//16 15//15
f 2//2 3//3 16//16
f 3//3 17//17 16//16
f 3//3 4//4 18//18
f 3//3 18//18 17//17
f 4//4 5//5 18//18
f 5//5 19//19 18//18
f 5//5 6//6 20//20
f 5//5 20//20 19//19
f 6//6 7//7 20//20
f 7//7 21//21 20//20
f 7//7 8//8 22//22
f 7//7 22//22 21//21
f 8//8 9//9 22//22
f 9//9 23//23 22//22
f 9//9 24//24 23//23
f 10//10 30//30 29//29
f 10//10 11//11 31//31
f 10//10 31//31 30//30
f 11//11 12//12 31//31
f 12//12 32//32 31//31
f 12//12 13//13 33//33
f 12//12 33//33 32//32
f 13//13 14//14 33//33
f 14//14 34//34 33//33
f 14//14 15//15 35//35
f 14//14 35//35 34//34
f 15//15 16//16 35//35
f 16//16 36//36 35//35
f 16//16 17//17 37//37
f 16//16 37//37 36//36
f 17//17 18//18 37//37
f 18//18 38//38 37//37
f 18//18 19//19 39//39
f 18//18 39//39 38//38
f 19//19 20//20 39//39
f 20//20 40//40 39//39
f 20//20 21//21 41//41
f 20//20 41//41 40//40
f 21//21 22//22 41//41
f 22//22 42//42 41//41
f 22//22 23//23 43//43
f 22//22 43//43 42//42
f 23//23 24//24 43//43
f 24//24 44//44 43//43
f 24//24 25//25 45//45
f 24//24 45//45 44//44
f 25//25 26//26 45//45
f 26//26 46//46 45//45
f 26//26 47//47 46//46
f 27//27 51//51 50//50
f 27//27 28//28 52//52
f 27//27 52//52 51//51
f 28//28 29//29 52//52
f 29//29 53//53 52//52
f 29//29 30//30 54//54
f 29//29 54//54 53//53
f 30//30 31//31 54//54
f 31//31 55//55 54//54
f 31//31 32//32 56//56
f 31//31 56//56 55//55
f 32//32 33//33 56//56
f 33//33 57//57 56//56
f 33//33 34//34 58//58
f 33//33 58//58 57//57
f 34//34 35//35 58//58
f 35//35 59//59 58//58
f 35//35 36//36 60//60
f 35//35 60//60 59//59
f 36//36 37//37 60//60
f 37//37 61//61 60//60
f 37//37 38//38 62//62
f 37//37 62//62 61//61
f 38//38 39//39 62//62
f 39//39 63//63 62//62
f 39//39 40//40 64//64
f 39//39 64//64 63//63
f 40//40 41//41 64//64
f 41//41 65//65 64//64
f 41//41 42//42 66//66
f 41//41 66//66 65//65
f 42//42 43//43 66//66
f 43//43 67//67 66//66
f 43//43 44//44 68//68
f 43//43 68//68 67//67
f 44//44 45//45 68//68
f 45//45 69//69 68//68
f 45//45 46//46 70//70
f 45//45 70//70 69//69
f 46//46 47//47 70//70
f 47//47 71//71 70//70
f 47//47 72//72 71//71
f 48//48 78//78 77//77
f 48//48 49//49 79//79
f 48//48 79//79 78//78
f 49//49 50//50 79//79
f 50//50 80//80 79//79
f 50//50 51//51 81//81
f 50//50 81//81 80//80
f 51//51 52//52 81//81
f 52//52 82//82 81//81
f 52//52 53//53 83//83
f 52//52 83//83 82//82
f 53//53 54//54 83//83
f 54//54 84//84 83//83
f 54//54 55//55 85//85
f 54//54 85//85 84//84
f 55//55 56//56 85//85
f 56//56 86//86 85//85
f 56//56 57//57 87//87
f 56//56 87//87 86//86
f 57//57 58//58 87//87
f 58//58 88//88 87//87
f 58//58 59//59 89//89
f 58//58 89//89 88//88
f 59//59 60//60 89//89
f 60//60 90//90 89//89
f 60//60 61//61 91//91
f 60//60 91//91 90//90
f 61//61 62//62 91//91
f 62//62 92//92 91//91
f 62//62 63//63 93//93
f 62//62 93//93 92//92
f 63//63 64//64 93//93
f 64//64 94//94 93//93
f 64//64 65//65 95//95
f 64//64 95//95 94//94
f 65//65 66//66 95//95
f 66//66 96//96 95//95
f 66//66 67//67 97//97
f 66//66 97//97 96//96
f 67//67 68//68 97//97
f 68//68 98//98 97//97
f 68//68 69//69 99//99
f 68//68 99//99 98//98
f 69//69 70//70 99//99
f 70//70 100//100 99//99
f 70//70 71//71 101//101
f 70//70 101//101 100//100
f 71//71 72//72 101//101
f 72//72 102//102 101//101
f 72//72 73//73 103//103
f 72//72 103//103 102//102
f 73//73 74//74 103//103
f 74//74 104//104 103//103
f 75//75 109//109 108//108
f 75//75 76//76 110//110
f 75//75 110//110 109//109
f 76//76 77//77 110//110
f 77//77 111//111 110//110
f 77//77 78//78 112//112
f 77//77 112//112 111//111
f 78//78 79//79 112//112
f 79//79 113//113 112//112
f 79//79 80//80 114//114
f 79//79 114//114 113//113
f 80//80 81//81 114//114
f 81//81 115//115 114//114
f 81//81 82//82 116//116
f 81//81 116//116 115//115
f 82//82 83//83 116//116
f 83//83 117//117 116//116
f 83//83 84//84 118//118
f 83//83 118//118 117//117
f 84//84 85//85 118//118
f 85//85 119//119 118//118
f 85//85 86//86 120//120
f 85//85 120//120 119//119
f 86//86 87//87 120//120
f 87//87 121//121 120//120
f 87//87 88//88 122//122
f 87//87 122//122 121//121
f 88//88 89//89 122//122
f 89//89 123//123 122//122
f 89//89 90//90 124//124
f 89//89 124//124 123//123
f 90//90 91//91 124//124
f 91//91 125//125 124//124
f 91//91 92//92 126//126
f 91//91 126//126 125//125
f 92//92 93//93 126//126
f 93//93 127//127 126//126
f 93//93 94//94 128//128
f 93//93 128//128 127//127
f 94//94 95//95 128//128
f 95//95 129//129 128//128
f 95//95 96//96 130//130
f 95//95 130//130 129//129
f 96//96 97//97 130//130
f 97//97 131//131 130//130
f 97//97 98//98 132//132
f 97//97 132//132 131//131
f 98//98 99//99 132//132
f 99//99 133//133 132//132
f 99//99 100//100 134//134
f 99//99 134//134 133//133
f 100//100 101//101 134//134
f 101//101 135//135 134//134
f 101//101 102//102 136//136
f 101//101 136//136 135//135
f 102//102 103//103 136//136
f 103//103 137//137 136//136
f 103//103 104//104 138//138
f 103//103 138//138 137//137
f 104//104 105//105 138//138
f 105//105 139//139 138//138
f 105//105 140//140 139//139
f 106//106 107//107 143//143
f 106//106 143//143 142//142
f 107//107 108//108 143//143
f 108//108 144//144 143//143
f 108//108 109//109 145//145
f 108//108 145//145 144//144
f 109//109 110//110 145//145
f 110//110 146//146 145//145
f 110//110 111//111 147//147
f 110//110 147//147 146//146
f 111//111 112//112 147//147
f 112//112 148//148 147//147
f 112//112 113//113 149//149
f 112//112 149//149 148//148
f 113//113 114//114 149//149
f 114//114 150//150 149//149
f 114//114 115//115 151//151
f 114//114 151//151 150//150
f 115//115 116//116 151//151
f 116//116 152//152 151//151
f 116//116 117//117 153//153
f 116//116 153//153 152//152
f 117//117 118//118 153//153
f 118//118 154//154 153//153
f 118//118 119//119 155//155
f 118//118 155//155 154//154
f 119//119 120//120 155//155
f 120//120 156//156 155//155
f 120//120 121//121 157//157
f 120//120 157//157 156//156
f 121//121 122//122 157//157
f 122//122 158//158 157//157
f 122//122 123//123 159//159
f 122//122 159//159 158//158
f 123//123 124//124 159//159
f 124//124 160//160 159//159
f 124//124 125//125 161//161
f 124//124 161//161 160//160
f 125//125 126//126 161//161
f 126//126 162//162 161//161
f 126//126 127//127 163//163
f 126//126 163//163 162//162
f 127//127 128//128 163//163
f 128//128 164//164 163//163
f 128//128 129//129 165//165
f 128//128 165//165 164//164
f 129//129 130//130 165//165
f 130//130 166//166 165//165
f 130//130 131//131 167//167
f 130//130 167//167 166//166
f 131//131 132//132 167//167
f 132//132 168//168 167//167
f 132//132 133//133 169//169
f 132//132 169//169 168//168
f 133//133 134//134 169//169
f 134//134 170//170 169//169
f 134//134 135//135 171//171
f 134//134 171//171 170//170
f 135//135 136//136 171//171
f 136//136 172//172 171//171
f 136//136 137//137 173//173
f 136//136 173//173 172//172
f 137//137 138//138 173//173
f 138//138 174//174 173//173
f 138//138 139//139 175//175
f 138//138 175//175 174//174
f 139//139 140//140 175//175
f 140//140 176//176 175//175
f 140//140 177//177 176//176
f 141//141 183//183 182//182
f 141//141 142//142 184//184
f 141//141 184//184 183//183
f 142//142 143//143 184//184
f 143//143 185//185 184//184
f 143//143 144//144 186//186
f 143//143 186//186 185//185
f 144//144 145//145 186//186
f 145//145 187//187 186//186
f 145//145 146//146 188//188
f 145//145 188//188 187//187
f 146//146 147//147 188//188
f 147//147 189//189 188//188
f 147//147 148//148 190//190
f 147//147 190//190 189//189
f 148//148 149//149 190//190
f 149//149 191//191 190//190
f 149//149 150//150 192//192
f 149//149 192//192 191//191
f 150//150 151//151 192//192
f 151//151 193//193 192//192
f 151//151 152//152 194//194
f 151//151 194//194 193//193
f 152//152 153//153 194//194
f 153//153 195//195 194//194
f 153//153 154//154 196//196
f 153//153 196//196 195//195
f 154//154 155//155 196//196
f 155//155 197//197 196//196
f 155//155 156//156 198//198
f 155//155 198//198 197//197
f 156//156 157//157 198//198
f 157//157 199//199 198//198
f 157//157 158//158 200//200
f 157//157 200//200 199//199
f 158//158 159//159 200//200
f 159//159 201//201 200//200
f 159//159 160//160 202//202
f 159//159 202//202 201//201
f 160//160 161//161 202//202
f 161//161 203//203 202//202
f 161//161 162//162 204//204
f 161//161 204//204 203//203
f 162//162 163//163 204//204
f 163//163 205//205 204//204
f 163//163 164//164 206//206
f 163//163 206//206 205//205
f 164//164 165//165 206//206
f 165//165 207//207 206//206
f 165//165 166//166 208//208
f 165//165 208//208 207//207
f 166//166 167//167 208//208
f 167//167 209//209 208//208
f 167//167 168//168 210//210
f 167//167 210//210 209//209
f 168//168 169//169 210//210
f 169//169 211//211 210//210
f 169//169 170//170 212//212
f 169//169 212//212 211//211
f 170//170 171//171 212//212
f 171//171 213//213 212//212
f 171//171 172//172 214//214
f 171//171 214//214 213//213
f 172//172 173//173 214//214
f 173//173 215//215 214//214
f 173//173 174//174 216//216
f 173//173 216//216 215//215
f 174//174 175//175 216//216
f 175//175 217//217 216//216
f 175//175 176//176 218//218
f 175//175 218//218 217//217
f 176//176 177//177 218//218
f 177//177 219//219 218//218
f 177//177 178//178 220//220
f 177//177 220//220 219//219
f 178//178 179//179 220//220
f 179//179 221//221 220//220
f 180//180 181//181 227//227
f 180//180 227//227 226//226
f 181//181 182//182 227//227
f 182//182 228//228 227//227
f 182//182 183//183 229//229
f 182//182 229//229 228//228
f 183//183 184//184 229//229
f 184//184 230//230 229//229
f 184//184 185//185 231//231
f 184//184 231//231 230//230
f 185//185 186//186 231//231
f 186//186 232//232 231//231
f 186//186 187//187 233//233
f 186//186 233//233 232//232
f 187//187 188//188 233//233
f 188//188 234//234 233//233
f 188//188 189//189 235//235
f 188//188 235//235 234//234
f 189//189 190//190 235//235
f 190//190 236//236 235//235
f 190//190 191//191 237//237
f 190//190 237//237 236//236
f 191//191 192//192 237//237
f 192//192 238//238 237//237
f 192//192 193//193 239//239
f 192//192 239//239 238//238
f 193//193 194//194 239//239
f 194//194 240//240 239//239
f 194//194 195//195 241//241
f 194//194 241//241 240//240
f 195//195 196//196 241//241
f 196//196 242//242 241//241
f 196//196 197//197 243//243
f 196//196 243//243 242//242
f 197//197 198//198 243//243
f 198//198 244//244 243//243
f 198//198 199//199 245//245
f 198//198 245//245 244//244
f 199//199 200//200 245//245
f 200//200 246//246 245//245
f 200//200 201//201 247//247
f 200//200 247//247 246//246
f 201//201 202//202 247//247
f 202//202 248//248 247//247
f 202//202 203//203 249//249
f 202//202 249//249 248//248
f 203//203 204//204 249//249
f 204//204 250//250 249//249
f 204//204 205//205 251//251
f 204//204 251//251 250//250
f 205//205 206//206 251//251
f 206//206 252//252 251//251
f 206//206 207//207 253//253
f 206//206 253//253 252//252
f 207//207 208//208 253//253
f 208//208 254//254 253//253
f 208//208 209//209 255//255
f 208//208 255//255 254//254
f 209//209 210//210 255//255
f 210//210 256//256 255//255
f 210//210 211//211 257//257
f 210//210 257//257 256//256
f 211//211 212//212 257//257
f 212//212 258//258 257//257
f 212//212 213//213 259//259
f 212//212 259//259 258//258
f 213//213 214//214 259//259
f 214//214 260//260 259//259
f 214//214 215//215 261//261
f 214//214 261//261 260//260
f 215//215 216//216 261//261
f 216//216 262//262 261//261
f 216//216 217//217 263//263
f 216//216 263//263 262//262
f 217//217 218//218 263//263
f 218//218 264//264 263//263
f 218//218 219//219 265//265
f 218//218 265//265 264//264
f 219//219 220//220 265//265
f 220//220 266//266 265//265
f 220//220 221//221 267//267
f 220//220 267//267 266//266
f 221//221 222//222 267//267
f 222//222 268//268 267//267
f 223//223 224//224 271//271
f 223//223 271//271 270//270
f 224//224 225//225 271//271
f 225//225 272//272 271//271
f 225//225 226//226 273//273
f 225//225 273//273 272//272
f 226//226 227//227 273//273
f 227//227 274//274 273//273
f 227//227 228//228 275//275
f 227//227 275//275 274//274
f 228//228 229//229 275//275
f 229//229 276//276 275//275
f 229//229 230//230 277//277
f 229//229 277//277 276//276
f 230//230 231//231 277//277
f 231//231 278//278 277//277
f 231//231 232//232 279//279
f 231//231 279//279 278//278
f 232//232 233//233 279//279
f 233//233 280//280 279//279
f 233//233 234//234 281//281
f 233//233 281//281 280//280
f 234//234 235//235 281//281
f 235//235 282//282 281//281
f 235//235 236//236 283//283
f 235//235 283//283 282//282
f 236//236 237//237 283//283
f 237//237 284//284 283//283
f 237//237 238//238 285//285
f 237//237 285//285 284//284
f 238//238 239//239 285//285
f 239//239 286//286 285//285
f 239//239 240//240 287//287
f 239//239 287//287 286//286
f 240//240 241//241 287//287
f 241//241 288//288 287//287
f 241//241 242//242 289//289
f 241//241 289//289 288//288
f 242//242 243//243 289//289
f 243//243 290//290 289//289
f 243//243 244//244 291//291
f 243//243 291//291 290//290
f 244//244 245//245 291//291
f 245//245 292//292 291//291
f 245//245 246//246 293//293
f 245//245 293//293 292//292
f 246//246 247//247 293//293
f 247//247 294//294 293//293
f 247//247 248//248 295//295
f 247//247 295//295 294//294
f 248//248 249//249 295//295
f 249//249 296//296 295//295
f 249//249 250//250 297//297
f 249//249 297//297 296//296
f 250//250 251//251 297//297
f 251//251 298//298 297//297
f 251//251 252//252 299//299
f 251//251 299//299 298//298
f 252//252 253//253 299//299
f 253//253 300//300 299//299
f 253//253 254//254 301//301
f 253//253 301//301 300//300
f 254//254 255//255 301//301
f 255//255 302//302 301//301
f 255//255 256//256 303//303
f 255//255 303//303 302//302
f 256//256 257//257 303//303
f 257//257 304//304 303//303
f 257//257 258//258 305//305
f 257//257 305//305 304//304
f 258//258 259//259 305//305
f 259//259 306//306 305//305
f 259//259 260//260 307//307
f 259//259 307//307 306//306
f 260//260 261//261 307//307
f 261//261 308//308 307//307
f 261//261 262//262 309//309
f 261//261 309//309 308//308
f 262//262 263//263 309//309
f 263//263 310//310 309//309
f 263//263 264//264 311//311
f 263//263 311//311 310//310
f 264//264 265//265 311//311
f 265//265 312//312 311//311
f 265//265 266//266 313//313
f 265//265 313//313 312//312
f 266//266 267//267 313//313
f 267//267 314//314 313//313
f 267//267 268//268 315//315
f 267//267 315//315 314//314
f 269//269 319//319 318//318
f 269//269 270//270 320//320
f 269//269 320//320 319//319
f 270//270 271//271 320//320
f 271//271 321//321 320//320
f 271//271 272//272 322//322
f 271//271 322//322 321//321
f 272//272 273//273 322//322
f 273//273 323//323 322//322
f 273//273 274//274 324//324
f 273//273 324//324 323//323
f 274//274 275//275 324//324
f 275//275 325//325 324//324
f 275//275 276//276 326//326
f 275//275 326//326 325//325
f 276//276 277//277 326//326
f 277//277 327//327 326//326
f 277//277 278//278 328//328
f 277//277 328//328 327//327
f 278//278 279//279 328//328
f 279//279 329//329 328//328
f 279//279 280//280 330//330
f 279//279 330//330 329//329
f 280//280 281//281 330//330
f 281//281 331//331 330//330
f 281//281 282//282 332//332
f 281//281 332//332 331//331
f 282//282 283//283 332//332
f 283//283 333//333 332//332
f 283//283 284//284 334//334
f 283//283 334//334 333//333
f 284//284 285//285 334//334
f 285//285 335//335 334//334
f 285//285 286//286 336//336
f 285//285 336//336 335//335
f 286//286 287//287 336//336
f 287//287 337//337 336//336
f 287//287 288//288 338//338
f 287//287 338//338 337//337
f 288//288 289//289 338//338
f 289//289 339//339 338//338
f 289//289 290//290 340//340
f 289//289 340//340 339//339
f 290//290 291//291 340//340
f 291//291 341//341 340//340
f 291//291 292//292 342//342
f 291//291 342//342 341//341
f 292//292 293//293 342//342
f 293//293 343//343 342//342
f 293//293 294//294 344//344
f 293//293 344//344 343//343
f 294//294 295//295 344//344
f 295//295 345//345 344//344
f 295//295 296//296 346//346
f 295//295 346//346 345//345
f 296//296 297//297 346//346
f 297//297 347//347 346//346
f 297//297 298//298 348//348
f 297//297 348//348 347//347
f 298//298 299//299 348//348
f 299//299 349//349 348//348
f 299//299 300//300 350//350
f 299//299 350//350 349//349
f 300//300 301//301 350//350
f 301//301 351//351 350//350
f 301//301 302//302 352//352
f 301//301 352//352 351//351
f 302//302 303//303 352//352
f 303//303 353//353 352//352
f 303//303 304//304 354//354
f 303//303 354//354 353//353
f 304//304 305//305 354//354
f 305//305 355//355 354//354
f 305//305 306//306 356//356
f 305//305 356//356 355//355
f 306//306 307//307 356//356
f 307//307 357//357 356//356
f 307//307 308//308 358//358
f 307//307 358//358 357//357
f 308//308 309//309 358//358
f 309//309 359//359 358//358
f 309//309 310//310 360//360
f 309//309 360//360 359//359
f 310//310 311//311 360//360
f 311//311 361//361 360//360
f 311//311 312//312 362//362
f 311//311 362//362 361//361
f 312//312 313//313 362//362
f 313//313 363//363 362//362
f 313//313 314//314 364//364
f 313//313 364//364 363//363
f 314//314 315//315 364//364
f 315//315 365//365 364//364
f 315//315 366//366 365//365
f 316//316 317//317 369//369
f 316//316 369//369 368//368
f 317//317 318//318 369//369
f 318//318 370//370 369//369
f 318//318 319//319 371//371
f 318//318 371//371 370//370
f 319//319 320//320 371//371
f 320//320 372//372 371//371
f 320//320 321//321 373//373
f 320//320 373//373 372//372
f 321//321 322//322 373//373
f 322//322 374//374 373//373
f 322//322 323//323 375//375
f 322//322 375//375 374//374
f 323//323 324//324 375//375
f 324//324 376//376 375//375
f 324//324 325//325 377//377
f 324//324 377//377 376//376
f 325//325 326//326 377//377
f 326//326 378//378 377//377
f 326//326 327//327 379//379
f 326//326 379//379 378//378
f 327//327 328//328 379//379
f 328//328 380//380 379//379
f 328//328 329//329 381//381
f 328//328 381//381 380//380
f 329//329 330//330 381//381
f 330//330 382//382 381//381
f 330//330 331//331 383//383
f 330//330 383//383 382//382
f 331//331 332//332 383//383
f 332//332 384//384 383//383
f 332//332 333//333 385//385
f 332//332 385//385 384//384
f 333//333 334//334 385//385
f 334//334 386//386 385//385
f 334//334 335//335 387//387
f 334//334 387//387 386//386
f 335//335 336//336 387//387
f 336//336 388//388 387//387
f 336//336 337//337 389//389
f 336//336 389//389 388//388
f 337//337 338//338 389//389
f 338//338 390//390 389//389
f 338//338 339//339 391//391
f 338//338 391//391 390//390
f 339//339 340//340 391//391
f 340//340 392//392 391//391
f 340//340 341//341 393//393
f 340//340 393//393 392//392
f 341//341 342//342 393//393
f 342//342 394//394 393//393
f 342//342 343//343 395//395
f 342//342 395//395 394//394
f 343//343 344//344 395//395
f 344//344 396//396 395//395
f 344//344 345//345 397//397
f 344//344 397//397 396//396
f 345//345 346//346 397//397
f 346//346 398//398 397//397
f 346//346 347//347 399//399
f 346//346 399//399 398//398
f 347//347 348//348 399//399
f 348//348 400//400 399//399
f 348//348 349//349 401//401
f 348//348 401//401 400//400
f 349//349 350//350 401//401
f 350//350 402//402 401//401
f 350//350 351//351 403//403
f 350//350 403//403 402//402
f 351//351 352//352 403//403
f 352//352 404//404 403//403
f 352//352 353//353 405//405
f 352//352 405//405 404//404
f 353//353 354//354 405//405
f 354//354 406//406 405//405
f 354//354 355//355 407//407
f 354//354 407//407 406//406
f 355//355 356//356 407//407
f 356//356 408//408 407//407
f 356//356 357//357 409//409
f 356//356 409//409 408//408
f 357//357 358//358 409//409
f 358//358 410//410 409//409
f 358//358 359//359 411//411
f 358//358 411//411 410//410
f 359//359 360//360 411//411
f 360//360 412//412 411//411
f 360//360 361//361 413//413
f 360//360 413//413 412//412
f 361//361 362//362 413//413
f 362//362 414//414 413//413
f 362//362 363//363 415//415
f 362//362 415//415 414//414
f 363//363 364//364 415//415
f 364//364 416//416 415//415
f 364//364 365//365 417//417
f 364//364 417//417 416//416
f 365//365 366//366 417//417
f 366//366 418//418 417//417
f 367//367 368//368 421//421
f 367//367 421//421 420//420
f 368//368 369//369 421//421
f 369//369 422//422 421//421
f 369//369 370//370 423//423
f 369//369 423//423 422//422
f 370//370 371//371 423//423
f 371//371 424//424 423//423
f 371//371 372//372 425//425
f 371//371 425//425 424//424
f 372//372 373//373 425//425
f 373//373 426//426 425//425
f 373//373 374//374 427//427
f 373//373 427//427 426//426
f 374//374 375//375 427//427
f 375//375 428//428 427//427
f 375//375 376//376 429//429
f 375//375 429//429 428//428
f 376//376 377//377 429//429
f 377//377 430//430 429//429
f 377//377 378//378 431//431
f 377//377 431//431 430//430
f 378//378 379//379 431//431
f 379//379 432//432 431//431
f 379//379 380//380 433//433
f 379//379 433//433 432//432
f 380//380 381//381 433//433
f 381//381 434//434 433//433
f 381//381 382//382 435//435
f 381//381 435//435 434//434
f 382//382 383//383 435//435
f 383//383 436//436 435//435
f 383//383 384//384 437//437
f 383//383 437//437 436//436
f 384//384 385//385 437//437
f 385//385 438//438 437//437
f 385//385 386//386 439//439
f 385//385 439//439 438//438
f 386//386 387//387 439//439
f 387//387 440//440 439//439
f 387//387 388//388 441//441
f 387//387 441//441 440//440
f 388//388 389//389 441//441
f 389//389 442//442 441//441
f 389//389 390//390 443//443
f 389//389 443//443 442//442
f 390//390 391//391 443//443
f 391//391 444//444 443//443
f 391//391 392//392 445//445
f 391//391 445//445 444//444
f 392//392 393//393 445//445
f 393//393 446//446 445//445
f 393//393 394//394 447//447
f 393//393 447//447 446//446
f 394//394 395//395 447//447
f 395//395 448//448 447//447
f 395//395 396//396 449//449
f 395//395 449//449 448//448
f 396//396 397//397 449//449
f 397//397 450//450 449//449
f 397//397 398//398 451//451
f 397//397 451//451 450//450
f 398//398 399//399 451//451
f 399//399 452//452 451//451
f 399//399 400//400 453//453
f 399//399 453//453 452//452
f 400//400 401//401 453//453
f 401//401 454//454 453//453
f 401//401 402//402 455//455
f 401//401 455//455 454//454
f 402//402 403//403 455//455
f 403//403 456//456 455//455
f 403//403 404//404 457//457
f 403//403 457//457 456//456
f 404//404 405//405 457//457
f 405//405 458//458 457//457
f 405//405 406//406 459//459
f 405//405 459//459 458//458
f 406//406 407//407 459//459
f 407//407 460//460 459//459
f 407//407 408//408 461//461
f 407//407 461//461 460//460
f 408//408 409//409 461//461
f 409//409 462//462 461//461
f 409//409 410//410 463//463
f 409//409 463//463 462//462
f 410//410 411//411 463//463
f 411//411 464//464 463//463
f 411//411 412//412 465//465
f 411//411 465//465 464//464
f 412//412 413//413 465//465
f 413//413 466//466 465//465
f 413//413 414//414 467//467
f 413//413 467//467 466//466
f 414//414 415//415 467//467
f 415//415 468//468 467//467
f 415//415 416//416 469//469
f 415//415 469//469 468//468
f 416//416 417//417 469//469
f 417//417 470//470 469//469
f 417//417 418//418 471//471
f 417//417 471//471 470//470
f 419//419 420//420 474//474
f 419//419 474//474 473//473
f 420//420 421//421 474//474
f 421//421 475//475 474//474
f 421//421 422//422 476//476
f 421//421 476//476 475//475
f 422//422 423//423 476//476
f 423//423 477//477 476//476
f 423//423 424//424 478//478
f 423//423 478//478 477//477
f 424//424 425//425 478//478
f 425//425 479//479 478//478
f 425//425 426//426 480//480
f 425//425 480//480 479//479
f 426//426 427//427 480//480
f 427//427 481//481 480//480
f 427//427 428//428 482//482
f 427//427 482//482 481//481
f 428//428 429//429 482//482
f 429//429 483//483 482//482
f 429//429 430//430 484//484
f 429//429 484//484 483//483
f 430//430 431//431 484//484
f 431//431 485//485 484//484
f 431//431 432//432 486//486
f 431//431 486//486 485//485
f 432//432 433//433 486//486
f 433//433 487//487 486//486
f 433//433 434//434 488//488
f 433//433 488//488 487//487
f 434//434 435//435 488//488
f 435//435 489//489 488//488
f 435//435 436//436 490//490
f 435//435 490//490 489//489
f 436//436 437//437 490//490
f 437//437 491//491 490//490
f 437//437 438//438 492//492
f 437//437 492//492 491//491
f 438//438 439//439 492//492
f 439//439 493//493 492//492
f 439//439 440//440 494//494
f 439//439 494//494 493//493
f 440//440 441//441 494//494
f 441//441 495//495 494//494
f 441//441 442//442 496//496
f 441//441 496//496 495//495
f 442//442 443//443 496//496
f 443//443 497//497 496//496
f 443//443 444//444 498//498
f 443//443 498//498 497//497
f 444//444 445//445 498//498
f 445//445 499//499 498//498
f 445//445 446//446 500//500
f 445//445 500//500 499//499
f 446//446 447//447 500//500
f 447//447 501//501 500//500
f 447//447 448//448 502//502
f 447//447 502//502 501//501
f 448//448 449//449 502//502
f 449//449 503//503 502//502
f 449//449 450//450 504//504
f 449//449 504//504 503//503
f 450//450 451//451 504//504
f 451//451 505//505 504//504
f 451//451 452//452 506//506
f 451//451 506//506 505//505
f 452//452 453//453 506//506
f 453//453 507//507 506//506
f 453//453 454//454 508//508
f 453//453 508//508 507//507
f 454//454 455//455 508//508
f 455//455 509//509 508//508
f 455//455 456//456 510//510
f 455//455 510//510 509//509
f 456//456 457//457 510//510
f 457//457 511//511 510//510
f 457//457 458//458 512//512
f 457//457 512//512 511//511
f 458//458 459//459 512//512
f 459//459 513//513 512//512
f 459//459 460//460 514//514
f 459//459 514//514 513//513
f 460//460 461//461 514//514
f 461//461 515//515 514//514
f 461//461 462//462 516//516
f 461//461 516//516 515//515
f 462//462 463//463 516//516
f 463//463 517//517 516//516
f 463//463 464//464 518//518
f 463//463 518//518 517//517
f 464//464 465//465 518//518
f 465//465 519//519 518//518
f 465//465 466//466 520//520
f 465//465 520//520 519//519
f 466//466 467//467 520//520
f 467//467 521//521 520//520
f 467//467 468//468 522//522
f 467//467 522//522 521//521
f 468//468 469//469 522//522
f 469//469 523//523 522//522
f 469//469 470//470 524//524
f 469//469 524//524 523//523
f 470//470 471//471 524//524
f 471//471 525//525 524//524
f 471//471 526//526 525//525
f 472//472 473//473 529//529
f 472//472 529//529 528//528
f 473//473 474//474 529//529
f 474//474 530//530 529//529
f 474//474 475//475 531//531
f 474//474 531//531 530//530
f 475//475 476//476 531//531
f 476//476 532//532 531//531
f 476//476 477//477 533//533
f 476//476 533//533 532//532
f 477//477 478//478 533//533
f 478//478 534//534 533//533
f 478//478 479//479 535//535
f 478//478 535//535 534//534
f 479//479 480//480 535//535
f 480//480 536//536 535//535
f 480//480 481//481 537//537
f 480//480 537//537 536//536
f 481//481 482//482 537//537
f 482//482 538//538 537//537
f 482//482 483//483 539//539
f 482//482 539//539 538//538
f 483//483 484//484 539//539
f 484//484 540//540 539//539
f 484//484 485//485 541//541
f 484//484 541//541 540//540
f 485//485 486//486 541//541
f 486//486 542//542 541//541
f 486//486 487//487 543//543
f 486//486 543//543 542//542
f 487//487 488//488 543//543
f 488//488 544//544 543//543
f 488//488 489//489 545//545
f 488//488 545//545 544//544
f 489//489 490//490 545//545
f 490//490 546//546 545//545
f 490//490 491//491 547//547
f 490//490 547//547 546//546
f 491//491 492//492 547//547
f 492//492 548//548 547//547
f 492//492 493//493 549//549
f 492//492 549//549 548//548
f 493//493 494//494 549//549
f 494//494 550//550 549//549
f 494//494 495//495 551//551
f 494//494 551//551 550//550
f 495//495 496//496 551//551
f 496//496 552//552 551//551
f 496//496 497//497 553//553
f 496//496 553//553 552//552
f 497//497 498//498 553//553
f 498//498 554//554 553//553
f 498//498 499//499 555//555
f 498//498 555//555 554//554
f 499//499 500//500 555//555
f 500//500 556//556 555//555
f 500//500 501//501 557//557
f 500//500 557//557 556//556
f 501//501 502//502 557//557
f 502//502 558//558 557//557
f 502//502 503//503 559//559
f 502//502 559//559 558//558
f 503//503 504//504 559//559
f 504//504 560//560 559//559
f 504//504 505//505 561//561
f 504//504 561//561 560//560
f 505//505 506//506 561//561
f 506//506 562//562 561//561
f 506//506 507//507 563//563
f 506//506 563//563 562//562
f 507//507 508//508 563//563
f 508//508 564//564 563//563
f 508//508 509//509 565//565
f 508//508 565//565 564//564
f 509//509 510//510 565//565
f 510//510 566//566 565//565
f 510//510 511//511 567//567
f 510//510 567//567 566//566
f 511//511 512//512 567//567
f 512//512 568//568 567//567
f 512//512 513//513 569//569
f 512//512 569//569 568//568
f 513//513 514//514 569//569
f 514//514 570//570 569//569
f 514//514 515//515 571//571
f 514//514 571//571 570//570
f 515//515 516//516 571//571
f 516//516 572//572 571//571
f 516//516 517//517 573//573
f 516//516 573//573 572//572
f 517//517 518//518 573//573
f 518//518 574//574 573//573
f 518//518 519//519 575//575
f 518//518 575//575 574//574
f 519//519 520//520 575//575
f 520//520 576//576 575//575
f 520//520 521//521 577//577
f 520//520 577//577 576//576
f 521//521 522//522 577//577
f 522//522 578//578 577//577
f 522//522 523//523 579//579
f 522//522 579//579 578//578
f 523//523 524//524 579//579
f 524//524 580//580 579//579
f 524//524 525//525 581//581
f 524//524 581//581 580//580
f 525//525 526//526 581//581
f 526//526 582//582 581//581
f 527//527 528//528 585//585
f 527//527 585//585 584//584
f 528//528 529//529 585//585
f 529//529 586//586 585//585
f 529//529 530//530 587//587
f 529//529 587//587 586//586
f 530//530 531//531 587//587
f 531//531 588//588 587//587
f 531//531 532//532 589//589
f 531//531 589//589 588//588
f 532//532 533//533 589//589
f 533//533 590//590 589//589
f 533//533 534//534 591//591
f 533//533 591//591 590//590
f 534//534 535//535 591//591
f 535//535 592//592 591//591
f 535//535 536//536 593//593
f 535//535 593//593 592//592
f 536//536 537//537 593//593
f 537//537 594//594 593//593
f 537//537 538//538 595//595
f 537//537 595//595 594//594
f 538//538 539//539 595//595
f 539//539 596//596 595//595
f 539//539 540//540 597//597
f 539//539 597//597 596//596
f 540//540 541//541 597//597
f 541//541 598//598 597//597
f 541//541 542//542 599//599
f 541//541 599//599 598//598
f 542//542 543//543 599//599
f 543//543 600//600 599//599
f 543//543 544//544 601//601
f 543//543 601//601 600//600
f 544//544 545//545 601//601
f 545//545 602//602 601//601
f 545//545 546//546 603//603
f 545//545 603//603 602//602
f 546//546 547//547 603//603
f 547//547 604//604 603//603
f 547//547 548//548 605//605
f 547//547 605//605 604//604
f 548//548 549//549 605//605
f 549//549 606//606 605//605
f 549//549 550//550 607//607
f 549//549 607//607 606//606
f 550//550 551//551 607//607
f 551//551 608//608 607//607
f 551//551 552//552 609//609
f 551//551 609//609 608//608
f 552//552 553//553 609//609
f 553//553 610//610 609//609
f 553//553 554//554 611//611
f 553//553 611//611 610//610
f 554//554 555//555 611//611
f 555//555 612//612 611//611
f 555//555 556//556 613//613
f 555//555 613//613 612//612
f 556//556 557//557 613//613
f 557//557 614//614 613//613
f 557//557 558//558 615//615
f 557//557 615//615 614//614
f 558//558 559//559 615//615
f 559//559 616//616 615//615
f 559//559 560//560 617//617
f 559//559 617//617 616//616
f 560//560 561//561 617//617
f 561//561 618//618 617//617
f 561//561 562//562 619//619
f 561//561 619//619 618//618
f 562//562 563//563 619//619
f 563//563 620//620 619//619
f 563//563 564//564 621//621
f 563//563 621//621 620//620
f 564//564 565//565 621//621
f 565//565 622//622 621//621
f 565//565 566//566 623//623
f 565//565 623//623 622//622
f 566//566 567//567 623//623
f 567//567 624//624 623//623
f 567//567 568//568 625//625
f 567//567 625//625 624//624
f 568//568 569//569 625//625
f 569//569 626//626 625//625
f 569//569 570//570 627//627
f 569//569 627//627 626//626
f 570//570 571//571 627//627
f 571//571 628//628 627//627
f 571//571 572//572 629//629
f 571//571 629//629 628//628
f 572//572 573//573 629//629
f 573//573 630//630 629//629
f 573//573 574//574 631//631
f 573//573 631//631 630//630
f 574//574 575//575 631//631
f 575//575 632//632 631//631
f 575//575 576//576 633//633
f 575//575 633//633 632//632
f 576//576 577//577 633//633
f 577//577 634//634 633//633
f 577//577 578//578 635//635
f 577//577 635//635 634//634
f 578//578 579//579 635//635
f 579//579 636//636 635//635
f 579//579 580//580 637//637
f 579//579 637//637 636//636
f 580//580 581//581 637//637
f 581//581 638//638 637//637
f 581//581 582//582 639//639
f 581//581 639//639 638//638
f 583//583 584//584 641//641
f 583//583 641//641 640//640
f 584//584 585//585 641//641
f 585//585 642//642 641//641
f 585//585 586//586 643//643
f 585//585 643//643 642//642
f 586//586 587//587 643//643
f 587//587 644//644 643//643
f 587//587 588//588 645//645
f 587//587 645//645 644//644
f 588//588 589//589 645//645
f 589//589 646//646 645//645
f 589//589 590//590 647//647
f 589//589 647//647 646//646
f 590//590 591//591 647//647
f 591//591 648//648 647//647
f 591//591 592//592 649//649
f 591//591 649//649 648//648
f 592//592 593//593 649//649
f 593//593 650//650 649//649
f 593//593 594//594 651//651
f 593//593 651//651 650//650
f 594//594 595//595 651//651
f 595//595 652//652 651//651
f 595//595 596//596 653//653
f 595//595 653//653 652//652
f 596//596 597//597 653//653
f 597//597 654//654 653//653
f 597//597 598//598 655//655
f 597//597 655//655 654//654
f 598//598 599//599 655//655
f 599//599 656//656 655//655
f 599//599 600//600 657//657
f 599//599 657//657 656//656
f 600//600 601//601 657//657
f 601//601 658//658 657//657
f 601//601 602//602 659//659
f 601//601 659//659 658//658
f 602//602 603//603 659//659
f 603//603 660//660 659//659
f 603//603 604//604 661//661
f 603//603 661//661 660//660
f 604//604 605//605 661//661
f 605//605 662//662 661//661
f 605//605 606//606 663//663
f 605//605 663//663 662//662
f 606//606 607//607 663//663
f 607//607 664//664 663//663
f 607//607 608//608 665//665
f 607//607 665//665 664//664
f 608//608 609//609 665//665
f 609//609 666//666 665//665
f 609//609 610//610 667//667
f 609//609 667//667 666//666
f 610//610 611//611 667//667
f 611//611 668//668 667//667
f 611//611 612//612 669//669
f 611//611 669//669 668//668
f 612//612 613//613 669//669
f 613//613 670//670 669//669
f 613//613 614//614 671//671
f 613//613 671//671 670//670
f 614//614 615//615 671//671
f 615//615 672//672 671//671
f 615//615 616//616 673//673
f 615//615 673//673 672//672
f 616//616 617//617 673//673
f 617//617 674//674 673//673
f 617//617 618//618 675//675
f 617//617 675//675 674//674
f 618//618 619//619 675//675
f 619//619 676//676 675//675
f 619//619 620//620 677//677
f 619//619 677//677 676//676
f 620//620 621//621 677//677
f 621//621 678//678 677//677
f 621//621 622//622 679//679
f 621//621 679//679 678//678
f 622//622 623//623 679//679
f 623//623 680//680 679//679
f 623//623 624//624 681//681
f 623//623 681//681 680//680
f 624//624 625//625 681//681
f 625//625 682//682 681//681
f 625//625 626//626 683//683
f 625//625 683//683 682//682
f 626//626 627//627 683//683
f 627//627 684//684 683//683
f 627//627 628//628 685//685
f 627//627 685//685 684//684
f 628//628 629//629 685//685
f 629//629 686//686 685//685
f 629//629 630//630 687//687
f 629//629 687//687 686//686
f 630//630 631//631 687//687
f 631//631 688//688 687//687
f 631//631 632//632 689//689
f 631//631 689//689 688//688
f 632//632 633//633 689//689
f 633//633 690//690 689//689
f 633//633 634//634 691//691
f 633//633 691//691 690//690
f 634//634 635//635 691//691
f 635//635 692//692 691//691
f 635//635 636//636 693//693
f 635//635 693//693 692//692
f 636//636 637//637 693//693
f 637//637 694//694 693//693
f 637//637 638//638 695//695
f 637//637 695//695 694//694
f 638//638 639//639 695//695
f 640//640 641//641 696//696
f 641//641 697//697 696//696
f 641//641 642//642 698//698
f 641//641 698//698 697//697
f 642//642 643//643 698//698
f 643//643 699//699 698//698
f 643//643 644//644 700//700
f 643//643 700//700 699//699
f 644//644 645//645 700//700
f 645//645 701//701 700//700
f 645//645 646//646 702//702
f 645//645 702//702 701//701
f 646//646 647//647 702//702
f 647//647 703//703 702//702
f 647//647 648//648 704//704
f 647//647 704//704 703//703
f 648//648 649//649 704//704
f 649//649 705//705 704//704
f 649//649 650//650 706//706
f 649//649 706//706 705//705
f 650//650 651//651 706//706
f 651//651 707//707 706//706
f 651//651 652//652 708//708
f 651//651 708//708 707//707
f 652//652 653//653 708//708
f 653//653 709//709 708//708
f 653//653 654//654 710//710
f 653//653 710//710 709//709
f 654//654 655//655 710//710
f 655//655 711//711 710//710
f 655//655 656//656 712//712
f 655//655 712//712 711//711
f 656//656 657//657 712//712
f 657//657 713//713 712//712
f 657//657 658//658 714//714
f 657//657 714//714 713//713
f 658//658 659//659 714//714
f 659//659 715//715 714//714
f 659//659 660//660 716//716
f 659//659 716//716 715//715
f 660//660 661//661 716//716
f 661//661 717//717 716//716
f 661//661 662//662 718//718
f 661//661 718//718 717//717
f 662//662 663//663 718//718
f 663//663 719//719 718//718
f 663//663 664//664 720//720
f 663//663 720//720 719//719
f 664//664 665//665 720//720
f 665//665 721//721 720//720
f 665//665 666//666 722//722
f 665//665 722//722 721//721
f 666//666 667//667 722//722
f 667//667 723//723 722//722
f 667//667 668//668 724//724
f 667//667 724//724 723//723
f 668//668 669//669 724//724
f 669//669 725//725 724//724
f 669//669 670//670 726//726
f 669//669 726//726 725//725
f 670//670 671//671 726//726
f 671//671 727//727 726//726
f 671//671 672//672 728//728
f 671//671 728//728 727//727
f 672//672 673//673 728//728
f 673//673 729//729 728//728
f 673//673 674//674 730//730
f 673//673 730//730 729//729
f 674//674 675//675 730//730
f 675//675 731//731 730//730
f 675//675 676//676 732//732
f 675//675 732//732 731//731
f 676//676 677//677 732//732
f 677//677 733//733 732//732
f 677//677 678//678 734//734
f 677//677 734//734 733//733
f 678//678 679//679 734//734
f 679//679 735//735 734//734
f 679//679 680//680 736//736
f 679//679 736//736 735//735
f 680//680 681//681 736//736
f 681//681 737//737 736//736
f 681//681 682//682 738//738
f 681//681 738//738 737//737
f 682//682 683//683 738//738
f 683//683 739//739 738//738
f 683//683 684//684 740//740
f 683//683 740//740 739//739
f 684//684 685//685 740//740
f 685//685 741//741 740//740
f 685//685 686//686 742//742
f 685//685 742//742 741//741
f 686//686 687//687 742//742
f 687//687 743//743 742//742
f 687//687 688//688 744//744
f 687//687 744//744 743//743
f 688//688 689//689 744//744
f 689//689 745//745 744//744
f 689//689 690//690 746//746
f 689//689 746//746 745//745
f 690//690 691//691 746//746
f 691//691 747//747 746//746
f 691//691 692//692 748//748
f 691//691 748//748 747//747
f 692//692 693//693 748//748
f 693//693 749//749 748//748
f 693//693 694//694 750//750
f 693//693 750//750 749//749
f 694//694 695//695 750//750
f 695//695 751//751 750//750
f 695//695 752//752 751//751
f 696//696 754//754 753//753
f 696//696 697//697 755//755
f 696//696 755//755 754//754
f 697//697 698//698 755//755
f 698//698 756//756 755//755
f 698//698 699//699 757//757
f 698//698 757//757 756//756
f 699//699 700//700 757//757
f 700//700 758//758 757//757
f 700//700 701//701 759//759
f 700//700 759//759 758//758
f 701//701 702//702 759//759
f 702//702 760//760 759//759
f 702//702 703//703 761//761
f 702//702 761//761 760//760
f 703//703 704//704 761//761
f 704//704 762//762 761//761
f 704//704 705//705 763//763
f 704//704 763//763 762//762
f 705//705 706//706 763//763
f 706//706 764//764 763//763
f 706//706 707//707 765//765
f 706//706 765//765 764//764
f 707//707 708//708 765//765
f 708//708 766//766 765//765
f 708//708 709//709 767//767
f 708//708 767//767 766//766
f 709//709 710//710 767//767
f 710//710 768//768 767//767
f 710//710 711//711 769//769
f 710//710 769//769 768//768
f 711//711 712//712 769//769
f 712//712 770//770 769//769
f 712//712 713//713 771//771
f 712//712 771//771 770//770
f 713//713 714//714 771//771
f 714//714 772//772 771//771
f 714//714 715//715 773//773
f 714//714 773//773 772//772
f 715//715 716//716 773//773
f 716//716 774//774 773//773
f 716//716 717//717 775//775
f 716//716 775//775 774//774
f 717//717 718//718 775//775
f 718//718 776//776 775//775
f 718//718 719//719 777//777
f 718//718 777//777 776//776
f 719//719 720//720 777//777
f 720//720 778//778 777//777
f 720//720 721//721 779//779
f 720//720 779//779 778//778
f 721//721 722//722 779//779
f 722//722 780//780 779//779
f 722//722 723//723 781//781
f 722//722 781//781 780//780
f 723//723 724//724 781//781
f 724//724 782//782 781//781
f 724//724 725//725 783//783
f 724//724 783//783 782//782
f 725//725 726//726 783//783
f 726//726 784//784 783//783
f 726//726 727//727 785//785
f 726//726 785//785 784//784
f 727//727 728//728 785//785
f 728//728 786//786 785//785
f 728//728 729//729 787//787
f 728//728 787//787 786//786
f 729//729 730//730 787//787
f 730//730 788//788 787//787
f 730//730 731//731 789//789
f 730//730 789//789 788//788
f 731//731 732//732 789//789
f 732//732 790//790 789//789
f 732//732 733//733 791//791
f 732//732 791//791 790//790
f 733//733 734//734 791//791
f 734//734 792//792 791//791
f 734//734 735//735 793//793
f 734//734 793//793 792//792
f 735//735 736//736 793//793
f 736//736 794//794 793//793
f 736//736 737//737 795//795
f 736//736 795//795 794//794
f 737//737 738//738 795//795
f 738//738 796//796 795//795
f 738//738 739//739 797//797
f 738//738 797//797 796//796
f 739//739 740//740 797//797
f 740//740 798//798 797//797
f 740//740 741//741 799//799
f 740//740 799//799 798//798
f 741//741 742//742 799//799
f 742//742 800//800 799//799
f 742//742 743//743 801//801
f 742//742 801//801 800//800
f 743//743 744//744 801//801
f 744//744 802//802 801//801
f 744//744 745//745 803//803
f 744//744 803//803 802//802
f 745//745 746//746 803//803
f 746//746 804//804 803//803
f 746//746 747//747 805//805
f 746//746 805//805 804//804
f 747//747 748//748 805//805
f 748//748 806//806 805//805
f 748//748 749//749 807//807
f 748//748 807//807 806//806
f 749//749 750//750 807//807
f 750//750 808//808 807//807
f 750//750 751//751 809//809
f 750//750 809//809 808//808
f 751//751 752//752 809//809
f 753//753 811//811 810//810
f 753//753 754//754 812//812
f 753//753 812//812 811//811
f 754//754 755//755 812//812
f 755//755 813//813 812//812
f 755//755 756//756 814//814
f 755//755 814//814 813//813
f 756//756 757//757 814//814
f 757//757 815//815 814//814
f 757//757 758//758 816//816
f 757//757 816//816 815//815
f 758//758 759//759 816//816
f 759//759 817//817 816//816
f 759//759 760//760 818//818
f 759//759 818//818 817//817
f 760//760 761//761 818//818
f 761//761 819//819 818//818
f 761//761 762//762 820//820
f 761//761 820//820 819//819
f 762//762 763//763 820//820
f 763//763 821//821 820//820
f 763//763 764//764 822//822
f 763//763 822//822 821//821
f 764//764 765//765 822//822
f 765//765 823//823 822//822
f 765//765 766//766 824//824
f 765//765 824//824 823//823
f 766//766 767//767 824//824
f 767//767 825//825 824//824
f 767//767 768//768 826//826
f 767//767 826//826 825//825
f 768//768 769//769 826//826
f 769//769 827//827 826//826
f 769//769 770//770 828//828
f 769//769 828//828 827//827
f 770//770 771//771 828//828
f 771//771 829//829 828//828
f 771//771 772//772 830//830
f 771//771 830//830 829//829
f 772//772 773//773 830//830
f 773//773 831//831 830//830
f 773//773 774//774 832//832
f 773//773 832//832 831//831
f 774//774 775//775 832//832
f 775//775 833//833 832//832
f 775//775 776//776 834//834
f 775//775 834//834 833//833
f 776//776 777//777 834//834
f 777//777 835//835 834//834
f 777//777 778//778 836//836
f 777//777 836//836 835//835
f 778//778 779//779 836//836
f 779//779 837//837 836//836
f 779//779 780//780 838//838
f 779//779 838//838 837//837
f 780//780 781//781 838//838
f 781//781 839//839 838//838
f 781//781 782//782 840//840
f 781//781 840//840 839//839
f 782//782 783//783 840//840
f 783//783 841//841 840//840
f 783//783 784//784 842//842
f 783//783 842//842 841//841
f 784//784 785//785 842//842
f 785//785 843//843 842//842
f 785//785 786//786 844//844
f 785//785 844//844 843//843
f 786//786 787//787 844//844
f 787//787 845//845 844//844
f 787//787 788//788 846//846
f 787//787 846//846 845//845
f 788//788 789//789 846//846
f 789//789 847//847 846//846
f 789//789 790//790 848//848
f 789//789 848//848 847//847
f 790//790 791//791 848//848
f 791//791 849//849 848//848
f 791//791 792//792 850//850
f 791//791 850//850 849//849
f 792//792 793//793 850//850
f 793//793 851//851 850//850
f 793//793 794//794 852//852
f 793//793 852//852 851//851
f 794//794 795//795 852//852
f 795//795 853//853 852//852
f 795//795 796//796 854//854
f 795//795 854//854 853//853
f 796//796 797//797 854//854
f 797//797 855//855 854//854
f 797//797 798//798 856//856
f 797//797 856//856 855//855
f 798//798 799//799 856//856
f 799//799 857//857 856//856
f 799//799 800//800 858//858
f 799//799 858//858 857//857
f 800//800 801//801 858//858
f 801//801 859//859 858//858
f 801//801 802//802 860//860
f 801//801 860//860 859//859
f 802//802 803//803 860//860
f 803//803 861//861 860//860
f 803//803 804//804 862//862
f 803//803 862//862 861//861
f 804//804 805//805 862//862
f 805//805 863//863 862//862
f 805//805 806//806 864//864
f 805//805 864//864 863//863
f 806//806 807//807 864//864
f 807//807 865//865 864//864
f 807//807 808//808 866//866
f 807//807 866//866 865//865
f 808//808 809//809 866//866
f 809//809 867//867 866//866
f 809//809 868//868 867//867
f 810//810 811//811 870//870
f 810//810 870//870 869//869
f 811//811 812//812 870//870
f 812//812 871//871 870//870
f 812//812 813//813 872//872
f 812//812 872//872 871//871
f 813//813 814//814 872//872
f 814//814 873//873 872//872
f 814//814 815//815 874//874
f 814//814 874//874 873//873
f 815//815 816//816 874//874
f 816//816 875//875 874//874
f 816//816 817//817 876//876
f 816//816 876//876 875//875
f 817//817 818//818 876//876
f 818//818 877//877 876//876
f 818//818 819//819 878//878
f 818//818 878//878 877//877
f 819//819 820//820 878//878
f 820//820 879//879 878//878
f 820//820 821//821 880//880
f 820//820 880//880 879//879
f 821//821 822//822 880//880
f 822//822 881//881 880//880
f 822//822 823//823 882//882
f 822//822 882//882 881//881
f 823//823 824//824 882//882
f 824//824 883//883 882//882
f 824//824 825//825 884//884
f 824//824 884//884 883//883
f 825//825 826//826 884//884
f 826//826 885//885 884//884
f 826//826 827//827 886//886
f 826//826 886//886 885//885
f 827//827 828//828 886//886
f 828//828 887//887 886//886
f 828//828 829//829 888//888
f 828//828 888//888 887//887
f 829//829 830//830 888//888
f 830//830 889//889 888//888
f 830//830 831//831 890//890
f 830//830 890//890 889//889
f 831//831 832//832 890//890
f 832//832 891//891 890//890
f 832//832 833//833 892//892
f 832//832 892//892 891//891
f 833//833 834//834 892//892
f 834//834 893//893 892//892
f 834//834 835//835 894//894
f 834//834 894//894 893//893
f 835//835 836//836 894//894
f 836//836 895//895 894//894
f 836//836 837//837 896//896
f 836//836 896//896 895//895
f 837//837 838//838 896//896
f 838//838 897//897 896//896
f 838//838 839//839 898//898
f 838//838 898//898 897//897
f 839//839 840//840 898//898
f 840//840 899//899 898//898
f 840//840 841//841 900//900
f 840//840 900//900 899//899
f 841//841 842//842 900//900
f 842//842 901//901 900//900
f 842//842 843//843 902//902
f 842//842 902//902 901//901
f 843//843 844//844 902//902
f 844//844 903//903 902//902
f 844//844 845//845 904//904
f 844//844 904//904 903//903
f 845//845 846//846 904//904
f 846//846 905//905 904//904
f 846//846 847//847 906//906
f 846//846 906//906 905//905
f 847//847 848//848 906//906
f 848//848 907//907 906//906
f 848//848 849//849 908//908
f 848//848 908//908 907//907
f 849//849 850//850 908//908
f 850//850 909//909 908//908
f 850//850 851//851 910//910
f 850//850 910//910 909//909
f 851//851 852//852 910//910
f 852//852 911//911 910//910
f 852//852 853//853 912//912
f 852//852 912//912 911//911
f 853//853 854//854 912//912
f 854//854 913//913 912//912
f 854//854 855//855 914//914
f 854//854 914//914 913//913
f 855//855 856//856 914//914
f 856//856 915//915 914//914
f 856//856 857//857 916//916
f 856//856 916//916 915//915
f 857//857 858//858 916//916
f 858//858 917//917 916//916
f 858//858 859//859 918//918
f 858//858 918//918 917//917
f 859//859 860//860 918//918
f 860//860 919//919 918//918
f 860//860 861//861 920//920
f 860//860 920//920 919//919
f 861//861 862//862 920//920
f 862//862 921//921 920//920
f 862//862 863//863 922//922
f 862//862 922//922 921//921
f 863//863 864//864 922//922
f 864//864 923//923 922//922
f 864//864 865//865 924//924
f 864//864 924//924 923//923
f 865//865 866//866 924//924
f 866//866 925//925 924//924
f 866//866 867//867 926//926
f 866//866 926//926 925//925
f 867//867 868//868 926//926
f 868//868 927//927 926//926
f 869//869 870//870 928//928
f 870//870 929//929 928//928
f 870//870 871//871 930//930
f 870//870 930//930 929//929
f 871//871 872//872 930//930
f 872//872 931//931 930//930
f 872//872 873//873 932//932
f 872//872 932//932 931//931
f 873//873 874//874 932//932
f 874//874 933//933 932//932
f 874//874 875//875 934//934
f 874//874 934//934 933//933
f 875//875 876//876 934//934
f 876//876 935//935 934//934
f 876//876 877//877 936//936
f 876//876 936//936 935//935
f 877//877 878//878 936//936
f 878//878 937//937 936//936
f 878//878 879//879 938//938
f 878//878 938//938 937//937
f 879//879 880//880 938//938
f 880//880 939//939 938//938
f 880//880 881//881 940//940
f 880//880 940//940 939//939
f 881//881 882//882 940//940
f 882//882 941//941 940//940
f 882//882 883//883 942//942
f 882//882 942//942 941//941
f 883//883 884//884 942//942
f 884//884 943//943 942//942
f 884//884 885//885 944//944
f 884//884 944//944 943//943
f 885//885 886//886 944//944
f 886//886 945//945 944//944
f 886//886 887//887 946//946
f 886//886 946//946 945//945
f 887//887 888//888 946//946
f 888//888 947//947 946//946
f 888//888 889//889 948//948
f 888//888 948//948 947//947
f 889//889 890//890 948//948
f 890//890 949//949 948//948
f 890//890 891//891 950//950
f 890//890 950//950 949//949
f 891//891 892//892 950//950
f 892//892 951//951 950//950
f 892//892 893//893 952//952
f 892//892 952//952 951//951
f 893//893 894//894 952//952
f 894//894 953//953 952//952
f 894//894 895//895 954//954
f 894//894 954//954 953//953
f 895//895 896//896 954//954
f 896//896 955//955 954//954
f 896//896 897//897 956//956
f 896//896 956//956 955//955
f 897//897 898//898 956//956
f 898//898 957//957 956//956
f 898//898 899//899 958//958
f 898//898 958//958 957//957
f 899//899 900//900 958//958
f 900//900 959//959 958//958
f 900//900 901//901 960//960
f 900//900 960//960 959//959
f 901//901 902//902 960//960
f 902//902 961//961 960//960
f 902//902 903//903 962//962
f 902//902 962//962 961//961
f 903//903 904//904 962//962
f 904//904 963//963 962//962
f 904//904 905//905 964//964
f 904//904 964//964 963//963
f 905//905 906//906 964//964
f 906//906 965//965 964//964
f 906//906 907//907 966//966
f 906//906 966//966 965//965
f 907//907 908//908 966//966
f 908//908 967//967 966//966
f 908//908 909//909 968//968
f 908//908 968//968 967//967
f 909//909 910//910 968//968
f 910//910 969//969 968//968
f 910//910 911//911 970//970
f 910//910 970//970 969//969
f 911//911 912//912 970//970
f 912//912 971//971 970//970
f 912//912 913//913 972//972
f 912//912 972//972 971//971
f 913//913 914//914 972//972
f 914//914 973//973 972//972
f 914//914 915//915 974//974
f 914//914 974//974 973//973
f 915//915 916//916 974//974
f 916//916 975//975 974//974
f 916//916 917//917 976//976
f 916//916 976//976 975//975
f 917//917 918//918 976//976
f 918//918 977//977 976//976
f 918//918 919//919 978//978
f 918//918 978//978 977//977
f 919//919 920//920 978//978
f 920//920 979//979 978//978
f 920//920 921//921 980//980
f 920//920 980//980 979//979
f 921//921 922//922 980//980
f 922//922 981//981 980//980
f 922//922 923//923 982//982
f 922//922 982//982 981//981
f 923//923 924//924 982//982
f 924//924 983//983 982//982
f 924//924 925//925 984//984
f 924//924 984//984 983//983
f 925//925 926//926 984//984
f 926//926 985//985 984//984
f 926//926 927//927 986//986
f 926//926 986//986 985//985
f 928//928 988//988 987//987
f 928//928 929//929 989//989
f 928//928 989//989 988//988
f 929//929 930//930 989//989
f 930//930 990//990 989//989
f 930//930 931//931 991//991
f 930//930 991//991 990//990
f 931//931 932//932 991//991
f 932//932 992//992 991//991
f 932//932 933//933 993//993
f 932//932 993//993 992//992
f 933//933 934//934 993//993
f 934//934 994//994 993//993
f 934//934 935//935 995//995
f 934//934 995//995 994//994
f 935//935 936//936 995//995
f 936//936 996//996 995//995
f 936//936 937//937 997//997
f 936//936 997//997 996//996
f 937//937 938//938 997//997
f 938//938 998//998 997//997
f 938//938 939//939 999//999
f 938//938 999//999 998//998
f 939//939 940//940 999//999
f 940//940 1000//1000 999//999
f 940//940 941//941 1001//1001
f 940//940 1001//1001 1000//1000
f 941//941 942//942 1001//1001
f 942//942 1002//1002 1001//1001
f 942//942 943//943 1003//1003
f 942//942 1003//1003 1002//1002
f 943//943 944//944 1003//1003
f 944//944 1004//1004 1003//1003
f 944//944 945//945 1005//1005
f 944//944 1005//1005 1004//1004
f 945//945 946//946 1005//1005
f 946//946 1006//1006 1005//1005
f 946//946 947//947 1007//1007
f 946//946 1007//1007 1006//1006
f 947//947 948//948 1007//1007
f 948//948 1008//1008 1007//1007
f 948//948 949//949 1009//1009
f 948//948 1009//1009 1008//1008
f 949//949 950//950 1009//1009
f 950//950 1010//1010 1009//1009
f 950//950 951//951 1011//1011
f 950//950 1011//1011 1010//1010
f 951//951 952//952 1011//1011
f 952//952 1012//1012 1011//1011
f 952//952 953//953 1013//1013
f 952//952 1013//1013 1012//1012
f 953//953 954//954 1013//1013
f 954//954 1014//1014 1013//1013
f 954//954 955//955 1015//1015
f 954//954 1015//1015 1014//1014
f 955//955 956//956 1015//1015
f 956//956 1016//1016 1015//1015
f 956//956 957//957 1017//1017
f 956//956 1017//1017 1016//1016
f 957//957 958//958 1017//1017
f 958//958 1018//1018 1017//1017
f 958//958 959//959 1019//1019
f 958//958 1019//1019 1018//1018
f 959//959 960//960 1019//1019
f 960//960 1020//1020 1019//1019
f 960//960 961//961 1021//1021
f 960//960 1021//1021 1020//1020
f 961//961 962//962 1021//1021
f 962//962 1022//1022 1021//1021
f 962//962 963//963 1023//1023
f 962//962 1023//1023 1022//1022
f 963//963 964//964 1023//1023
f 964//964 1024//1024 1023//1023
f 964//964 965//965 1025//1025
f 964//964 1025//1025 1024//1024
f 965//965 966//966 1025//1025
f 966//966 1026//1026 1025//1025
f 966//966 967//967 1027//1027
f 966//966 1027//1027 1026//1026
f 967//967 968//968 1027//1027
f 968//968 1028//1028 1027//1027
f 968//968 969//969 1029//1029
f 968//968 1029//1029 1028//1028
f 969//969 970//970 1029//1029
f 972//972 973//973 1030//1030
f 973//973 974//974 1030//1030
f 974//974 1031//1031 1030//1030
f 974//974 975//975 1032//1032
f 974//974 1032//1032 1031//1031
f 975//975 976//976 1032//1032
f 976//976 1033//1033 1032//1032
f 976//976 977//977 1034//1034
f 976//976 1034//1034 1033//1033
f 977//977 978//978 1034//1034
f 978//978 1035//1035 1034//1034
f 978//978 979//979 1036//1036
f 978//978 1036//1036 1035//1035
f 979//979 980//980 1036//1036
f 980//980 1037//1037 1036//1036
f 980//980 981//981 1038//1038
f 980//980 1038//1038 1037//1037
f 981//981 982//982 1038//1038
f 982//982 1039//1039 1038//1038
f 982//982 983//983 1040//1040
f 982//982 1040//1040 1039//1039
f 983//983 984//984 1040//1040
f 984//984 1041//1041 1040//1040
f 984//984 985//985 1042//1042
f 984//984 1042//1042 1041//1041
f 985//985 986//986 1042//1042
f 986//986 1043//1043 1042//1042
f 987//987 1045//1045 1044//1044
f 987//987 988//988 1046//1046
f 987//987 1046//1046 1045//1045
f 988//988 989//989 1046//1046
f 989//989 1047//1047 1046//1046
f 989//989 990//990 1048//1048
f 989//989 1048//1048 1047//1047
f 990//990 991//991 1048//1048
f 991//991 1049//1049 1048//1048
f 991//991 992//992 1050//1050
f 991//991 1050//1050 1049//1049
f 992//992 993//993 1050//1050
f 993//993 1051//1051 1050//1050
f 993//993 994//994 1052//1052
f 993//993 1052//1052 1051//1051
f 994//994 995//995 1052//1052
f 995//995 1053//1053 1052//1052
f 995//995 996//996 1054//1054
f 995//995 1054//1054 1053//1053
f 996//996 997//997 1054//1054
f 997//997 1055//1055 1054//1054
f 997//997 998//998 1056//1056
f 997//997 1056//1056 1055//1055
f 998//998 999//999 1056//1056
f 999//999 1057//1057 1056//1056
f 999//999 1000//1000 1058//1058
f 999//999 1058//1058 1057//1057
f 1000//1000 1001//1001 1058//1058
f 1001//1001 1059//1059 1058//1058
f 1001//1001 1002//1002 1060//1060
f 1001//1001 1060//1060 1059//1059
f 1002//1002 1003//1003 1060//1060
f 1003//1003 1061//1061 1060//1060
f 1003//1003 1004//1004 1062//1062
f 1003//1003 1062//1062 1061//1061
f 1004//1004 1005//1005 1062//1062
f 1005//1005 1063//1063 1062//1062
f 1005//1005 1006//1006 1064//1064
f 1005//1005 1064//1064 1063//1063
f 1006//1006 1007//1007 1064//1064
f 1007//1007 1065//1065 1064//1064
f 1007//1007 1008//1008 1066//1066
f 1007//1007 1066//1066 1065//1065
f 1008//1008 1009//1009 1066//1066
f 1009//1009 1067//1067 1066//1066
f 1009//1009 1010//1010 1068//1068
f 1009//1009 1068//1068 1067//1067
f 1010//1010 1011//1011 1068//1068
f 1011//1011 1069//1069 1068//1068
f 1011//1011 1012//1012 1070//1070
f 1011//1011 1070//1070 1069//1069
f 1012//1012 1013//1013 1070//1070
f 1013//1013 1071//1071 1070//1070
f 1013//1013 1014//1014 1072//1072
f 1013//1013 1072//1072 1071//1071
f 1014//1014 1015//1015 1072//1072
f 1015//1015 1073//1073 1072//1072
f 1015//1015 1016//1016 1074//1074
f 1015//1015 1074//1074 1073//1073
f 1016//1016 1017//1017 1074//1074
f 1017//1017 1075//1075 1074//1074
f 1017//1017 1018//1018 1076//1076
f 1017//1017 1076//1076 1075//1075
f 1018//1018 1019//1019 1076//1076
f 1019//1019 1077//1077 1076//1076
f 1019//1019 1020//1020 1078//1078
f 1019//1019 1078//1078 1077//1077
f 1020//1020 1021//1021 1078//1078
f 1021//1021 1079//1079 1078//1078
f 1021//1021 1022//1022 1080//1080
f 1021//1021 1080//1080 1079//1079
f 1022//1022 1023//1023 1080//1080
f 1023//1023 1081//1081 1080//1080
f 1023//1023 1024//1024 1082//1082
f 1023//1023 1082//1082 1081//1081
f 1024//1024 1025//1025 1082//1082
f 1025//1025 1083//1083 1082//1082
f 1025//1025 1026//1026 1084//1084
f 1025//1025 1084//1084 1083//1083
f 1026//1026 1027//1027 1084//1084
f 1027//1027 1085//1085 1084//1084
f 1027//1027 1028//1028 1086//1086
f 1027//1027 1086//1086 1085//1085
f 1028//1028 1029//1029 1086//1086
f 1030//1030 1031//1031 1087//1087
f 1031//1031 1032//1032 1087//1087
f 1032//1032 1088//1088 1087//1087
f 1032//1032 1033//1033 1089//1089
f 1032//1032 1089//1089 1088//1088
f 1033//1033 1034//1034 1089//1089
f 1034//1034 1090//1090 1089//1089
f 1034//1034 1035//1035 1091//1091
f 1034//1034 1091//1091 1090//1090
f 1035//1035 1036//1036 1091//1091
f 1036//1036 1092//1092 1091//1091
f 1036//1036 1037//1037 1093//1093
f 1036//1036 1093//1093 1092//1092
f 1037//1037 1038//1038 1093//1093
f 1038//1038 1094//1094 1093//1093
f 1038//1038 1039//1039 1095//1095
f 1038//1038 1095//1095 1094//1094
f 1039//1039 1040//1040 1095//1095
f 1040//1040 1096//1096 1095//1095
f 1040//1040 1041//1041 1097//1097
f 1040//1040 1097//1097 1096//1096
f 1041//1041 1042//1042 1097//1097
f 1042//1042 1098//1098 1097//1097
f 1042//1042 1043//1043 1099//1099
f 1042//1042 1099//1099 1098//1098
f 1044//1044 1045//1045 1100//1100
f 1045//1045 1046//1046 1100//1100
f 1046//1046 1101//1101 1100//1100
f 1046//1046 1047//1047 1102//1102
f 1046//1046 1102//1102 1101//1101
f 1047//1047 1048//1048 1102//1102
f 1048//1048 1103//1103 1102//1102
f 1048//1048 1049//1049 1104//1104
f 1048//1048 1104//1104 1103//1103
f 1049//1049 1050//1050 1104//1104
f 1050//1050 1105//1105 1104//1104
f 1050//1050 1051//1051 1106//1106
f 1050//1050 1106//1106 1105//1105
f 1051//1051 1052//1052 1106//1106
f 1052//1052 1107//1107 1106//1106
f 1052//1052 1053//1053 1108//1108
f 1052//1052 1108//1108 1107//1107
f 1053//1053 1054//1054 1108//1108
f 1054//1054 1109//1109 1108//1108
f 1054//1054 1055//1055 1110//1110
f 1054//1054 1110//1110 1109//1109
f 1055//1055 1056//1056 1110//1110
f 1056//1056 1111//1111 1110//1110
f 1056//1056 1057//1057 1112//1112
f 1056//1056 1112//1112 1111//1111
f 1057//1057 1058//1058 1112//1112
f 1058//1058 1113//1113 1112//1112
f 1058//1058 1059//1059 1114//1114
f 1058//1058 1114//1114 1113//1113
f 1059//1059 1060//1060 1114//1114
f 1060//1060 1115//1115 1114//1114
f 1060//1060 1061//1061 1116//1116
f 1060//1060 1116//1116 1115//1115
f 1061//1061 1062//1062 1116//1116
f 1062//1062 1117//1117 1116//1116
f 1062//1062 1063//1063 1118//1118
f 1062//1062 1118//1118 1117//1117
f 1063//1063 1064//1064 1118//1118
f 1064//1064 1119//1119 1118//1118
f 1064//1064 1065//1065 1120//1120
f 1064//1064 1120//1120 1119//1119
f 1065//1065 1066//1066 1120//1120
f 1066//1066 1121//1121 1120//1120
f 1066//1066 1067//1067 1122//1122
f 1066//1066 1122//1122 1121//1121
f 1067//1067 1068//1068 1122//1122
f 1068//1068 1123//1123 1122//1122
f 1068//1068 1069//1069 1124//1124
f 1068//1068 1124//1124 1123//1123
f 1069//1069 1070//1070 1124//1124
f 1070//1070 1125//1125 1124//1124
f 1070//1070 1071//1071 1126//1126
f 1070//1070 1126//1126 1125//1125
f 1071//1071 1072//1072 1126//1126
f 1072//1072 1127//1127 1126//1126
f 1072//1072 1073//1073 1128//1128
f 1072//1072 1128//1128 1127//1127
f 1073//1073 1074//1074 1128//1128
f 1074//1074 1129//1129 1128//1128
f 1074//1074 1075//1075 1130//1130
f 1074//1074 1130//1130 1129//1129
f 1075//1075 1076//1076 1130//1130
f 1076//1076 1131//1131 1130//1130
f 1076//1076 1077//1077 1132//1132
f 1076//1076 1132//1132 1131//1131
f 1077//1077 1078//1078 1132//1132
f 1078//1078 1133//1133 1132//1132
f 1078//1078 1079//1079 1134//1134
f 1078//1078 1134//1134 1133//1133
f 1079//1079 1080//1080 1134//1134
f 1080//1080 1135//1135 1134//1134
f 1080//1080 1081//1081 1136//1136
f 1080//1080 1136//1136 1135//1135
f 1081//1081 1082//1082 1136//1136
f 1082//1082 1137//1137 1136//1136
f 1082//1082 1083//1083 1138//1138
f 1082//1082 1138//1138 1137//1137
f 1083//1083 1084//1084 1138//1138
f 1084//1084 1139//1139 1138//1138
f 1084//1084 1085//1085 1140//1140
f 1084//1084 1140//1140 1139//1139
f 1085//1085 1086//1086 1140//1140
f 1086//1086 1141//1141 1140//1140
f 1087//1087 1088//1088 1143//1143
f 1087//1087 1143//1143 1142//1142
f 1088//1088 1089//1089 1143//1143
f 1089//1089 1144//1144 1143//1143
f 1089//1089 1090//1090 1145//1145
f 1089//1089 1145//1145 1144//1144
f 1090//1090 1091//1091 1145//1145
f 1091//1091 1146//1146 1145//1145
f 1091//1091 1092//1092 1147//1147
f 1091//1091 1147//1147 1146//1146
f 1092//1092 1093//1093 1147//1147
f 1093//1093 1148//1148 1147//1147
f 1093//1093 1094//1094 1149//1149
f 1093//1093 1149//1149 1148//1148
f 1094//1094 1095//1095 1149//1149
f 1095//1095 1150//1150 1149//1149
f 1095//1095 1096//1096 1151//1151
f 1095//1095 1151//1151 1150//1150
f 1096//1096 1097//1097 1151//1151
f 1097//1097 1152//1152 1151//1151
f 1097//1097 1098//1098 1153//1153
f 1097//1097 1153//1153 1152//1152
f 1098//1098 1099//1099 1153//1153
f 1099//1099 1154//1154 1153//1153
f 1100//1100 1101//1101 1156//1156
f 1100//1100 1156//1156 1155//1155
f 1101//1101 1102//1102 1156//1156
f 1102//1102 1157//1157 1156//1156
f 1102//1102 1103//1103 1158//1158
f 1102//1102 1158//1158 1157//1157
f 1103//1103 1104//1104 1158//1158
f 1104//1104 1159//1159 1158//1158
f 1104//1104 1105//1105 1160//1160
f 1104//1104 1160//1160 1159//1159
f 1105//1105 1106//1106 1160//1160
f 1106//1106 1161//1161 1160//1160
f 1106//1106 1107//1107 1162//1162
f 1106//1106 1162//1162 1161//1161
f 1107//1107 1108//1108 1162//1162
f 1108//1108 1163//1163 1162//1162
f 1108//1108 1109//1109 1164//1164
f 1108//1108 1164//1164 1163//1163
f 1109//1109 1110//1110 1164//1164
f 1110//1110 1165//1165 1164//1164
f 1110//1110 1111//1111 1166//1166
f 1110//1110 1166//1166 1165//1165
f 1111//1111 1112//1112 1166//1166
f 1112//1112 1167//1167 1166//1166
f 1112//1112 1113//1113 1168//1168
f 1112//1112 1168//1168 1167//1167
f 1113//1113 1114//1114 1168//1168
f 1114//1114 1169//1169 1168//1168
f 1114//1114 1115//1115 1170//1170
f 1114//1114 1170//1170 1169//1169
f 1115//1115 1116//1116 1170//1170
f 1116//1116 1171//1171 1170//1170
f 1116//1116 1117//1117 1172//1172
f 1116//1116 1172//1172 1171//1171
f 1117//1117 1118//1118 1172//1172
f 1118//1118 1173//1173 1172//1172
f 1118//1118 1119//1119 1174//1174
f 1118//1118 1174//1174 1173//1173
f 1119//1119 1120//1120 1174//1174
f 1120//1120 1175//1175 1174//1174
f 1120//1120 1121//1121 1176//1176
f 1120//1120 1176//1176 1175//1175
f 1121//1121 1122//1122 1176//1176
f 1122//1122 1177//1177 1176//1176
f 1122//1122 1123//1123 1178//1178
f 1122//1122 1178//1178 1177//1177
f 1123//1123 1124//1124 1178//1178
f 1124//1124 1179//1179 1178//1178
f 1124//1124 1125//1125 1180//1180
f 1124//1124 1180//1180 1179//1179
f 1125//1125 1126//1126 1180//1180
f 1126//1126 1181//1181 1180//1180
f 1126//1126 1127//1127 1182//1182
f 1126//1126 1182//1182 1181//1181
f 1127//1127 1128//1128 1182//1182
f 1128//1128 1183//1183 1182//1182
f 1128//1128 1129//1129 1184//1184
f 1128//1128 1184//1184 1183//1183
f 1129//1129 1130//1130 1184//1184
f 1130//1130 1185//1185 1184//1184
f 1130//1130 1131//1131 1186//1186
f 1130//1130 1186//1186 1185//1185
f 1131//1131 1132//1132 1186//1186
f 1132//1132 1187//1187 1186//1186
f 1132//1132 1133//1133 1188//1188
f 1132//1132 1188//1188 1187//1187
f 1133//1133 1134//1134 1188//1188
f 1134//1134 1189//1189 1188//1188
f 1134//1134 1135//1135 1190//1190
f 1134//1134 1190//1190 1189//1189
f 1135//1135 1136//1136 1190//1190
f 1136//1136 1191//1191 1190//1190
f 1136//1136 1137//1137 1192//1192
f 1136//1136 1192//1192 1191//1191
f 1137//1137 1138//1138 1192//1192
f 1138//1138 1193//1193 1192//1192
f 1138//1138 1139//1139 1194//1194
f 1138//1138 1194//1194 1193//1193
f 1139//1139 1140//1140 1194//1194
f 1140//1140 1195//1195 1194//1194
f 1140//1140 1141//1141 1196//1196
f 1140//1140 1196//1196 1195//1195
f 1142//1142 1143//1143 1197//1197
f 1143//1143 1198//1198 1197//1197
f 1143//1143 1144//1144 1199//1199
f 1143//1143 1199//1199 1198//1198
f 1144//1144 1145//1145 1199//1199
f 1145//1145 1200//1200 1199//1199
f 1145//1145 1146//1146 1201//1201
f 1145//1145 1201//1201 1200//1200
f 1146//1146 1147//1147 1201//1201
f 1147//1147 1202//1202 1201//1201
f 1147//1147 1148//1148 1203//1203
f 1147//1147 1203//1203 1202//1202
f 1148//1148 1149//1149 1203//1203
f 1149//1149 1204//1204 1203//1203
f 1149//1149 1150//1150 1205//1205
f 1149//1149 1205//1205 1204//1204
f 1150//1150 1151//1151 1205//1205
f 1151//1151 1206//1206 1205//1205
f 1151//1151 1152//1152 1207//1207
f 1151//1151 1207//1207 1206//1206
f 1152//1152 1153//1153 1207//1207
f 1153//1153 1208//1208 1207//1207
f 1153//1153 1154//1154 1209//1209
f 1153//1153 1209//1209 1208//1208
f 1155//1155 1156//1156 1210//1210
f 1156//1156 1211//1211 1210//1210
f 1156//1156 1157//1157 1212//1212
f 1156//1156 1212//1212 1211//1211
f 1157//1157 1158//1158 1212//1212
f 1158//1158 1213//1213 1212//1212
f 1158//1158 1159//1159 1214//1214
f 1158//1158 1214//1214 1213//1213
f 1159//1159 1160//1160 1214//1214
f 1160//1160 1215//1215 1214//1214
f 1160//1160 1161//1161 1216//1216
f 1160//1160 1216//1216 1215//1215
f 1161//1161 1162//1162 1216//1216
f 1162//1162 1217//1217 1216//1216
f 1162//1162 1163//1163 1218//1218
f 1162//1162 1218//1218 1217//1217
f 1163//1163 1164//1164 1218//1218
f 1164//1164 1219//1219 1218//1218
f 1164//1164 1165//1165 1220//1220
f 1164//1164 1220//1220 1219//1219
f 1165//1165 1166//1166 1220//1220
f 1166//1166 1221//1221 1220//1220
f 1166//1166 1167//1167 1222//1222
f 1166//1166 1222//1222 1221//1221
f 1167//1167 1168//1168 1222//1222
f 1168//1168 1223//1223 1222//1222
f 1168//1168 1169//1169 1224//1224
f 1168//1168 1224//1224 1223//1223
f 1169//1169 1170//1170 1224//1224
f 1170//1170 1225//1225 1224//1224
f 1170//1170 1171//1171 1226//1226
f 1170//1170 1226//1226 1225//1225
f 1171//1171 1172//1172 1226//1226
f 1172//1172 1227//1227 1226//1226
f 1172//1172 1173//1173 1228//1228
f 1172//1172 1228//1228 1227//1227
f 1173//1173 1174//1174 1228//1228
f 1174//1174 1229//1229 1228//1228
f 1174//1174 1175//1175 1230//1230
f 1174//1174 1230//1230 1229//1229
f 1175//1175 1176//1176 1230//1230
f 1176//1176 1231//1231 1230//1230
f 1176//1176 1177//1177 1232//1232
f 1176//1176 1232//1232 1231//1231
f 1177//1177 1178//1178 1232//1232
f 1178//1178 1233//1233 1232//1232
f 1178//1178 1179//1179 1234//1234
f 1178//1178 1234//1234 1233//1233
f 1179//1179 1180//1180 1234//1234
f 1180//1180 1235//1235 1234//1234
f 1180//1180 1181//1181 1236//1236
f 1180//1180 1236//1236 1235//1235
f 1181//1181 1182//1182 1236//1236
f 1182//1182 1237//1237 1236//1236
f 1182//1182 1183//1183 1238//1238
f 1182//1182 1238//1238 1237//1237
f 1183//1183 1184//1184 1238//1238
f 1184//1184 1239//1239 1238//1238
f 1184//1184 1185//1185 1240//1240
f 1184//1184 1240//1240 1239//1239
f 1185//1185 1186//1186 1240//1240
f 1186//1186 1241//1241 1240//1240
f 1186//1186 1187//1187 1242//1242
f 1186//1186 1242//1242 1241//1241
f 1187//1187 1188//1188 1242//1242
f 1188//1188 1243//1243 1242//1242
f 1188//1188 1189//1189 1244//1244
f 1188//1188 1244//1244 1243//1243
f 1189//1189 1190//1190 1244//1244
f 1190//1190 1245//1245 1244//1244
f 1190//1190 1191//1191 1246//1246
f 1190//1190 1246//1246 1245//1245
f 1191//1191 1192//1192 1246//1246
f 1192//1192 1247//1247 1246//1246
f 1192//1192 1193//1193 1248//1248
f 1192//1192 1248//1248 1247//1247
f 1193//1193 1194//1194 1248//1248
f 1194//1194 1249//1249 1248//1248
f 1194//1194 1195//1195 1250//1250
f 1194//1194 1250//1250 1249//1249
f 1195//1195 1196//1196 1250//1250
f 1196//1196 1251//1251 1250//1250
f 1197//1197 1198//1198 1253//1253
f 1197//1197 1253//1253 1252//1252
f 1198//1198 1199//1199 1253//1253
f 1199//1199 1254//1254 1253//1253
f 1199//1199 1200//1200 1255//1255
f 1199//1199 1255//1255 1254//1254
f 1200//1200 1201//1201 1255//1255
f 1201//1201 1256//1256 1255//1255
f 1201//1201 1202//1202 1257//1257
f 1201//1201 1257//1257 1256//1256
f 1202//1202 1203//1203 1257//1257
f 1203//1203 1258//1258 1257//1257
f 1203//1203 1204//1204 1259//1259
f 1203//1203 1259//1259 1258//1258
f 1204//1204 1205//1205 1259//1259
f 1205//1205 1260//1260 1259//1259
f 1205//1205 1206//1206 1261//1261
f 1205//1205 1261//1261 1260//1260
f 1206//1206 1207//1207 1261//1261
f 1207//1207 1262//1262 1261//1261
f 1207//1207 1208//1208 1263//1263
f 1207//1207 1263//1263 1262//1262
f 1208//1208 1209//1209 1263//1263
f 1209//1209 1264//1264 1263//1263
f 1211//1211 1212//1212 1265//1265
f 1212//1212 1266//1266 1265//1265
f 1212//1212 1213//1213 1267//1267
f 1212//1212 1267//1267 1266//1266
f 1213//1213 1214//1214 1267//1267
f 1214//1214 1268//1268 1267//1267
f 1214//1214 1215//1215 1269//1269
f 1214//1214 1269//1269 1268//1268
f 1215//1215 1216//1216 1269//1269
f 1216//1216 1270//1270 1269//1269
f 1216//1216 1217//1217 1271//1271
f 1216//1216 1271//1271 1270//1270
f 1217//1217 1218//1218 1271//1271
f 1218//1218 1272//1272 1271//1271
f 1218//1218 1219//1219 1273//1273
f 1218//1218 1273//1273 1272//1272
f 1219//1219 1220//1220 1273//1273
f 1220//1220 1274//1274 1273//1273
f 1220//1220 1221//1221 1275//1275
f 1220//1220 1275//1275 1274//1274
f 1221//1221 1222//1222 1275//1275
f 1222//1222 1276//1276 1275//1275
f 1222//1222 1223//1223 1277//1277
f 1222//1222 1277//1277 1276//1276
f 1223//1223 1224//1224 1277//1277
f 1224//1224 1278//1278 1277//1277
f 1224//1224 1225//1225 1279//1279
f 1224//1224 1279//1279 1278//1278
f 1225//1225 1226//1226 1279//1279
f 1226//1226 1280//1280 1279//1279
f 1226//1226 1227//1227 1281//1281
f 1226//1226 1281//1281 1280//1280
f 1227//1227 1228//1228 1281//1281
f 1228//1228 1282//1282 1281//1281
f 1228//1228 1229//1229 1283//1283
f 1228//1228 1283//1283 1282//1282
f 1229//1229 1230//1230 1283//1283
f 1230//1230 1284//1284 1283//1283
f 1230//1230 1231//1231 1285//1285
f 1230//1230 1285//1285 1284//1284
f 1231//1231 1232//1232 1285//1285
f 1232//1232 1286//1286 1285//1285
f 1232//1232 1233//1233 1287//1287
f 1232//1232 1287//1287 1286//1286
f 1233//1233 1234//1234 1287//1287
f 1234//1234 1288//1288 1287//1287
f 1234//1234 1235//1235 1289//1289
f 1234//1234 1289//1289 1288//1288
f 1235//1235 1236//1236 1289//1289
f 1236//1236 1290//1290 1289//1289
f 1236//1236 1237//1237 1291//1291
f 1236//1236 1291//1291 1290//1290
f 1237//1237 1238//1238 1291//1291
f 1238//1238 1292//1292 1291//1291
f 1238//1238 1239//1239 1293//1293
f 1238//1238 1293//1293 1292//1292
f 1239//1239 1240//1240 1293//1293
f 1240//1240 1294//1294 1293//1293
f 1240//1240 1241//1241 1295//1295
f 1240//1240 1295//1295 1294//1294
f 1241//1241 1242//1242 1295//1295
f 1242//1242 1296//1296 1295//1295
f 1242//1242 1243//1243 1297//1297
f 1242//1242 1297//1297 1296//1296
f 1243//1243 1244//1244 1297//1297
f 1244//1244 1298//1298 1297//1297
f 1244//1244 1245//1245 1299//1299
f 1244//1244 1299//1299 1298//1298
f 1245//1245 1246//1246 1299//1299
f 1246//1246 1300//1300 1299//1299
f 1246//1246 1247//1247 1301//1301
f 1246//1246 1301//1301 1300//1300
f 1247//1247 1248//1248 1301//1301
f 1248//1248 1302//1302 1301//1301
f 1248//1248 1249//1249 1303//1303
f 1248//1248 1303//1303 1302//1302
f 1249//1249 1250//1250 1303//1303
f 1250//1250 1304//1304 1303//1303
f 1250//1250 1251//1251 1305//1305
f 1250//1250 1305//1305 1304//1304
f 1252//1252 1253//1253 1306//1306
f 1253//1253 1307//1307 1306//1306
f 1253//1253 1254//1254 1308//1308
f 1253//1253 1308//1308 1307//1307
f 1254//1254 1255//1255 1308//1308
f 1255//1255 1309//1309 1308//1308
f 1255//1255 1256//1256 1310//1310
f 1255//1255 1310//1310 1309//1309
f 1256//1256 1257//1257 1310//1310
f 1257//1257 1311//1311 1310//1310
f 1257//1257 1258//1258 1312//1312
f 1257//1257 1312//1312 1311//1311
f 1258//1258 1259//1259 1312//1312
f 1259//1259 1313//1313 1312//1312
f 1259//1259 1260//1260 1314//1314
f 1259//1259 1314//1314 1313//1313
f 1260//1260 1261//1261 1314//1314
f 1261//1261 1315//1315 1314//1314
f 1261//1261 1262//1262 1316//1316
f 1261//1261 1316//1316 1315//1315
f 1262//1262 1263//1263 1316//1316
f 1263//1263 1317//1317 1316//1316
f 1263//1263 1264//1264 1318//1318
f 1263//1263 1318//1318 1317//1317
f 1265//1265 1266//1266 1319//1319
f 1266//1266 1267//1267 1319//1319
f 1267//1267 1320//1320 1319//1319
f 1267//1267 1268//1268 1321//1321
f 1267//1267 1321//1321 1320//1320
f 1268//1268 1269//1269 1321//1321
f 1269//1269 1322//1322 1321//1321
f 1269//1269 1270//1270 1323//1323
f 1269//1269 1323//1323 1322//1322
f 1270//1270 1271//1271 1323//1323
f 1271//1271 1324//1324 1323//1323
f 1271//1271 1272//1272 1325//1325
f 1271//1271 1325//1325 1324//1324
f 1272//1272 1273//1273 1325//1325
f 1273//1273 1326//1326 1325//1325
f 1273//1273 1274//1274 1327//1327
f 1273//1273 1327//1327 1326//1326
f 1274//1274 1275//1275 1327//1327
f 1275//1275 1328//1328 1327//1327
f 1275//1275 1276//1276 1329//1329
f 1275//1275 1329//1329 1328//1328
f 1276//1276 1277//1277 1329//1329
f 1277//1277 1330//1330 1329//1329
f 1277//1277 1278//1278 1331//1331
f 1277//1277 1331//1331 1330//1330
f 1278//1278 1279//1279 1331//1331
f 1279//1279 1332//1332 1331//1331
f 1279//1279 1280//1280 1333//1333
f 1279//1279 1333//1333 1332//1332
f 1280//1280 1281//1281 1333//1333
f 1281//1281 1334//1334 1333//1333
f 1281//1281 1282//1282 1335//1335
f 1281//1281 1335//1335 1334//1334
f 1282//1282 1283//1283 1335//1335
f 1283//1283 1336//1336 1335//1335
f 1283//1283 1284//1284 1337//1337
f 1283//1283 1337//1337 1336//1336
f 1284//1284 1285//1285 1337//1337
f 1285//1285 1338//1338 1337//1337
f 1285//1285 1286//1286 1339//1339
f 1285//1285 1339//1339 1338//1338
f 1286//1286 1287//1287 1339//1339
f 1287//1287 1340//1340 1339//1339
f 1287//1287 1288//1288 1341//1341
f 1287//1287 1341//1341 1340//1340
f 1288//1288 1289//1289 1341//1341
f 1289//1289 1342//1342 1341//1341
f 1289//1289 1290//1290 1343//1343
f 1289//1289 1343//1343 1342//1342
f 1290//1290 1291//1291 1343//1343
f 1291//1291 1344//1344 1343//1343
f 1291//1291 1292//1292 1345//1345
f 1291//1291 1345//1345 1344//1344
f 1292//1292 1293//1293 1345//1345
f 1293//1293 1346//1346 1345//1345
f 1293//1293 1294//1294 1347//1347
f 1293//1293 1347//1347 1346//1346
f 1294//1294 1295//1295 1347//1347
f 1295//1295 1348//1348 1347//1347
f 1295//1295 1296//1296 1349//1349
f 1295//1295 1349//1349 1348//1348
f 1296//1296 1297//1297 1349//1349
f 1297//1297 1350//1350 1349//1349
f 1297//1297 1298//1298 1351//1351
f 1297//1297 1351//1351 1350//1350
f 1298//1298 1299//1299 1351//1351
f 1299//1299 1352//1352 1351//1351
f 1299//1299 1300//1300 1353//1353
f 1299//1299 1353//1353 1352//1352
f 1300//1300 1301//1301 1353//1353
f 1301//1301 1354//1354 1353//1353
f 1301//1301 1302//1302 1355//1355
f 1301//1301 1355//1355 1354//1354
f 1302//1302 1303//1303 1355//1355
f 1303//1303 1356//1356 1355//1355
f 1303//1303 1304//1304 1357//1357
f 1303//1303 1357//1357 1356//1356
f 1304//1304 1305//1305 1357//1357
f 1305//1305 1358//1358 1357//1357
f 1306//1306 1307//1307 1360//1360
f 1306//1306 1360//1360 1359//1359
f 1307//1307 1308//1308 1360//1360
f 1308//1308 1361//1361 1360//1360
f 1308//1308 1309//1309 1362//1362
f 1308//1308 1362//1362 1361//1361
f 1309//1309 1310//1310 1362//1362
f 1310//1310 1363//1363 1362//1362
f 1310//1310 1311//1311 1364//1364
f 1310//1310 1364//1364 1363//1363
f 1311//1311 1312//1312 1364//1364
f 1312//1312 1365//1365 1364//1364
f 1312//1312 1313//1313 1366//1366
f 1312//1312 1366//1366 1365//1365
f 1313//1313 1314//1314 1366//1366
f 1314//1314 1367//1367 1366//1366
f 1314//1314 1315//1315 1368//1368
f 1314//1314 1368//1368 1367//1367
f 1315//1315 1316//1316 1368//1368
f 1316//1316 1369//1369 1368//1368
f 1316//1316 1317//1317 1370//1370
f 1316//1316 1370//1370 1369//1369
f 1317//1317 1318//1318 1370//1370
f 1318//1318 1371//1371 1370//1370
f 1319//1319 1320//1320 1373//1373
f 1319//1319 1373//1373 1372//1372
f 1320//1320 1321//1321 1373//1373
f 1321//1321 1374//1374 1373//1373
f 1321//1321 1322//1322 1375//1375
f 1321//1321 1375//1375 1374//1374
f 1322//1322 1323//1323 1375//1375
f 1323//1323 1376//1376 1375//1375
f 1323//1323 1324//1324 1377//1377
f 1323//1323 1377//1377 1376//1376
f 1324//1324 1325//1325 1377//1377
f 1325//1325 1378//1378 1377//1377
f 1325//1325 1326//1326 1379//1379
f 1325//1325 1379//1379 1378//1378
f 1326//1326 1327//1327 1379//1379
f 1327//1327 1380//1380 1379//1379
f 1327//1327 1328//1328 1381//1381
f 1327//1327 1381//1381 1380//1380
f 1328//1328 1329//1329 1381//1381
f 1329//1329 1382//1382 1381//1381
f 1329//1329 1330//1330 1383//1383
f 1329//1329 1383//1383 1382//1382
f 1330//1330 1331//1331 1383//1383
f 1331//1331 1384//1384 1383//1383
f 1331//1331 1332//1332 1385//1385
f 1331//1331 1385//1385 1384//1384
f 1332//1332 1333//1333 1385//1385
f 1333//1333 1386//1386 1385//1385
f 1333//1333 1334//1334 1387//1387
f 1333//1333 1387//1387 1386//1386
f 1334//1334 1335//1335 1387//1387
f 1335//1335 1388//1388 1387//1387
f 1335//1335 1336//1336 1389//1389
f 1335//1335 1389//1389 1388//1388
f 1336//1336 1337//1337 1389//1389
f 1337//1337 1390//1390 1389//1389
f 1337//1337 1338//1338 1391//1391
f 1337//1337 1391//1391 1390//1390
f 1338//1338 1339//1339 1391//1391
f 1339//1339 1392//1392 1391//1391
f 1339//1339 1340//1340 1393//1393
f 1339//1339 1393//1393 1392//1392
f 1340//1340 1341//1341 1393//1393
f 1341//1341 1394//1394 1393//1393
f 1341//1341 1342//1342 1395//1395
f 1341//1341 1395//1395 1394//1394
f 1342//1342 1343//1343 1395//1395
f 1343//1343 1396//1396 1395//1395
f 1343//1343 1344//1344 1397//1397
f 1343//1343 1397//1397 1396//1396
f 1344//1344 1345//1345 1397//1397
f 1345//1345 1398//1398 1397//1397
f 1345//1345 1346//1346 1399//1399
f 1345//1345 1399//1399 1398//1398
f 1346//1346 1347//1347 1399//1399
f 1347//1347 1400//1400 1399//1399
f 1347//1347 1348//1348 1401//1401
f 1347//1347 1401//1401 1400//1400
f 1348//1348 1349//1349 1401//1401
f 1349//1349 1402//1402 1401//1401
f 1349//1349 1350//1350 1403//1403
f 1349//1349 1403//1403 1402//1402
f 1350//1350 1351//1351 1403//1403
f 1351//1351 1404//1404 1403//1403
f 1351//1351 1352//1352 1405//1405
f 1351//1351 1405//1405 1404//1404
f 1352//1352 1353//1353 1405//1405
f 1353//1353 1406//1406 1405//1405
f 1353//1353 1354//1354 1407//1407
f 1353//1353 1407//1407 1406//1406
f 1354//1354 1355//1355 1407//1407
f 1355//1355 1408//1408 1407//1407
f 1355//1355 1356//1356 1409//1409
f 1355//1355 1409//1409 1408//1408
f 1356//1356 1357//1357 1409//1409
f 1357//1357 1410//1410 1409//1409
f 1357//1357 1358//1358 1411//1411
f 1357//1357 1411//1411 1410//1410
f 1359//1359 1360//1360 1417//1417
f 1360//1360 1418//1418 1417//1417
f 1360//1360 1361//1361 1419//1419
f 1360//1360 1419//1419 1418//1418
f 1361//1361 1362//1362 1419//1419
f 1362//1362 1420//1420 1419//1419
f 1362//1362 1363//1363 1421//1421
f 1362//1362 1421//1421 1420//1420
f 1363//1363 1364//1364 1421//1421
f 1364//1364 1422//1422 1421//1421
f 1364//1364 1365//1365 1423//1423
f 1364//1364 1423//1423 1422//1422
f 1365//1365 1366//1366 1423//1423
f 1366//1366 1424//1424 1423//1423
f 1366//1366 1367//1367 1425//1425
f 1366//1366 1425//1425 1424//1424
f 1367//1367 1368//1368 1425//1425
f 1368//1368 1426//1426 1425//1425
f 1368//1368 1369//1369 1427//1427
f 1368//1368 1427//1427 1426//1426
f 1369//1369 1370//1370 1427//1427
f 1370//1370 1428//1428 1427//1427
f 1370//1370 1371//1371 1429//1429
f 1370//1370 1429//1429 1428//1428
f 1372//1372 1373//1373 1430//1430
f 1373//1373 1431//1431 1430//1430
f 1373//1373 1374//1374 1432//1432
f 1373//1373 1432//1432 1431//1431
f 1374//1374 1375//1375 1432//1432
f 1375//1375 1433//1433 1432//1432
f 1375//1375 1376//1376 1434//1434
f 1375//1375 1434//1434 1433//1433
f 1376//1376 1377//1377 1434//1434
f 1377//1377 1435//1435 1434//1434
f 1377//1377 1378//1378 1436//1436
f 1377//1377 1436//1436 1435//1435
f 1378//1378 1379//1379 1436//1436
f 1379//1379 1437//1437 1436//1436
f 1379//1379 1380//1380 1438//1438
f 1379//1379 1438//1438 1437//1437
f 1380//1380 1381//1381 1438//1438
f 1381//1381 1439//1439 1438//1438
f 1381//1381 1382//1382 1440//1440
f 1381//1381 1440//1440 1439//1439
f 1382//1382 1383//1383 1440//1440
f 1383//1383 1441//1441 1440//1440
f 1383//1383 1384//1384 1442//1442
f 1383//1383 1442//1442 1441//1441
f 1384//1384 1385//1385 1442//1442
f 1385//1385 1443//1443 1442//1442
f 1385//1385 1386//1386 1444//1444
f 1385//1385 1444//1444 1443//1443
f 1386//1386 1387//1387 1444//1444
f 1387//1387 1445//1445 1444//1444
f 1387//1387 1388//1388 1446//1446
f 1387//1387 1446//1446 1445//1445
f 1388//1388 1389//1389 1446//1446
f 1389//1389 1447//1447 1446//1446
f 1389//1389 1390//1390 1448//1448
f 1389//1389 1448//1448 1447//1447
f 1390//1390 1391//1391 1448//1448
f 1391//1391 1449//1449 1448//1448
f 1391//1391 1392//1392 1450//1450
f 1391//1391 1450//1450 1449//1449
f 1392//1392 1393//1393 1450//1450
f 1393//1393 1451//1451 1450//1450
f 1393//1393 1394//1394 1452//1452
f 1393//1393 1452//1452 1451//1451
f 1394//1394 1395//1395 1452//1452
f 1395//1395 1453//1453 1452//1452
f 1395//1395 1396//1396 1454//1454
f 1395//1395 1454//1454 1453//1453
f 1396//1396 1397//1397 1454//1454
f 1397//1397 1455//1455 1454//1454
f 1397//1397 1398//1398 1456//1456
f 1397//1397 1456//1456 1455//1455
f 1398//1398 1399//1399 1456//1456
f 1399//1399 1457//1457 1456//1456
f 1399//1399 1400//1400 1458//1458
f 1399//1399 1458//1458 1457//1457
f 1400//1400 1401//1401 1458//1458
f 1401//1401 1459//1459 1458//1458
f 1401//1401 1402//1402 1460//1460
f 1401//1401 1460//1460 1459//1459
f 1402//1402 1403//1403 1460//1460
f 1403//1403 1461//1461 1460//1460
f 1403//1403 1404//1404 1462//1462
f 1403//1403 1462//1462 1461//1461
f 1404//1404 1405//1405 1462//1462
f 1405//1405 1463//1463 1462//1462
f 1405//1405 1406//1406 1464//1464
f 1405//1405 1464//1464 1463//1463
f 1406//1406 1407//1407 1464//1464
f 1407//1407 1465//1465 1464//1464
f 1407//1407 1408//1408 1466//1466
f 1407//1407 1466//1466 1465//1465
f 1408//1408 1409//1409 1466//1466
f 1409//1409 1467//1467 1466//1466
f 1409//1409 1410//1410 1468//1468
f 1409//1409 1468//1468 1467//1467
f 1410//1410 1411//1411 1468//1468
f 1411//1411 1469//1469 1468//1468
f 1411//1411 1412//1412 1470//1470
f 1411//1411 1470//1470 1469//1469
f 1412//1412 1413//1413 1470//1470
f 1413//1413 1471//1471 1470//1470
f 1413//1413 1414//1414 1472//1472
f 1413//1413 1472//1472 1471//1471
f 1414//1414 1415//1415 1472//1472
f 1415//1415 1473//1473 1472//1472
f 1415//1415 1416//1416 1474//1474
f 1415//1415 1474//1474 1473//1473
f 1416//1416 1417//1417 1474//1474
f 1417//1417 1475//1475 1474//1474
f 1417//1417 1418//1418 1476//1476
f 1417//1417 1476//1476 1475//1475
f 1418//1418 1419//1419 1476//1476
f 1419//1419 1477//1477 1476//1476
f 1419//1419 1420//1420 1478//1478
f 1419//1419 1478//1478 1477//1477
f 1420//1420 1421//1421 1478//1478
f 1421//1421 1479//1479 1478//1478
f 1421//1421 1422//1422 1480//1480
f 1421//1421 1480//1480 1479//1479
f 1422//1422 1423//1423 1480//1480
f 1423//1423 1481//1481 1480//1480
f 1423//1423 1424//1424 1482//1482
f 1423//1423 1482//1482 1481//1481
f 1424//1424 1425//1425 1482//1482
f 1425//1425 1483//1483 1482//1482
f 1425//1425 1426//1426 1484//1484
f 1425//1425 1484//1484 1483//1483
f 1426//1426 1427//1427 1484//1484
f 1427//1427 1485//1485 1484//1484
f 1427//1427 1428//1428 1486//1486
f 1427//1427 1486//1486 1485//1485
f 1428//1428 1429//1429 1486//1486
f 1429//1429 1487//1487 1486//1486
f 1431//1431 1432//1432 1488//1488
f 1432//1432 1489//1489 1488//1488
f 1432//1432 1433//1433 1490//1490
f 1432//1432 1490//1490 1489//1489
f 1433//1433 1434//1434 1490//1490
f 1434//1434 1491//1491 1490//1490
f 1434//1434 1435//1435 1492//1492
f 1434//1434 1492//1492 1491//1491
f 1435//1435 1436//1436 1492//1492
f 1436//1436 1493//1493 1492//1492
f 1436//1436 1437//1437 1494//1494
f 1436//1436 1494//1494 1493//1493
f 1437//1437 1438//1438 1494//1494
f 1438//1438 1495//1495 1494//1494
f 1438//1438 1439//1439 1496//1496
f 1438//1438 1496//1496 1495//1495
f 1439//1439 1440//1440 1496//1496
f 1440//1440 1497//1497 1496//1496
f 1440//1440 1441//1441 1498//1498
f 1440//1440 1498//1498 1497//1497
f 1441//1441 1442//1442 1498//1498
f 1442//1442 1499//1499 1498//1498
f 1442//1442 1443//1443 1500//1500
f 1442//1442 1500//1500 1499//1499
f 1443//1443 1444//1444 1500//1500
f 1444//1444 1501//1501 1500//1500
f 1444//1444 1445//1445 1502//1502
f 1444//1444 1502//1502 1501//1501
f 1445//1445 1446//1446 1502//1502
f 1446//1446 1503//1503 1502//1502
f 1446//1446 1447//1447 1504//1504
f 1446//1446 1504//1504 1503//1503
f 1447//1447 1448//1448 1504//1504
f 1448//1448 1505//1505 1504//1504
f 1448//1448 1449//1449 1506//1506
f 1448//1448 1506//1506 1505//1505
f 1449//1449 1450//1450 1506//1506
f 1450//1450 1507//1507 1506//1506
f 1450//1450 1451//1451 1508//1508
f 1450//1450 1508//1508 1507//1507
f 1451//1451 1452//1452 1508//1508
f 1452//1452 1509//1509 1508//1508
f 1452//1452 1453//1453 1510//1510
f 1452//1452 1510//1510 1509//1509
f 1453//1453 1454//1454 1510//1510
f 1454//1454 1511//1511 1510//1510
f 1454//1454 1455//1455 1512//1512
f 1454//1454 1512//1512 1511//1511
f 1455//1455 1456//1456 1512//1512
f 1456//1456 1513//1513 1512//1512
f 1456//1456 1457//1457 1514//1514
f 1456//1456 1514//1514 1513//1513
f 1457//1457 1458//1458 1514//1514
f 1458//1458 1515//1515 1514//1514
f 1458//1458 1459//1459 1516//1516
f 1458//1458 1516//1516 1515//1515
f 1459//1459 1460//1460 1516//1516
f 1460//1460 1517//1517 1516//1516
f 1460//1460 1461//1461 1518//1518
f 1460//1460 1518//1518 1517//1517
f 1461//1461 1462//1462 1518//1518
f 1462//1462 1519//1519 1518//1518
f 1462//1462 1463//1463 1520//1520
f 1462//1462 1520//1520 1519//1519
f 1463//1463 1464//1464 1520//1520
f 1464//1464 1521//1521 1520//1520
f 1464//1464 1465//1465 1522//1522
f 1464//1464 1522//1522 1521//1521
f 1465//1465 1466//1466 1522//1522
f 1466//1466 1523//1523 1522//1522
f 1466//1466 1467//1467 1524//1524
f 1466//1466 1524//1524 1523//1523
f 1467//1467 1468//1468 1524//1524
f 1468//1468 1525//1525 1524//1524
f 1468//1468 1469//1469 1526//1526
f 1468//1468 1526//1526 1525//1525
f 1469//1469 1470//1470 1526//1526
f 1470//1470 1527//1527 1526//1526
f 1470//1470 1471//1471 1528//1528
f 1470//1470 1528//1528 1527//1527
f 1471//1471 1472//1472 1528//1528
f 1472//1472 1529//1529 1528//1528
f 1472//1472 1473//1473 1530//1530
f 1472//1472 1530//1530 1529//1529
f 1473//1473 1474//1474 1530//1530
f 1474//1474 1531//1531 1530//1530
f 1474//1474 1475//1475 1532//1532
f 1474//1474 1532//1532 1531//1531
f 1475//1475 1476//1476 1532//1532
f 1476//1476 1533//1533 1532//1532
f 1476//1476 1477//1477 1534//1534
f 1476//1476 1534//1534 1533//1533
f 1477//1477 1478//1478 1534//1534
f 1478//1478 1535//1535 1534//1534
f 1478//1478 1479//1479 1536//1536
f 1478//1478 1536//1536 1535//1535
f 1479//1479 1480//1480 1536//1536
f 1480//1480 1537//1537 1536//1536
f 1480//1480 1481//1481 1538//1538
f 1480//1480 1538//1538 1537//1537
f 1481//1481 1482//1482 1538//1538
f 1482//1482 1539//1539 1538//1538
f 1482//1482 1483//1483 1540//1540
f 1482//1482 1540//1540 1539//1539
f 1483//1483 1484//1484 1540//1540
f 1484//1484 1541//1541 1540//1540
f 1484//1484 1485//1485 1542//1542
f 1484//1484 1542//1542 1541//1541
f 1485//1485 1486//1486 1542//1542
f 1486//1486 1543//1543 1542//1542
f 1486//1486 1487//1487 1544//1544
f 1486//1486 1544//1544 1543//1543
f 1489//1489 1490//1490 1545//1545
f 1490//1490 1546//1546 1545//1545
f 1490//1490 1491//1491 1547//1547
f 1490//1490 1547//1547 1546//1546
f 1491//1491 1492//1492 1547//1547
f 1492//1492 1548//1548 1547//1547
f 1492//1492 1493//1493 1549//1549
f 1492//1492 1549//1549 1548//1548
f 1493//1493 1494//1494 1549//1549
f 1494//1494 1550//1550 1549//1549
f 1494//1494 1495//1495 1551//1551
f 1494//1494 1551//1551 1550//1550
f 1495//1495 1496//1496 1551//1551
f 1496//1496 1552//1552 1551//1551
f 1496//1496 1497//1497 1553//1553
f 1496//1496 1553//1553 1552//1552
f 1497//1497 1498//1498 1553//1553
f 1498//1498 1554//1554 1553//1553
f 1498//1498 1499//1499 1555//1555
f 1498//1498 1555//1555 1554//1554
f 1499//1499 1500//1500 1555//1555
f 1500//1500 1556//1556 1555//1555
f 1500//1500 1501//1501 1557//1557
f 1500//1500 1557//1557 1556//1556
f 1501//1501 1502//1502 1557//1557
f 1502//1502 1558//1558 1557//1557
f 1502//1502 1503//1503 1559//1559
f 1502//1502 1559//1559 1558//1558
f 1503//1503 1504//1504 1559//1559
f 1504//1504 1560//1560 1559//1559
f 1504//1504 1505//1505 1561//1561
f 1504//1504 1561//1561 1560//1560
f 1505//1505 1506//1506 1561//1561
f 1506//1506 1562//1562 1561//1561
f 1506//1506 1507//1507 1563//1563
f 1506//1506 1563//1563 1562//1562
f 1507//1507 1508//1508 1563//1563
f 1508//1508 1564//1564 1563//1563
f 1508//1508 1509//1509 1565//1565
f 1508//1508 1565//1565 1564//1564
f 1509//1509 1510//1510 1565//1565
f 1510//1510 1566//1566 1565//1565
f 1510//1510 1511//1511 1567//1567
f 1510//1510 1567//1567 1566//1566
f 1511//1511 1512//1512 1567//1567
f 1512//1512 1568//1568 1567//1567
f 1512//1512 1513//1513 1569//1569
f 1512//1512 1569//1569 1568//1568
f 1513//1513 1514//1514 1569//1569
f 1514//1514 1570//1570 1569//1569
f 1514//1514 1515//1515 1571//1571
f 1514//1514 1571//1571 1570//1570
f 1515//1515 1516//1516 1571//1571
f 1516//1516 1572//1572 1571//1571
f 1516//1516 1517//1517 1573//1573
f 1516//1516 1573//1573 1572//1572
f 1517//1517 1518//1518 1573//1573
f 1518//1518 1574//1574 1573//1573
f 1518//1518 1519//1519 1575//1575
f 1518//1518 1575//1575 1574//1574
f 1519//1519 1520//1520 1575//1575
f 1520//1520 1576//1576 1575//1575
f 1520//1520 1521//1521 1577//1577
f 1520//1520 1577//1577 1576//1576
f 1521//1521 1522//1522 1577//1577
f 1522//1522 1578//1578 1577//1577
f 1522//1522 1523//1523 1579//1579
f 1522//1522 1579//1579 1578//1578
f 1523//1523 1524//1524 1579//1579
f 1524//1524 1580//1580 1579//1579
f 1524//1524 1525//1525 1581//1581
f 1524//1524 1581//1581 1580//1580
f 1525//1525 1526//1526 1581//1581
f 1526//1526 1582//1582 1581//1581
f 1526//1526 1527//1527 1583//1583
f 1526//1526 1583//1583 1582//1582
f 1527//1527 1528//1528 1583//1583
f 1528//1528 1584//1584 1583//1583
f 1528//1528 1529//1529 1585//1585
f 1528//1528 1585//1585 1584//1584
f 1529//1529 1530//1530 1585//1585
f 1530//1530 1586//1586 1585//1585
f 1530//1530 1531//1531 1587//1587
f 1530//1530 1587//1587 1586//1586
f 1531//1531 1532//1532 1587//1587
f 1532//1532 1588//1588 1587//1587
f 1532//1532 1533//1533 1589//1589
f 1532//1532 1589//1589 1588//1588
f 1533//1533 1534//1534 1589//1589
f 1534//1534 1590//1590 1589//1589
f 1534//1534 1535//1535 1591//1591
f 1534//1534 1591//1591 1590//1590
f 1535//1535 1536//1536 1591//1591
f 1536//1536 1592//1592 1591//1591
f 1536//1536 1537//1537 1593//1593
f 1536//1536 1593//1593 1592//1592
f 1537//1537 1538//1538 1593//1593
f 1538//1538 1594//1594 1593//1593
f 1538//1538 1539//1539 1595//1595
f 1538//1538 1595//1595 1594//1594
f 1539//1539 1540//1540 1595//1595
f 1540//1540 1596//1596 1595//1595
f 1540//1540 1541//1541 1597//1597
f 1540//1540 1597//1597 1596//1596
f 1541//1541 1542//1542 1597//1597
f 1542//1542 1598//1598 1597//1597
f 1542//1542 1543//1543 1599//1599
f 1542//1542 1599//1599 1598//1598
f 1543//1543 1544//1544 1599//1599
f 1544//1544 1600//1600 1599//1599
f 1545//1545 1546//1546 1602//1602
f 1545//1545 1602//1602 1601//1601
f 1546//1546 1547//1547 1602//1602
f 1547//1547 1603//1603 1602//1602
f 1547//1547 1548//1548 1604//1604
f 1547//1547 1604//1604 1603//1603
f 1548//1548 1549//1549 1604//1604
f 1549//1549 1605//1605 1604//1604
f 1549//1549 1550//1550 1606//1606
f 1549//1549 1606//1606 1605//1605
f 1550//1550 1551//1551 1606//1606
f 1551//1551 1607//1607 1606//1606
f 1551//1551 1552//1552 1608//1608
f 1551//1551 1608//1608 1607//1607
f 1552//1552 1553//1553 1608//1608
f 1553//1553 1609//1609 1608//1608
f 1553//1553 1554//1554 1610//1610
f 1553//1553 1610//1610 1609//1609
f 1554//1554 1555//1555 1610//1610
f 1555//1555 1611//1611 1610//1610
f 1555//1555 1556//1556 1612//1612
f 1555//1555 1612//1612 1611//1611
f 1556//1556 1557//1557 1612//1612
f 1557//1557 1613//1613 1612//1612
f 1557//1557 1558//1558 1614//1614
f 1557//1557 1614//1614 1613//1613
f 1558//1558 1559//1559 1614//1614
f 1559//1559 1615//1615 1614//1614
f 1559//1559 1560//1560 1616//1616
f 1559//1559 1616//1616 1615//1615
f 1560//1560 1561//1561 1616//1616
f 1561//1561 1617//1617 1616//1616
f 1561//1561 1562//1562 1618//1618
f 1561//1561 1618//1618 1617//1617
f 1562//1562 1563//1563 1618//1618
f 1563//1563 1619//1619 1618//1618
f 1563//1563 1564//1564 1620//1620
f 1563//1563 1620//1620 1619//1619
f 1564//1564 1565//1565 1620//1620
f 1565//1565 1621//1621 1620//1620
f 1565//1565 1566//1566 1622//1622
f 1565//1565 1622//1622 1621//1621
f 1566//1566 1567//1567 1622//1622
f 1567//1567 1623//1623 1622//1622
f 1567//1567 1568//1568 1624//1624
f 1567//1567 1624//1624 1623//1623
f 1568//1568 1569//1569 1624//1624
f 1569//1569 1625//1625 1624//1624
f 1569//1569 1570//1570 1626//1626
f 1569//1569 1626//1626 1625//1625
f 1570//1570 1571//1571 1626//1626
f 1571//1571 1627//1627 1626//1626
f 1571//1571 1572//1572 1628//1628
f 1571//1571 1628//1628 1627//1627
f 1572//1572 1573//1573 1628//1628
f 1573//1573 1629//1629 1628//1628
f 1573//1573 1574//1574 1630//1630
f 1573//1573 1630//1630 1629//1629
f 1574//1574 1575//1575 1630//1630
f 1575//1575 1631//1631 1630//1630
f 1575//1575 1576//1576 1632//1632
f 1575//1575 1632//1632 1631//1631
f 1576//1576 1577//1577 1632//1632
f 1577//1577 1633//1633 1632//1632
f 1577//1577 1578//1578 1634//1634
f 1577//1577 1634//1634 1633//1633
f 1578//1578 1579//1579 1634//1634
f 1579//1579 1635//1635 1634//1634
f 1579//1579 1580//1580 1636//1636
f 1579//1579 1636//1636 1635//1635
f 1580//1580 1581//1581 1636//1636
f 1581//1581 1637//1637 1636//1636
f 1581//1581 1582//1582 1638//1638
f 1581//1581 1638//1638 1637//1637
f 1582//1582 1583//1583 1638//1638
f 1583//1583 1639//1639 1638//1638
f 1583//1583 1584//1584 1640//1640
f 1583//1583 1640//1640 1639//1639
f 1584//1584 1585//1585 1640//1640
f 1585//1585 1641//1641 1640//1640
f 1585//1585 1586//1586 1642//1642
f 1585//1585 1642//1642 1641//1641
f 1586//1586 1587//1587 1642//1642
f 1587//1587 1643//1643 1642//1642
f 1587//1587 1588//1588 1644//1644
f 1587//1587 1644//1644 1643//1643
f 1588//1588 1589//1589 1644//1644
f 1589//1589 1645//1645 1644//1644
f 1589//1589 1590//1590 1646//1646
f 1589//1589 1646//1646 1645//1645
f 1590//1590 1591//1591 1646//1646
f 1591//1591 1647//1647 1646//1646
f 1591//1591 1592//1592 1648//1648
f 1591//1591 1648//1648 1647//1647
f 1592//1592 1593//1593 1648//1648
f 1593//1593 1649//1649 1648//1648
f 1593//1593 1594//1594 1650//1650
f 1593//1593 1650//1650 1649//1649
f 1594//1594 1595//1595 1650//1650
f 1595//1595 1651//1651 1650//1650
f 1595//1595 1596//1596 1652//1652
f 1595//1595 1652//1652 1651//1651
f 1596//1596 1597//1597 1652//1652
f 1597//1597 1653//1653 1652//1652
f 1597//1597 1598//1598 1654//1654
f 1597//1597 1654//1654 1653//1653
f 1598//1598 1599//1599 1654//1654
f 1599//1599 1655//1655 1654//1654
f 1599//1599 1600//1600 1656//1656
f 1599//1599 1656//1656 1655//1655
f 1601//1601 1602//1602 1657//1657
f 1602//1602 1658//1658 1657//1657
f 1602//1602 1603//1603 1659//1659
f 1602//1602 1659//1659 1658//1658
f 1603//1603 1604//1604 1659//1659
f 1604//1604 1660//1660 1659//1659
f 1604//1604 1605//1605 1661//1661
f 1604//1604 1661//1661 1660//1660
f 1605//1605 1606//1606 1661//1661
f 1606//1606 1662//1662 1661//1661
f 1606//1606 1607//1607 1663//1663
f 1606//1606 1663//1663 1662//1662
f 1607//1607 1608//1608 1663//1663
f 1608//1608 1664//1664 1663//1663
f 1608//1608 1609//1609 1665//1665
f 1608//1608 1665//1665 1664//1664
f 1609//1609 1610//1610 1665//1665
f 1610//1610 1666//1666 1665//1665
f 1610//1610 1611//1611 1667//1667
f 1610//1610 1667//1667 1666//1666
f 1611//1611 1612//1612 1667//1667
f 1612//1612 1668//1668 1667//1667
f 1612//1612 1613//1613 1669//1669
f 1612//1612 1669//1669 1668//1668
f 1613//1613 1614//1614 1669//1669
f 1614//1614 1670//1670 1669//1669
f 1614//1614 1615//1615 1671//1671
f 1614//1614 1671//1671 1670//1670
f 1615//1615 1616//1616 1671//1671
f 1616//1616 1672//1672 1671//1671
f 1616//1616 1617//1617 1673//1673
f 1616//1616 1673//1673 1672//1672
f 1617//1617 1618//1618 1673//1673
f 1618//1618 1674//1674 1673//1673
f 1618//1618 1619//1619 1675//1675
f 1618//1618 1675//1675 1674//1674
f 1619//1619 1620//1620 1675//1675
f 1620//1620 1676//1676 1675//1675
f 1620//1620 1621//1621 1677//1677
f 1620//1620 1677//1677 1676//1676
f 1621//1621 1622//1622 1677//1677
f 1622//1622 1678//1678 1677//1677
f 1622//1622 1623//1623 1679//1679
f 1622//1622 1679//1679 1678//1678
f 1623//1623 1624//1624 1679//1679
f 1624//1624 1680//1680 1679//1679
f 1624//1624 1625//1625 1681//1681
f 1624//1624 1681//1681 1680//1680
f 1625//1625 1626//1626 1681//1681
f 1626//1626 1682//1682 1681//1681
f 1626//1626 1627//1627 1683//1683
f 1626//1626 1683//1683 1682//1682
f 1627//1627 1628//1628 1683//1683
f 1628//1628 1684//1684 1683//1683
f 1628//1628 1629//1629 1685//1685
f 1628//1628 1685//1685 1684//1684
f 1629//1629 1630//1630 1685//1685
f 1630//1630 1686//1686 1685//1685
f 1630//1630 1631//1631 1687//1687
f 1630//1630 1687//1687 1686//1686
f 1631//1631 1632//1632 1687//1687
f 1632//1632 1688//1688 1687//1687
f 1632//1632 1633//1633 1689//1689
f 1632//1632 1689//1689 1688//1688
f 1633//1633 1634//1634 1689//1689
f 1634//1634 1690//1690 1689//1689
f 1634//1634 1635//1635 1691//1691
f 1634//1634 1691//1691 1690//1690
f 1635//1635 1636//1636 1691//1691
f 1636//1636 1692//1692 1691//1691
f 1636//1636 1637//1637 1693//1693
f 1636//1636 1693//1693 1692//1692
f 1637//1637 1638//1638 1693//1693
f 1638//1638 1694//1694 1693//1693
f 1638//1638 1639//1639 1695//1695
f 1638//1638 1695//1695 1694//1694
f 1639//1639 1640//1640 1695//1695
f 1640//1640 1696//1696 1695//1695
f 1640//1640 1641//1641 1697//1697
f 1640//1640 1697//1697 1696//1696
f 1641//1641 1642//1642 1697//1697
f 1642//1642 1698//1698 1697//1697
f 1642//1642 1643//1643 1699//1699
f 1642//1642 1699//1699 1698//1698
f 1643//1643 1644//1644 1699//1699
f 1644//1644 1700//1700 1699//1699
f 1644//1644 1645//1645 1701//1701
f 1644//1644 1701//1701 1700//1700
f 1645//1645 1646//1646 1701//1701
f 1646//1646 1702//1702 1701//1701
f 1646//1646 1647//1647 1703//1703
f 1646//1646 1703//1703 1702//1702
f 1647//1647 1648//1648 1703//1703
f 1648//1648 1704//1704 1703//1703
f 1648//1648 1649//1649 1705//1705
f 1648//1648 1705//1705 1704//1704
f 1649//1649 1650//1650 1705//1705
f 1650//1650 1706//1706 1705//1705
f 1650//1650 1651//1651 1707//1707
f 1650//1650 1707//1707 1706//1706
f 1651//1651 1652//1652 1707//1707
f 1652//1652 1708//1708 1707//1707
f 1652//1652 1653//1653 1709//1709
f 1652//1652 1709//1709 1708//1708
f 1653//1653 1654//1654 1709//1709
f 1654//1654 1710//1710 1709//1709
f 1654//1654 1655//1655 1711//1711
f 1654//1654 1711//1711 1710//1710
f 1655//1655 1656//1656 1711//1711
f 1656//1656 1712//1712 1711//1711
f 1657//1657 1658//1658 1715//1715
f 1657//1657 1715//1715 1714//1714
f 1658//1658 1659//1659 1715//1715
f 1659//1659 1716//1716 1715//1715
f 1659//1659 1660//1660 1717//1717
f 1659//1659 1717//1717 1716//1716
f 1660//1660 1661//1661 1717//1717
f 1661//1661 1718//1718 1717//1717
f 1661//1661 1662//1662 1719//1719
f 1661//1661 1719//1719 1718//1718
f 1662//1662 1663//1663 1719//1719
f 1663//1663 1720//1720 1719//1719
f 1663//1663 1664//1664 1721//1721
f 1663//1663 1721//1721 1720//1720
f 1664//1664 1665//1665 1721//1721
f 1665//1665 1722//1722 1721//1721
f 1665//1665 1666//1666 1723//1723
f 1665//1665 1723//1723 1722//1722
f 1666//1666 1667//1667 1723//1723
f 1667//1667 1724//1724 1723//1723
f 1667//1667 1668//1668 1725//1725
f 1667//1667 1725//1725 1724//1724
f 1668//1668 1669//1669 1725//1725
f 1669//1669 1726//1726 1725//1725
f 1669//1669 1670//1670 1727//1727
f 1669//1669 1727//1727 1726//1726
f 1670//1670 1671//1671 1727//1727
f 1671//1671 1728//1728 1727//1727
f 1671//1671 1672//1672 1729//1729
f 1671//1671 1729//1729 1728//1728
f 1672//1672 1673//1673 1729//1729
f 1673//1673 1730//1730 1729//1729
f 1673//1673 1674//1674 1731//1731
f 1673//1673 1731//1731 1730//1730
f 1674//1674 1675//1675 1731//1731
f 1675//1675 1732//1732 1731//1731
f 1675//1675 1676//1676 1733//1733
f 1675//1675 1733//1733 1732//1732
f 1676//1676 1677//1677 1733//1733
f 1677//1677 1734//1734 1733//1733
f 1677//1677 1678//1678 1735//1735
f 1677//1677 1735//1735 1734//1734
f 1678//1678 1679//1679 1735//1735
f 1679//1679 1736//1736 1735//1735
f 1679//1679 1680//1680 1737//1737
f 1679//1679 1737//1737 1736//1736
f 1680//1680 1681//1681 1737//1737
f 1681//1681 1738//1738 1737//1737
f 1681//1681 1682//1682 1739//1739
f 1681//1681 1739//1739 1738//1738
f 1682//1682 1683//1683 1739//1739
f 1683//1683 1740//1740 1739//1739
f 1683//1683 1684//1684 1741//1741
f 1683//1683 1741//1741 1740//1740
f 1684//1684 1685//1685 1741//1741
f 1685//1685 1742//1742 1741//1741
f 1685//1685 1686//1686 1743//1743
f 1685//1685 1743//1743 1742//1742
f 1686//1686 1687//1687 1743//1743
f 1687//1687 1744//1744 1743//1743
f 1687//1687 1688//1688 1745//1745
f 1687//1687 1745//1745 1744//1744
f 1688//1688 1689//1689 1745//1745
f 1689//1689 1746//1746 1745//1745
f 1689//1689 1690//1690 1747//1747
f 1689//1689 1747//1747 1746//1746
f 1690//1690 1691//1691 1747//1747
f 1691//1691 1748//1748 1747//1747
f 1691//1691 1692//1692 1749//1749
f 1691//1691 1749//1749 1748//1748
f 1692//1692 1693//1693 1749//1749
f 1693//1693 1750//1750 1749//1749
f 1693//1693 1694//1694 1751//1751
f 1693//1693 1751//1751 1750//1750
f 1694//1694 1695//1695 1751//1751
f 1695//1695 1752//1752 1751//1751
f 1695//1695 1696//1696 1753//1753
f 1695//1695 1753//1753 1752//1752
f 1696//1696 1697//1697 1753//1753
f 1697//1697 1754//1754 1753//1753
f 1697//1697 1698//1698 1755//1755
f 1697//1697 1755//1755 1754//1754
f 1698//1698 1699//1699 1755//1755
f 1699//1699 1756//1756 1755//1755
f 1699//1699 1700//1700 1757//1757
f 1699//1699 1757//1757 1756//1756
f 1700//1700 1701//1701 1757//1757
f 1701//1701 1758//1758 1757//1757
f 1701//1701 1702//1702 1759//1759
f 1701//1701 1759//1759 1758//1758
f 1702//1702 1703//1703 1759//1759
f 1703//1703 1760//1760 1759//1759
f 1703//1703 1704//1704 1761//1761
f 1703//1703 1761//1761 1760//1760
f 1704//1704 1705//1705 1761//1761
f 1705//1705 1762//1762 1761//1761
f 1705//1705 1706//1706 1763//1763
f 1705//1705 1763//1763 1762//1762
f 1706//1706 1707//1707 1763//1763
f 1707//1707 1764//1764 1763//1763
f 1707//1707 1708//1708 1765//1765
f 1707//1707 1765//1765 1764//1764
f 1708//1708 1709//1709 1765//1765
f 1709//1709 1766//1766 1765//1765
f 1709//1709 1710//1710 1767//1767
f 1709//1709 1767//1767 1766//1766
f 1710//1710 1711//1711 1767//1767
f 1711//1711 1768//1768 1767//1767
f 1711//1711 1712//1712 1769//1769
f 1711//1711 1769//1769 1768//1768
f 1713//1713 1714//1714 1771//1771
f 1713//1713 1771//1771 1770//1770
f 1714//1714 1715//1715 1771//1771
f 1715//1715 1772//1772 1771//1771
f 1715//1715 1716//1716 1773//1773
f 1715//1715 1773//1773 1772//1772
f 1716//1716 1717//1717 1773//1773
f 1717//1717 1774//1774 1773//1773
f 1717//1717 1718//1718 1775//1775
f 1717//1717 1775//1775 1774//1774
f 1718//1718 1719//1719 1775//1775
f 1719//1719 1776//1776 1775//1775
f 1719//1719 1720//1720 1777//1777
f 1719//1719 1777//1777 1776//1776
f 1720//1720 1721//1721 1777//1777
f 1721//1721 1778//1778 1777//1777
f 1721//1721 1722//1722 1779//1779
f 1721//1721 1779//1779 1778//1778
f 1722//1722 1723//1723 1779//1779
f 1723//1723 1780//1780 1779//1779
f 1723//1723 1724//1724 1781//1781
f 1723//1723 1781//1781 1780//1780
f 1724//1724 1725//1725 1781//1781
f 1725//1725 1782//1782 1781//1781
f 1725//1725 1726//1726 1783//1783
f 1725//1725 1783//1783 1782//1782
f 1726//1726 1727//1727 1783//1783
f 1727//1727 1784//1784 1783//1783
f 1727//1727 1728//1728 1785//1785
f 1727//1727 1785//1785 1784//1784
f 1728//1728 1729//1729 1785//1785
f 1729//1729 1786//1786 1785//1785
f 1729//1729 1730//1730 1787//1787
f 1729//1729 1787//1787 1786//1786
f 1730//1730 1731//1731 1787//1787
f 1731//1731 1788//1788 1787//1787
f 1731//1731 1732//1732 1789//1789
f 1731//1731 1789//1789 1788//1788
f 1732//1732 1733//1733 1789//1789
f 1733//1733 1790//1790 1789//1789
f 1733//1733 1734//1734 1791//1791
f 1733//1733 1791//1791 1790//1790
f 1734//1734 1735//1735 1791//1791
f 1735//1735 1792//1792 1791//1791
f 1735//1735 1736//1736 1793//1793
f 1735//1735 1793//1793 1792//1792
f 1736//1736 1737//1737 1793//1793
f 1737//1737 1794//1794 1793//1793
f 1737//1737 1738//1738 1795//1795
f 1737//1737 1795//1795 1794//1794
f 1738//1738 1739//1739 1795//1795
f 1739//1739 1796//1796 1795//1795
f 1739//1739 1740//1740 1797//1797
f 1739//1739 1797//1797 1796//1796
f 1740//1740 1741//1741 1797//1797
f 1741//1741 1798//1798 1797//1797
f 1741//1741 1742//1742 1799//1799
f 1741//1741 1799//1799 1798//1798
f 1742//1742 1743//1743 1799//1799
f 1743//1743 1800//1800 1799//1799
f 1743//1743 1744//1744 1801//1801
f 1743//1743 1801//1801 1800//1800
f 1744//1744 1745//1745 1801//1801
f 1745//1745 1802//1802 1801//1801
f 1745//1745 1746//1746 1803//1803
f 1745//1745 1803//1803 1802//1802
f 1746//1746 1747//1747 1803//1803
f 1747//1747 1804//1804 1803//1803
f 1747//1747 1748//1748 1805//1805
f 1747//1747 1805//1805 1804//1804
f 1748//1748 1749//1749 1805//1805
f 1749//1749 1806//1806 1805//1805
f 1749//1749 1750//1750 1807//1807
f 1749//1749 1807//1807 1806//1806
f 1750//1750 1751//1751 1807//1807
f 1751//1751 1808//1808 1807//1807
f 1751//1751 1752//1752 1809//1809
f 1751//1751 1809//1809 1808//1808
f 1752//1752 1753//1753 1809//1809
f 1753//1753 1810//1810 1809//1809
f 1753//1753 1754//1754 1811//1811
f 1753//1753 1811//1811 1810//1810
f 1754//1754 1755//1755 1811//1811
f 1755//1755 1812//1812 1811//1811
f 1755//1755 1756//1756 1813//1813
f 1755//1755 1813//1813 1812//1812
f 1756//1756 1757//1757 1813//1813
f 1757//1757 1814//1814 1813//1813
f 1757//1757 1758//1758 1815//1815
f 1757//1757 1815//1815 1814//1814
f 1758//1758 1759//1759 1815//1815
f 1759//1759 1816//1816 1815//1815
f 1759//1759 1760//1760 1817//1817
f 1759//1759 1817//1817 1816//1816
f 1760//1760 1761//1761 1817//1817
f 1761//1761 1818//1818 1817//1817
f 1761//1761 1762//1762 1819//1819
f 1761//1761 1819//1819 1818//1818
f 1762//1762 1763//1763 1819//1819
f 1763//1763 1820//1820 1819//1819
f 1763//1763 1764//1764 1821//1821
f 1763//1763 1821//1821 1820//1820
f 1764//1764 1765//1765 1821//1821
f 1765//1765 1822//1822 1821//1821
f 1765//1765 1766//1766 1823//1823
f 1765//1765 1823//1823 1822//1822
f 1766//1766 1767//1767 1823//1823
f 1767//1767 1824//1824 1823//1823
f 1767//1767 1768//1768 1825//1825
f 1767//1767 1825//1825 1824//1824
f 1768//1768 1769//1769 1825//1825
f 1769//1769 1826//1826 1825//1825
f 1770//1770 1771//1771 1827//1827
f 1771//1771 1828//1828 1827//1827
f 1771//1771 1772//1772 1829//1829
f 1771//1771 1829//1829 1828//1828
f 1772//1772 1773//1773 1829//1829
f 1773//1773 1830//1830 1829//1829
f 1773//1773 1774//1774 1831//1831
f 1773//1773 1831//1831 1830//1830
f 1774//1774 1775//1775 1831//1831
f 1775//1775 1832//1832 1831//1831
f 1775//1775 1776//1776 1833//1833
f 1775//1775 1833//1833 1832//1832
f 1776//1776 1777//1777 1833//1833
f 1777//1777 1834//1834 1833//1833
f 1777//1777 1778//1778 1835//1835
f 1777//1777 1835//1835 1834//1834
f 1778//1778 1779//1779 1835//1835
f 1779//1779 1836//1836 1835//1835
f 1779//1779 1780//1780 1837//1837
f 1779//1779 1837//1837 1836//1836
f 1780//1780 1781//1781 1837//1837
f 1781//1781 1838//1838 1837//1837
f 1781//1781 1782//1782 1839//1839
f 1781//1781 1839//1839 1838//1838
f 1782//1782 1783//1783 1839//1839
f 1783//1783 1840//1840 1839//1839
f 1783//1783 1784//1784 1841//1841
f 1783//1783 1841//1841 1840//1840
f 1784//1784 1785//1785 1841//1841
f 1785//1785 1842//1842 1841//1841
f 1785//1785 1786//1786 1843//1843
f 1785//1785 1843//1843 1842//1842
f 1786//1786 1787//1787 1843//1843
f 1787//1787 1844//1844 1843//1843
f 1787//1787 1788//1788 1845//1845
f 1787//1787 1845//1845 1844//1844
f 1788//1788 1789//1789 1845//1845
f 1789//1789 1846//1846 1845//1845
f 1789//1789 1790//1790 1847//1847
f 1789//1789 1847//1847 1846//1846
f 1790//1790 1791//1791 1847//1847
f 1791//1791 1848//1848 1847//1847
f 1791//1791 1792//1792 1849//1849
f 1791//1791 1849//1849 1848//1848
f 1792//1792 1793//1793 1849//1849
f 1793//1793 1850//1850 1849//1849
f 1793//1793 1794//1794 1851//1851
f 1793//1793 1851//1851 1850//1850
f 1794//1794 1795//1795 1851//1851
f 1795//1795 1852//1852 1851//1851
f 1795//1795 1796//1796 1853//1853
f 1795//1795 1853//1853 1852//1852
f 1796//1796 1797//1797 1853//1853
f 1797//1797 1854//1854 1853//1853
f 1797//1797 1798//1798 1855//1855
f 1797//1797 1855//1855 1854//1854
f 1798//1798 1799//1799 1855//1855
f 1799//1799 1856//1856 1855//1855
f 1799//1799 1800//1800 1857//1857
f 1799//1799 1857//1857 1856//1856
f 1800//1800 1801//1801 1857//1857
f 1801//1801 1858//1858 1857//1857
f 1801//1801 1802//1802 1859//1859
f 1801//1801 1859//1859 1858//1858
f 1802//1802 1803//1803 1859//1859
f 1803//1803 1860//1860 1859//1859
f 1803//1803 1804//1804 1861//1861
f 1803//1803 1861//1861 1860//1860
f 1804//1804 1805//1805 1861//1861
f 1805//1805 1862//1862 1861//1861
f 1805//1805 1806//1806 1863//1863
f 1805//1805 1863//1863 1862//1862
f 1806//1806 1807//1807 1863//1863
f 1807//1807 1864//1864 1863//1863
f 1807//1807 1808//1808 1865//1865
f 1807//1807 1865//1865 1864//1864
f 1808//1808 1809//1809 1865//1865
f 1809//1809 1866//1866 1865//1865
f 1809//1809 1810//1810 1867//1867
f 1809//1809 1867//1867 1866//1866
f 1810//1810 1811//1811 1867//1867
f 1811//1811 1868//1868 1867//1867
f 1811//1811 1812//1812 1869//1869
f 1811//1811 1869//1869 1868//1868
f 1812//1812 1813//1813 1869//1869
f 1813//1813 1870//1870 1869//1869
f 1813//1813 1814//1814 1871//1871
f 1813//1813 1871//1871 1870//1870
f 1814//1814 1815//1815 1871//1871
f 1815//1815 1872//1872 1871//1871
f 1815//1815 1816//1816 1873//1873
f 1815//1815 1873//1873 1872//1872
f 1816//1816 1817//1817 1873//1873
f 1817//1817 1874//1874 1873//1873
f 1817//1817 1818//1818 1875//1875
f 1817//1817 1875//1875 1874//1874
f 1818//1818 1819//1819 1875//1875
f 1819//1819 1876//1876 1875//1875
f 1819//1819 1820//1820 1877//1877
f 1819//1819 1877//1877 1876//1876
f 1820//1820 1821//1821 1877//1877
f 1821//1821 1878//1878 1877//1877
f 1821//1821 1822//1822 1879//1879
f 1821//1821 1879//1879 1878//1878
f 1822//1822 1823//1823 1879//1879
f 1823//1823 1880//1880 1879//1879
f 1823//1823 1824//1824 1881//1881
f 1823//1823 1881//1881 1880//1880
f 1824//1824 1825//1825 1881//1881
f 1825//1825 1882//1882 1881//1881
f 1825//1825 1826//1826 1883//1883
f 1825//1825 1883//1883 1882//1882
f 1827//1827 1885//1885 1884//1884
f 1827//1827 1828//1828 1886//1886
f 1827//1827 1886//1886 1885//1885
f 1828//1828 1829//1829 1886//1886
f 1829//1829 1887//1887 1886//1886
f 1829//1829 1830//1830 1888//1888
f 1829//1829 1888//1888 1887//1887
f 1830//1830 1831//1831 1888//1888
f 1831//1831 1889//1889 1888//1888
f 1831//1831 1832//1832 1890//1890
f 1831//1831 1890//1890 1889//1889
f 1832//1832 1833//1833 1890//1890
f 1833//1833 1891//1891 1890//1890
f 1833//1833 1834//1834 1892//1892
f 1833//1833 1892//1892 1891//1891
f 1834//1834 1835//1835 1892//1892
f 1835//1835 1893//1893 1892//1892
f 1835//1835 1836//1836 1894//1894
f 1835//1835 1894//1894 1893//1893
f 1836//1836 1837//1837 1894//1894
f 1837//1837 1895//1895 1894//1894
f 1837//1837 1838//1838 1896//1896
f 1837//1837 1896//1896 1895//1895
f 1838//1838 1839//1839 1896//1896
f 1839//1839 1897//1897 1896//1896
f 1839//1839 1840//1840 1898//1898
f 1839//1839 1898//1898 1897//1897
f 1840//1840 1841//1841 1898//1898
f 1841//1841 1899//1899 1898//1898
f 1841//1841 1842//1842 1900//1900
f 1841//1841 1900//1900 1899//1899
f 1842//1842 1843//1843 1900//1900
f 1843//1843 1901//1901 1900//1900
f 1843//1843 1844//1844 1902//1902
f 1843//1843 1902//1902 1901//1901
f 1844//1844 1845//1845 1902//1902
f 1845//1845 1903//1903 1902//1902
f 1845//1845 1846//1846 1904//1904
f 1845//1845 1904//1904 1903//1903
f 1846//1846 1847//1847 1904//1904
f 1847//1847 1905//1905 1904//1904
f 1847//1847 1848//1848 1906//1906
f 1847//1847 1906//1906 1905//1905
f 1848//1848 1849//1849 1906//1906
f 1849//1849 1907//1907 1906//1906
f 1849//1849 1850//1850 1908//1908
f 1849//1849 1908//1908 1907//1907
f 1850//1850 1851//1851 1908//1908
f 1851//1851 1909//1909 1908//1908
f 1851//1851 1852//1852 1910//1910
f 1851//1851 1910//1910 1909//1909
f 1852//1852 1853//1853 1910//1910
f 1853//1853 1911//1911 1910//1910
f 1853//1853 1854//1854 1912//1912
f 1853//1853 1912//1912 1911//1911
f 1854//1854 1855//1855 1912//1912
f 1855//1855 1913//1913 1912//1912
f 1855//1855 1856//1856 1914//1914
f 1855//1855 1914//1914 1913//1913
f 1856//1856 1857//1857 1914//1914
f 1857//1857 1915//1915 1914//1914
f 1857//1857 1858//1858 1916//1916
f 1857//1857 1916//1916 1915//1915
f 1858//1858 1859//1859 1916//1916
f 1859//1859 1917//1917 1916//1916
f 1859//1859 1860//1860 1918//1918
f 1859//1859 1918//1918 1917//1917
f 1860//1860 1861//1861 1918//1918
f 1861//1861 1919//1919 1918//1918
f 1861//1861 1862//1862 1920//1920
f 1861//1861 1920//1920 1919//1919
f 1862//1862 1863//1863 1920//1920
f 1863//1863 1921//1921 1920//1920
f 1863//1863 1864//1864 1922//1922
f 1863//1863 1922//1922 1921//1921
f 1864//1864 1865//1865 1922//1922
f 1865//1865 1923//1923 1922//1922
f 1871//1871 1872//1872 1925//1925
f 1871//1871 1925//1925 1924//1924
f 1872//1872 1873//1873 1925//1925
f 1873//1873 1926//1926 1925//1925
f 1873//1873 1874//1874 1927//1927
f 1873//1873 1927//1927 1926//1926
f 1874//1874 1875//1875 1927//1927
f 1875//1875 1928//1928 1927//1927
f 1875//1875 1876//1876 1929//1929
f 1875//1875 1929//1929 1928//1928
f 1876//1876 1877//1877 1929//1929
f 1877//1877 1930//1930 1929//1929
f 1877//1877 1878//1878 1931//1931
f 1877//1877 1931//1931 1930//1930
f 1878//1878 1879//1879 1931//1931
f 1879//1879 1932//1932 1931//1931
f 1879//1879 1880//1880 1933//1933
f 1879//1879 1933//1933 1932//1932
f 1880//1880 1881//1881 1933//1933
f 1881//1881 1934//1934 1933//1933
f 1881//1881 1882//1882 1935//1935
f 1881//1881 1935//1935 1934//1934
f 1882//1882 1883//1883 1935//1935
f 1883//1883 1936//1936 1935//1935
f 1884//1884 1938//1938 1937//1937
f 1884//1884 1885//1885 1939//1939
f 1884//1884 1939//1939 1938//1938
f 1885//1885 1886//1886 1939//1939
f 1886//1886 1940//1940 1939//1939
f 1886//1886 1887//1887 1941//1941
f 1886//1886 1941//1941 1940//1940
f 1887//1887 1888//1888 1941//1941
f 1888//1888 1942//1942 1941//1941
f 1888//1888 1889//1889 1943//1943
f 1888//1888 1943//1943 1942//1942
f 1889//1889 1890//1890 1943//1943
f 1890//1890 1944//1944 1943//1943
f 1890//1890 1891//1891 1945//1945
f 1890//1890 1945//1945 1944//1944
f 1891//1891 1892//1892 1945//1945
f 1892//1892 1946//1946 1945//1945
f 1892//1892 1893//1893 1947//1947
f 1892//1892 1947//1947 1946//1946
f 1893//1893 1894//1894 1947//1947
f 1894//1894 1948//1948 1947//1947
f 1894//1894 1895//1895 1949//1949
f 1894//1894 1949//1949 1948//1948
f 1895//1895 1896//1896 1949//1949
f 1896//1896 1950//1950 1949//1949
f 1896//1896 1897//1897 1951//1951
f 1896//1896 1951//1951 1950//1950
f 1897//1897 1898//1898 1951//1951
f 1898//1898 1952//1952 1951//1951
f 1898//1898 1899//1899 1953//1953
f 1898//1898 1953//1953 1952//1952
f 1899//1899 1900//1900 1953//1953
f 1900//1900 1954//1954 1953//1953
f 1900//1900 1901//1901 1955//1955
f 1900//1900 1955//1955 1954//1954
f 1901//1901 1902//1902 1955//1955
f 1902//1902 1956//1956 1955//1955
f 1902//1902 1903//1903 1957//1957
f 1902//1902 1957//1957 1956//1956
f 1903//1903 1904//1904 1957//1957
f 1904//1904 1958//1958 1957//1957
f 1904//1904 1905//1905 1959//1959
f 1904//1904 1959//1959 1958//1958
f 1905//1905 1906//1906 1959//1959
f 1906//1906 1960//1960 1959//1959
f 1906//1906 1907//1907 1961//1961
f 1906//1906 1961//1961 1960//1960
f 1907//1907 1908//1908 1961//1961
f 1908//1908 1962//1962 1961//1961
f 1908//1908 1909//1909 1963//1963
f 1908//1908 1963//1963 1962//1962
f 1909//1909 1910//1910 1963//1963
f 1910//1910 1964//1964 1963//1963
f 1910//1910 1911//1911 1965//1965
f 1910//1910 1965//1965 1964//1964
f 1911//1911 1912//1912 1965//1965
f 1912//1912 1966//1966 1965//1965
f 1912//1912 1913//1913 1967//1967
f 1912//1912 1967//1967 1966//1966
f 1913//1913 1914//1914 1967//1967
f 1914//1914 1968//1968 1967//1967
f 1914//1914 1915//1915 1969//1969
f 1914//1914 1969//1969 1968//1968
f 1915//1915 1916//1916 1969//1969
f 1916//1916 1970//1970 1969//1969
f 1916//1916 1917//1917 1971//1971
f 1916//1916 1971//1971 1970//1970
f 1917//1917 1918//1918 1971//1971
f 1918//1918 1972//1972 1971//1971
f 1918//1918 1919//1919 1973//1973
f 1918//1918 1973//1973 1972//1972
f 1919//1919 1920//1920 1973//1973
f 1920//1920 1974//1974 1973//1973
f 1920//1920 1921//1921 1975//1975
f 1920//1920 1975//1975 1974//1974
f 1921//1921 1922//1922 1975//1975
f 1922//1922 1976//1976 1975//1975
f 1922//1922 1923//1923 1977//1977
f 1922//1922 1977//1977 1976//1976
f 1924//1924 1925//1925 1978//1978
f 1925//1925 1979//1979 1978//1978
f 1925//1925 1926//1926 1980//1980
f 1925//1925 1980//1980 1979//1979
f 1926//1926 1927//1927 1980//1980
f 1927//1927 1981//1981 1980//1980
f 1927//1927 1928//1928 1982//1982
f 1927//1927 1982//1982 1981//1981
f 1928//1928 1929//1929 1982//1982
f 1929//1929 1983//1983 1982//1982
f 1929//1929 1930//1930 1984//1984
f 1929//1929 1984//1984 1983//1983
f 1930//1930 1931//1931 1984//1984
f 1931//1931 1985//1985 1984//1984
f 1931//1931 1932//1932 1986//1986
f 1931//1931 1986//1986 1985//1985
f 1932//1932 1933//1933 1986//1986
f 1933//1933 1987//1987 1986//1986
f 1933//1933 1934//1934 1988//1988
f 1933//1933 1988//1988 1987//1987
f 1934//1934 1935//1935 1988//1988
f 1935//1935 1989//1989 1988//1988
f 1935//1935 1936//1936 1990//1990
f 1935//1935 1990//1990 1989//1989
f 1937//1937 1992//1992 1991//1991
f 1937//1937 1938//1938 1993//1993
f 1937//1937 1993//1993 1992//1992
f 1938//1938 1939//1939 1993//1993
f 1939//1939 1994//1994 1993//1993
f 1939//1939 1940//1940 1995//1995
f 1939//1939 1995//1995 1994//1994
f 1940//1940 1941//1941 1995//1995
f 1941//1941 1996//1996 1995//1995
f 1941//1941 1942//1942 1997//1997
f 1941//1941 1997//1997 1996//1996
f 1942//1942 1943//1943 1997//1997
f 1943//1943 1998//1998 1997//1997
f 1943//1943 1944//1944 1999//1999
f 1943//1943 1999//1999 1998//1998
f 1944//1944 1945//1945 1999//1999
f 1945//1945 2000//2000 1999//1999
f 1945//1945 1946//1946 2001//2001
f 1945//1945 2001//2001 2000//2000
f 1946//1946 1947//1947 2001//2001
f 1947//1947 2002//2002 2001//2001
f 1947//1947 1948//1948 2003//2003
f 1947//1947 2003//2003 2002//2002
f 1948//1948 1949//1949 2003//2003
f 1949//1949 2004//2004 2003//2003
f 1949//1949 1950//1950 2005//2005
f 1949//1949 2005//2005 2004//2004
f 1950//1950 1951//1951 2005//2005
f 1951//1951 2006//2006 2005//2005
f 1951//1951 1952//1952 2007//2007
f 1951//1951 2007//2007 2006//2006
f 1952//1952 1953//1953 2007//2007
f 1953//1953 2008//2008 2007//2007
f 1953//1953 1954//1954 2009//2009
f 1953//1953 2009//2009 2008//2008
f 1954//1954 1955//1955 2009//2009
f 1955//1955 2010//2010 2009//2009
f 1955//1955 1956//1956 2011//2011
f 1955//1955 2011//2011 2010//2010
f 1956//1956 1957//1957 2011//2011
f 1957//1957 2012//2012 2011//2011
f 1957//1957 1958//1958 2013//2013
f 1957//1957 2013//2013 2012//2012
f 1958//1958 1959//1959 2013//2013
f 1959//1959 2014//2014 2013//2013
f 1959//1959 1960//1960 2015//2015
f 1959//1959 2015//2015 2014//2014
f 1960//1960 1961//1961 2015//2015
f 1961//1961 2016//2016 2015//2015
f 1961//1961 1962//1962 2017//2017
f 1961//1961 2017//2017 2016//2016
f 1962//1962 1963//1963 2017//2017
f 1963//1963 2018//2018 2017//2017
f 1963//1963 1964//1964 2019//2019
f 1963//1963 2019//2019 2018//2018
f 1964//1964 1965//1965 2019//2019
f 1965//1965 2020//2020 2019//2019
f 1965//1965 1966//1966 2021//2021
f 1965//1965 2021//2021 2020//2020
f 1966//1966 1967//1967 2021//2021
f 1967//1967 2022//2022 2021//2021
f 1967//1967 1968//1968 2023//2023
f 1967//1967 2023//2023 2022//2022
f 1968//1968 1969//1969 2023//2023
f 1969//1969 2024//2024 2023//2023
f 1969//1969 1970//1970 2025//2025
f 1969//1969 2025//2025 2024//2024
f 1970//1970 1971//1971 2025//2025
f 1971//1971 2026//2026 2025//2025
f 1971//1971 1972//1972 2027//2027
f 1971//1971 2027//2027 2026//2026
f 1972//1972 1973//1973 2027//2027
f 1973//1973 2028//2028 2027//2027
f 1973//1973 1974//1974 2029//2029
f 1973//1973 2029//2029 2028//2028
f 1974//1974 1975//1975 2029//2029
f 1975//1975 2030//2030 2029//2029
f 1975//1975 1976//1976 2031//2031
f 1975//1975 2031//2031 2030//2030
f 1976//1976 1977//1977 2031//2031
f 1977//1977 2032//2032 2031//2031
f 1978//1978 1979//1979 2034//2034
f 1978//1978 2034//2034 2033//2033
f 1979//1979 1980//1980 2034//2034
f 1980//1980 2035//2035 2034//2034
f 1980//1980 1981//1981 2036//2036
f 1980//1980 2036//2036 2035//2035
f 1981//1981 1982//1982 2036//2036
f 1982//1982 2037//2037 2036//2036
f 1982//1982 1983//1983 2038//2038
f 1982//1982 2038//2038 2037//2037
f 1983//1983 1984//1984 2038//2038
f 1984//1984 2039//2039 2038//2038
f 1984//1984 1985//1985 2040//2040
f 1984//1984 2040//2040 2039//2039
f 1985//1985 1986//1986 2040//2040
f 1986//1986 2041//2041 2040//2040
f 1986//1986 1987//1987 2042//2042
f 1986//1986 2042//2042 2041//2041
f 1987//1987 1988//1988 2042//2042
f 1988//1988 2043//2043 2042//2042
f 1988//1988 1989//1989 2044//2044
f 1988//1988 2044//2044 2043//2043
f 1989//1989 1990//1990 2044//2044
f 1990//1990 2045//2045 2044//2044
f 1991//1991 1992//1992 2048//2048
f 1991//1991 2048//2048 2047//2047
f 1992//1992 1993//1993 2048//2048
f 1993//1993 2049//2049 2048//2048
f 1993//1993 1994//1994 2050//2050
f 1993//1993 2050//2050 2049//2049
f 1994//1994 1995//1995 2050//2050
f 1995//1995 2051//2051 2050//2050
f 1995//1995 1996//1996 2052//2052
f 1995//1995 2052//2052 2051//2051
f 1996//1996 1997//1997 2052//2052
f 1997//1997 2053//2053 2052//2052
f 1997//1997 1998//1998 2054//2054
f 1997//1997 2054//2054 2053//2053
f 1998//1998 1999//1999 2054//2054
f 1999//1999 2055//2055 2054//2054
f 1999//1999 2000//2000 2056//2056
f 1999//1999 2056//2056 2055//2055
f 2000//2000 2001//2001 2056//2056
f 2001//2001 2057//2057 2056//2056
f 2001//2001 2002//2002 2058//2058
f 2001//2001 2058//2058 2057//2057
f 2002//2002 2003//2003 2058//2058
f 2003//2003 2059//2059 2058//2058
f 2003//2003 2004//2004 2060//2060
f 2003//2003 2060//2060 2059//2059
f 2004//2004 2005//2005 2060//2060
f 2005//2005 2061//2061 2060//2060
f 2005//2005 2006//2006 2062//2062
f 2005//2005 2062//2062 2061//2061
f 2006//2006 2007//2007 2062//2062
f 2007//2007 2063//2063 2062//2062
f 2007//2007 2008//2008 2064//2064
f 2007//2007 2064//2064 2063//2063
f 2008//2008 2009//2009 2064//2064
f 2009//2009 2065//2065 2064//2064
f 2009//2009 2010//2010 2066//2066
f 2009//2009 2066//2066 2065//2065
f 2010//2010 2011//2011 2066//2066
f 2011//2011 2067//2067 2066//2066
f 2011//2011 2012//2012 2068//2068
f 2011//2011 2068//2068 2067//2067
f 2012//2012 2013//2013 2068//2068
f 2013//2013 2069//2069 2068//2068
f 2013//2013 2014//2014 2070//2070
f 2013//2013 2070//2070 2069//2069
f 2014//2014 2015//2015 2070//2070
f 2015//2015 2071//2071 2070//2070
f 2015//2015 2016//2016 2072//2072
f 2015//2015 2072//2072 2071//2071
f 2016//2016 2017//2017 2072//2072
f 2017//2017 2073//2073 2072//2072
f 2017//2017 2018//2018 2074//2074
f 2017//2017 2074//2074 2073//2073
f 2018//2018 2019//2019 2074//2074
f 2019//2019 2075//2075 2074//2074
f 2019//2019 2020//2020 2076//2076
f 2019//2019 2076//2076 2075//2075
f 2020//2020 2021//2021 2076//2076
f 2021//2021 2077//2077 2076//2076
f 2021//2021 2022//2022 2078//2078
f 2021//2021 2078//2078 2077//2077
f 2022//2022 2023//2023 2078//2078
f 2023//2023 2079//2079 2078//2078
f 2023//2023 2024//2024 2080//2080
f 2023//2023 2080//2080 2079//2079
f 2024//2024 2025//2025 2080//2080
f 2025//2025 2081//2081 2080//2080
f 2025//2025 2026//2026 2082//2082
f 2025//2025 2082//2082 2081//2081
f 2026//2026 2027//2027 2082//2082
f 2027//2027 2083//2083 2082//2082
f 2027//2027 2028//2028 2084//2084
f 2027//2027 2084//2084 2083//2083
f 2028//2028 2029//2029 2084//2084
f 2029//2029 2085//2085 2084//2084
f 2029//2029 2030//2030 2086//2086
f 2029//2029 2086//2086 2085//2085
f 2030//2030 2031//2031 2086//2086
f 2031//2031 2087//2087 2086//2086
f 2031//2031 2032//2032 2088//2088
f 2031//2031 2088//2088 2087//2087
f 2033//2033 2034//2034 2089//2089
f 2034//2034 2090//2090 2089//2089
f 2034//2034 2035//2035 2091//2091
f 2034//2034 2091//2091 2090//2090
f 2035//2035 2036//2036 2091//2091
f 2036//2036 2092//2092 2091//2091
f 2036//2036 2037//2037 2093//2093
f 2036//2036 2093//2093 2092//2092
f 2037//2037 2038//2038 2093//2093
f 2038//2038 2094//2094 2093//2093
f 2038//2038 2039//2039 2095//2095
f 2038//2038 2095//2095 2094//2094
f 2039//2039 2040//2040 2095//2095
f 2040//2040 2096//2096 2095//2095
f 2040//2040 2041//2041 2097//2097
f 2040//2040 2097//2097 2096//2096
f 2041//2041 2042//2042 2097//2097
f 2042//2042 2098//2098 2097//2097
f 2042//2042 2043//2043 2099//2099
f 2042//2042 2099//2099 2098//2098
f 2043//2043 2044//2044 2099//2099
f 2044//2044 2100//2100 2099//2099
f 2044//2044 2045//2045 2101//2101
f 2044//2044 2101//2101 2100//2100
f 2046//2046 2047//2047 2103//2103
f 2046//2046 2103//2103 2102//2102
f 2047//2047 2048//2048 2103//2103
f 2048//2048 2104//2104 2103//2103
f 2048//2048 2049//2049 2105//2105
f 2048//2048 2105//2105 2104//2104
f 2049//2049 2050//2050 2105//2105
f 2050//2050 2106//2106 2105//2105
f 2050//2050 2051//2051 2107//2107
f 2050//2050 2107//2107 2106//2106
f 2051//2051 2052//2052 2107//2107
f 2052//2052 2108//2108 2107//2107
f 2052//2052 2053//2053 2109//2109
f 2052//2052 2109//2109 2108//2108
f 2053//2053 2054//2054 2109//2109
f 2054//2054 2110//2110 2109//2109
f 2054//2054 2055//2055 2111//2111
f 2054//2054 2111//2111 2110//2110
f 2055//2055 2056//2056 2111//2111
f 2056//2056 2112//2112 2111//2111
f 2056//2056 2057//2057 2113//2113
f 2056//2056 2113//2113 2112//2112
f 2057//2057 2058//2058 2113//2113
f 2058//2058 2114//2114 2113//2113
f 2058//2058 2059//2059 2115//2115
f 2058//2058 2115//2115 2114//2114
f 2059//2059 2060//2060 2115//2115
f 2060//2060 2116//2116 2115//2115
f 2060//2060 2061//2061 2117//2117
f 2060//2060 2117//2117 2116//2116
f 2061//2061 2062//2062 2117//2117
f 2062//2062 2118//2118 2117//2117
f 2062//2062 2063//2063 2119//2119
f 2062//2062 2119//2119 2118//2118
f 2063//2063 2064//2064 2119//2119
f 2064//2064 2120//2120 2119//2119
f 2064//2064 2065//2065 2121//2121
f 2064//2064 2121//2121 2120//2120
f 2065//2065 2066//2066 2121//2121
f 2066//2066 2122//2122 2121//2121
f 2066//2066 2067//2067 2123//2123
f 2066//2066 2123//2123 2122//2122
f 2067//2067 2068//2068 2123//2123
f 2068//2068 2124//2124 2123//2123
f 2068//2068 2069//2069 2125//2125
f 2068//2068 2125//2125 2124//2124
f 2069//2069 2070//2070 2125//2125
f 2070//2070 2126//2126 2125//2125
f 2070//2070 2071//2071 2127//2127
f 2070//2070 2127//2127 2126//2126
f 2071//2071 2072//2072 2127//2127
f 2072//2072 2128//2128 2127//2127
f 2072//2072 2073//2073 2129//2129
f 2072//2072 2129//2129 2128//2128
f 2073//2073 2074//2074 2129//2129
f 2074//2074 2130//2130 2129//2129
f 2074//2074 2075//2075 2131//2131
f 2074//2074 2131//2131 2130//2130
f 2075//2075 2076//2076 2131//2131
f 2076//2076 2132//2132 2131//2131
f 2076//2076 2077//2077 2133//2133
f 2076//2076 2133//2133 2132//2132
f 2077//2077 2078//2078 2133//2133
f 2078//2078 2134//2134 2133//2133
f 2078//2078 2079//2079 2135//2135
f 2078//2078 2135//2135 2134//2134
f 2079//2079 2080//2080 2135//2135
f 2080//2080 2136//2136 2135//2135
f 2080//2080 2081//2081 2137//2137
f 2080//2080 2137//2137 2136//2136
f 2081//2081 2082//2082 2137//2137
f 2082//2082 2138//2138 2137//2137
f 2082//2082 2083//2083 2139//2139
f 2082//2082 2139//2139 2138//2138
f 2083//2083 2084//2084 2139//2139
f 2084//2084 2140//2140 2139//2139
f 2084//2084 2085//2085 2141//2141
f 2084//2084 2141//2141 2140//2140
f 2085//2085 2086//2086 2141//2141
f 2086//2086 2142//2142 2141//2141
f 2086//2086 2087//2087 2143//2143
f 2086//2086 2143//2143 2142//2142
f 2087//2087 2088//2088 2143//2143
f 2088//2088 2144//2144 2143//2143
f 2089//2089 2090//2090 2146//2146
f 2089//2089 2146//2146 2145//2145
f 2090//2090 2091//2091 2146//2146
f 2091//2091 2147//2147 2146//2146
f 2091//2091 2092//2092 2148//2148
f 2091//2091 2148//2148 2147//2147
f 2092//2092 2093//2093 2148//2148
f 2093//2093 2149//2149 2148//2148
f 2093//2093 2094//2094 2150//2150
f 2093//2093 2150//2150 2149//2149
f 2094//2094 2095//2095 2150//2150
f 2095//2095 2151//2151 2150//2150
f 2095//2095 2096//2096 2152//2152
f 2095//2095 2152//2152 2151//2151
f 2096//2096 2097//2097 2152//2152
f 2097//2097 2153//2153 2152//2152
f 2097//2097 2098//2098 2154//2154
f 2097//2097 2154//2154 2153//2153
f 2098//2098 2099//2099 2154//2154
f 2099//2099 2155//2155 2154//2154
f 2099//2099 2100//2100 2156//2156
f 2099//2099 2156//2156 2155//2155
f 2100//2100 2101//2101 2156//2156
f 2101//2101 2157//2157 2156//2156
f 2102//2102 2103//2103 2158//2158
f 2103//2103 2159//2159 2158//2158
f 2103//2103 2104//2104 2160//2160
f 2103//2103 2160//2160 2159//2159
f 2104//2104 2105//2105 2160//2160
f 2105//2105 2161//2161 2160//2160
f 2105//2105 2106//2106 2162//2162
f 2105//2105 2162//2162 2161//2161
f 2106//2106 2107//2107 2162//2162
f 2107//2107 2163//2163 2162//2162
f 2107//2107 2108//2108 2164//2164
f 2107//2107 2164//2164 2163//2163
f 2108//2108 2109//2109 2164//2164
f 2109//2109 2165//2165 2164//2164
f 2109//2109 2110//2110 2166//2166
f 2109//2109 2166//2166 2165//2165
f 2110//2110 2111//2111 2166//2166
f 2111//2111 2167//2167 2166//2166
f 2111//2111 2112//2112 2168//2168
f 2111//2111 2168//2168 2167//2167
f 2112//2112 2113//2113 2168//2168
f 2113//2113 2169//2169 2168//2168
f 2113//2113 2114//2114 2170//2170
f 2113//2113 2170//2170 2169//2169
f 2114//2114 2115//2115 2170//2170
f 2115//2115 2171//2171 2170//2170
f 2115//2115 2116//2116 2172//2172
f 2115//2115 2172//2172 2171//2171
f 2116//2116 2117//2117 2172//2172
f 2117//2117 2173//2173 2172//2172
f 2117//2117 2118//2118 2174//2174
f 2117//2117 2174//2174 2173//2173
f 2118//2118 2119//2119 2174//2174
f 2119//2119 2175//2175 2174//2174
f 2119//2119 2120//2120 2176//2176
f 2119//2119 2176//2176 2175//2175
f 2120//2120 2121//2121 2176//2176
f 2121//2121 2177//2177 2176//2176
f 2121//2121 2122//2122 2178//2178
f 2121//2121 2178//2178 2177//2177
f 2122//2122 2123//2123 2178//2178
f 2123//2123 2179//2179 2178//2178
f 2123//2123 2124//2124 2180//2180
f 2123//2123 2180//2180 2179//2179
f 2124//2124 2125//2125 2180//2180
f 2125//2125 2181//2181 2180//2180
f 2125//2125 2126//2126 2182//2182
f 2125//2125 2182//2182 2181//2181
f 2126//2126 2127//2127 2182//2182
f 2127//2127 2183//2183 2182//2182
f 2127//2127 2128//2128 2184//2184
f 2127//2127 2184//2184 2183//2183
f 2128//2128 2129//2129 2184//2184
f 2129//2129 2185//2185 2184//2184
f 2129//2129 2130//2130 2186//2186
f 2129//2129 2186//2186 2185//2185
f 2130//2130 2131//2131 2186//2186
f 2131//2131 2187//2187 2186//2186
f 2131//2131 2132//2132 2188//2188
f 2131//2131 2188//2188 2187//2187
f 2132//2132 2133//2133 2188//2188
f 2133//2133 2189//2189 2188//2188
f 2133//2133 2134//2134 2190//2190
f 2133//2133 2190//2190 2189//2189
f 2134//2134 2135//2135 2190//2190
f 2135//2135 2191//2191 2190//2190
f 2135//2135 2136//2136 2192//2192
f 2135//2135 2192//2192 2191//2191
f 2136//2136 2137//2137 2192//2192
f 2137//2137 2193//2193 2192//2192
f 2137//2137 2138//2138 2194//2194
f 2137//2137 2194//2194 2193//2193
f 2138//2138 2139//2139 2194//2194
f 2139//2139 2195//2195 2194//2194
f 2139//2139 2140//2140 2196//2196
f 2139//2139 2196//2196 2195//2195
f 2140//2140 2141//2141 2196//2196
f 2141//2141 2197//2197 2196//2196
f 2141//2141 2142//2142 2198//2198
f 2141//2141 2198//2198 2197//2197
f 2142//2142 2143//2143 2198//2198
f 2143//2143 2199//2199 2198//2198
f 2143//2143 2144//2144 2200//2200
f 2143//2143 2200//2200 2199//2199
f 2145//2145 2146//2146 2201//2201
f 2146//2146 2202//2202 2201//2201
f 2146//2146 2147//2147 2203//2203
f 2146//2146 2203//2203 2202//2202
f 2147//2147 2148//2148 2203//2203
f 2148//2148 2204//2204 2203//2203
f 2148//2148 2149//2149 2205//2205
f 2148//2148 2205//2205 2204//2204
f 2149//2149 2150//2150 2205//2205
f 2150//2150 2206//2206 2205//2205
f 2150//2150 2151//2151 2207//2207
f 2150//2150 2207//2207 2206//2206
f 2151//2151 2152//2152 2207//2207
f 2152//2152 2208//2208 2207//2207
f 2152//2152 2153//2153 2209//2209
f 2152//2152 2209//2209 2208//2208
f 2153//2153 2154//2154 2209//2209
f 2154//2154 2210//2210 2209//2209
f 2154//2154 2155//2155 2211//2211
f 2154//2154 2211//2211 2210//2210
f 2155//2155 2156//2156 2211//2211
f 2156//2156 2212//2212 2211//2211
f 2156//2156 2157//2157 2213//2213
f 2156//2156 2213//2213 2212//2212
f 2158//2158 2159//2159 2215//2215
f 2158//2158 2215//2215 2214//2214
f 2159//2159 2160//2160 2215//2215
f 2160//2160 2216//2216 2215//2215
f 2160//2160 2161//2161 2217//2217
f 2160//2160 2217//2217 2216//2216
f 2161//2161 2162//2162 2217//2217
f 2162//2162 2218//2218 2217//2217
f 2162//2162 2163//2163 2219//2219
f 2162//2162 2219//2219 2218//2218
f 2163//2163 2164//2164 2219//2219
f 2164//2164 2220//2220 2219//2219
f 2164//2164 2165//2165 2221//2221
f 2164//2164 2221//2221 2220//2220
f 2165//2165 2166//2166 2221//2221
f 2166//2166 2222//2222 2221//2221
f 2166//2166 2167//2167 2223//2223
f 2166//2166 2223//2223 2222//2222
f 2167//2167 2168//2168 2223//2223
f 2168//2168 2224//2224 2223//2223
f 2168//2168 2169//2169 2225//2225
f 2168//2168 2225//2225 2224//2224
f 2169//2169 2170//2170 2225//2225
f 2170//2170 2226//2226 2225//2225
f 2170//2170 2171//2171 2227//2227
f 2170//2170 2227//2227 2226//2226
f 2171//2171 2172//2172 2227//2227
f 2172//2172 2228//2228 2227//2227
f 2172//2172 2173//2173 2229//2229
f 2172//2172 2229//2229 2228//2228
f 2173//2173 2174//2174 2229//2229
f 2174//2174 2230//2230 2229//2229
f 2174//2174 2175//2175 2231//2231
f 2174//2174 2231//2231 2230//2230
f 2175//2175 2176//2176 2231//2231
f 2176//2176 2232//2232 2231//2231
f 2176//2176 2177//2177 2233//2233
f 2176//2176 2233//2233 2232//2232
f 2177//2177 2178//2178 2233//2233
f 2178//2178 2234//2234 2233//2233
f 2178//2178 2179//2179 2235//2235
f 2178//2178 2235//2235 2234//2234
f 2179//2179 2180//2180 2235//2235
f 2180//2180 2236//2236 2235//2235
f 2180//2180 2181//2181 2237//2237
f 2180//2180 2237//2237 2236//2236
f 2181//2181 2182//2182 2237//2237
f 2182//2182 2238//2238 2237//2237
f 2182//2182 2183//2183 2239//2239
f 2182//2182 2239//2239 2238//2238
f 2183//2183 2184//2184 2239//2239
f 2184//2184 2240//2240 2239//2239
f 2184//2184 2185//2185 2241//2241
f 2184//2184 2241//2241 2240//2240
f 2185//2185 2186//2186 2241//2241
f 2186//2186 2242//2242 2241//2241
f 2186//2186 2187//2187 2243//2243
f 2186//2186 2243//2243 2242//2242
f 2187//2187 2188//2188 2243//2243
f 2188//2188 2244//2244 2243//2243
f 2188//2188 2189//2189 2245//2245
f 2188//2188 2245//2245 2244//2244
f 2189//2189 2190//2190 2245//2245
f 2190//2190 2246//2246 2245//2245
f 2190//2190 2191//2191 2247//2247
f 2190//2190 2247//2247 2246//2246
f 2191//2191 2192//2192 2247//2247
f 2192//2192 2248//2248 2247//2247
f 2192//2192 2193//2193 2249//2249
f 2192//2192 2249//2249 2248//2248
f 2193//2193 2194//2194 2249//2249
f 2194//2194 2250//2250 2249//2249
f 2194//2194 2195//2195 2251//2251
f 2194//2194 2251//2251 2250//2250
f 2195//2195 2196//2196 2251//2251
f 2196//2196 2252//2252 2251//2251
f 2196//2196 2197//2197 2253//2253
f 2196//2196 2253//2253 2252//2252
f 2197//2197 2198//2198 2253//2253
f 2198//2198 2254//2254 2253//2253
f 2198//2198 2199//2199 2255//2255
f 2198//2198 2255//2255 2254//2254
f 2199//2199 2200//2200 2255//2255
f 2200//2200 2256//2256 2255//2255
f 2200//2200 2257//2257 2256//2256
f 2201//2201 2259//2259 2258//2258
f 2201//2201 2202//2202 2260//2260
f 2201//2201 2260//2260 2259//2259
f 2202//2202 2203//2203 2260//2260
f 2203//2203 2261//2261 2260//2260
f 2203//2203 2204//2204 2262//2262
f 2203//2203 2262//2262 2261//2261
f 2204//2204 2205//2205 2262//2262
f 2205//2205 2263//2263 2262//2262
f 2205//2205 2206//2206 2264//2264
f 2205//2205 2264//2264 2263//2263
f 2206//2206 2207//2207 2264//2264
f 2207//2207 2265//2265 2264//2264
f 2207//2207 2208//2208 2266//2266
f 2207//2207 2266//2266 2265//2265
f 2208//2208 2209//2209 2266//2266
f 2209//2209 2267//2267 2266//2266
f 2209//2209 2210//2210 2268//2268
f 2209//2209 2268//2268 2267//2267
f 2210//2210 2211//2211 2268//2268
f 2211//2211 2269//2269 2268//2268
f 2211//2211 2212//2212 2270//2270
f 2211//2211 2270//2270 2269//2269
f 2212//2212 2213//2213 2270//2270
f 2213//2213 2271//2271 2270//2270
f 2214//2214 2215//2215 2272//2272
f 2215//2215 2273//2273 2272//2272
f 2215//2215 2216//2216 2274//2274
f 2215//2215 2274//2274 2273//2273
f 2216//2216 2217//2217 2274//2274
f 2217//2217 2275//2275 2274//2274
f 2217//2217 2218//2218 2276//2276
f 2217//2217 2276//2276 2275//2275
f 2218//2218 2219//2219 2276//2276
f 2219//2219 2277//2277 2276//2276
f 2219//2219 2220//2220 2278//2278
f 2219//2219 2278//2278 2277//2277
f 2220//2220 2221//2221 2278//2278
f 2221//2221 2279//2279 2278//2278
f 2221//2221 2222//2222 2280//2280
f 2221//2221 2280//2280 2279//2279
f 2222//2222 2223//2223 2280//2280
f 2223//2223 2281//2281 2280//2280
f 2223//2223 2224//2224 2282//2282
f 2223//2223 2282//2282 2281//2281
f 2224//2224 2225//2225 2282//2282
f 2225//2225 2283//2283 2282//2282
f 2225//2225 2226//2226 2284//2284
f 2225//2225 2284//2284 2283//2283
f 2226//2226 2227//2227 2284//2284
f 2227//2227 2285//2285 2284//2284
f 2227//2227 2228//2228 2286//2286
f 2227//2227 2286//2286 2285//2285
f 2228//2228 2229//2229 2286//2286
f 2229//2229 2287//2287 2286//2286
f 2229//2229 2230//2230 2288//2288
f 2229//2229 2288//2288 2287//2287
f 2230//2230 2231//2231 2288//2288
f 2231//2231 2289//2289 2288//2288
f 2231//2231 2232//2232 2290//2290
f 2231//2231 2290//2290 2289//2289
f 2232//2232 2233//2233 2290//2290
f 2233//2233 2291//2291 2290//2290
f 2233//2233 2234//2234 2292//2292
f 2233//2233 2292//2292 2291//2291
f 2234//2234 2235//2235 2292//2292
f 2235//2235 2293//2293 2292//2292
f 2235//2235 2236//2236 2294//2294
f 2235//2235 2294//2294 2293//2293
f 2236//2236 2237//2237 2294//2294
f 2237//2237 2295//2295 2294//2294
f 2237//2237 2238//2238 2296//2296
f 2237//2237 2296//2296 2295//2295
f 2238//2238 2239//2239 2296//2296
f 2239//2239 2297//2297 2296//2296
f 2239//2239 2240//2240 2298//2298
f 2239//2239 2298//2298 2297//2297
f 2240//2240 2241//2241 2298//2298
f 2241//2241 2299//2299 2298//2298
f 2241//2241 2242//2242 2300//2300
f 2241//2241 2300//2300 2299//2299
f 2242//2242 2243//2243 2300//2300
f 2243//2243 2301//2301 2300//2300
f 2243//2243 2244//2244 2302//2302
f 2243//2243 2302//2302 2301//2301
f 2244//2244 2245//2245 2302//2302
f 2245//2245 2303//2303 2302//2302
f 2245//2245 2246//2246 2304//2304
f 2245//2245 2304//2304 2303//2303
f 2246//2246 2247//2247 2304//2304
f 2247//2247 2305//2305 2304//2304
f 2247//2247 2248//2248 2306//2306
f 2247//2247 2306//2306 2305//2305
f 2248//2248 2249//2249 2306//2306
f 2249//2249 2307//2307 2306//2306
f 2249//2249 2250//2250 2308//2308
f 2249//2249 2308//2308 2307//2307
f 2250//2250 2251//2251 2308//2308
f 2251//2251 2309//2309 2308//2308
f 2251//2251 2252//2252 2310//2310
f 2251//2251 2310//2310 2309//2309
f 2252//2252 2253//2253 2310//2310
f 2253//2253 2311//2311 2310//2310
f 2253//2253 2254//2254 2312//2312
f 2253//2253 2312//2312 2311//2311
f 2254//2254 2255//2255 2312//2312
f 2255//2255 2313//2313 2312//2312
f 2255//2255 2256//2256 2314//2314
f 2255//2255 2314//2314 2313//2313
f 2256//2256 2257//2257 2314//2314
f 2257//2257 2315//2315 2314//2314
f 2257//2257 2316//2316 2315//2315
f 2258//2258 2319//2319 2318//2318
f 2258//2258 2259//2259 2320//2320
f 2258//2258 2320//2320 2319//2319
f 2259//2259 2260//2260 2320//2320
f 2260//2260 2321//2321 2320//2320
f 2260//2260 2261//2261 2322//2322
f 2260//2260 2322//2322 2321//2321
f 2261//2261 2262//2262 2322//2322
f 2262//2262 2323//2323 2322//2322
f 2262//2262 2263//2263 2324//2324
f 2262//2262 2324//2324 2323//2323
f 2263//2263 2264//2264 2324//2324
f 2264//2264 2325//2325 2324//2324
f 2264//2264 2265//2265 2326//2326
f 2264//2264 2326//2326 2325//2325
f 2265//2265 2266//2266 2326//2326
f 2266//2266 2327//2327 2326//2326
f 2266//2266 2267//2267 2328//2328
f 2266//2266 2328//2328 2327//2327
f 2267//2267 2268//2268 2328//2328
f 2268//2268 2329//2329 2328//2328
f 2268//2268 2269//2269 2330//2330
f 2268//2268 2330//2330 2329//2329
f 2269//2269 2270//2270 2330//2330
f 2270//2270 2331//2331 2330//2330
f 2270//2270 2271//2271 2332//2332
f 2270//2270 2332//2332 2331//2331
f 2273//2273 2274//2274 2333//2333
f 2274//2274 2334//2334 2333//2333
f 2274//2274 2275//2275 2335//2335
f 2274//2274 2335//2335 2334//2334
f 2275//2275 2276//2276 2335//2335
f 2276//2276 2336//2336 2335//2335
f 2276//2276 2277//2277 2337//2337
f 2276//2276 2337//2337 2336//2336
f 2277//2277 2278//2278 2337//2337
f 2278//2278 2338//2338 2337//2337
f 2278//2278 2279//2279 2339//2339
f 2278//2278 2339//2339 2338//2338
f 2279//2279 2280//2280 2339//2339
f 2280//2280 2340//2340 2339//2339
f 2280//2280 2281//2281 2341//2341
f 2280//2280 2341//2341 2340//2340
f 2281//2281 2282//2282 2341//2341
f 2282//2282 2342//2342 2341//2341
f 2282//2282 2283//2283 2343//2343
f 2282//2282 2343//2343 2342//2342
f 2283//2283 2284//2284 2343//2343
f 2284//2284 2344//2344 2343//2343
f 2284//2284 2285//2285 2345//2345
f 2284//2284 2345//2345 2344//2344
f 2285//2285 2286//2286 2345//2345
f 2286//2286 2346//2346 2345//2345
f 2286//2286 2287//2287 2347//2347
f 2286//2286 2347//2347 2346//2346
f 2287//2287 2288//2288 2347//2347
f 2288//2288 2348//2348 2347//2347
f 2288//2288 2289//2289 2349//2349
f 2288//2288 2349//2349 2348//2348
f 2289//2289 2290//2290 2349//2349
f 2290//2290 2350//2350 2349//2349
f 2290//2290 2291//2291 2351//2351
f 2290//2290 2351//2351 2350//2350
f 2291//2291 2292//2292 2351//2351
f 2292//2292 2352//2352 2351//2351
f 2292//2292 2293//2293 2353//2353
f 2292//2292 2353//2353 2352//2352
f 2293//2293 2294//2294 2353//2353
f 2294//2294 2354//2354 2353//2353
f 2294//2294 2295//2295 2355//2355
f 2294//2294 2355//2355 2354//2354
f 2295//2295 2296//2296 2355//2355
f 2296//2296 2356//2356 2355//2355
f 2296//2296 2297//2297 2357//2357
f 2296//2296 2357//2357 2356//2356
f 2297//2297 2298//2298 2357//2357
f 2298//2298 2358//2358 2357//2357
f 2298//2298 2299//2299 2359//2359
f 2298//2298 2359//2359 2358//2358
f 2299//2299 2300//2300 2359//2359
f 2300//2300 2360//2360 2359//2359
f 2300//2300 2301//2301 2361//2361
f 2300//2300 2361//2361 2360//2360
f 2301//2301 2302//2302 2361//2361
f 2302//2302 2362//2362 2361//2361
f 2302//2302 2303//2303 2363//2363
f 2302//2302 2363//2363 2362//2362
f 2303//2303 2304//2304 2363//2363
f 2304//2304 2364//2364 2363//2363
f 2304//2304 2305//2305 2365//2365
f 2304//2304 2365//2365 2364//2364
f 2305//2305 2306//2306 2365//2365
f 2306//2306 2366//2366 2365//2365
f 2306//2306 2307//2307 2367//2367
f 2306//2306 2367//2367 2366//2366
f 2307//2307 2308//2308 2367//2367
f 2308//2308 2368//2368 2367//2367
f 2308//2308 2309//2309 2369//2369
f 2308//2308 2369//2369 2368//2368
f 2309//2309 2310//2310 2369//2369
f 2310//2310 2370//2370 2369//2369
f 2310//2310 2311//2311 2371//2371
f 2310//2310 2371//2371 2370//2370
f 2311//2311 2312//2312 2371//2371
f 2312//2312 2372//2372 2371//2371
f 2312//2312 2313//2313 2373//2373
f 2312//2312 2373//2373 2372//2372
f 2313//2313 2314//2314 2373//2373
f 2314//2314 2374//2374 2373//2373
f 2314//2314 2315//2315 2375//2375
f 2314//2314 2375//2375 2374//2374
f 2315//2315 2316//2316 2375//2375
f 2316//2316 2376//2376 2375//2375
f 2316//2316 2317//2317 2377//2377
f 2316//2316 2377//2377 2376//2376
f 2317//2317 2318//2318 2377//2377
f 2318//2318 2378//2378 2377//2377
f 2318//2318 2319//2319 2379//2379
f 2318//2318 2379//2379 2378//2378
f 2319//2319 2320//2320 2379//2379
f 2320//2320 2380//2380 2379//2379
f 2320//2320 2321//2321 2381//2381
f 2320//2320 2381//2381 2380//2380
f 2321//2321 2322//2322 2381//2381
f 2322//2322 2382//2382 2381//2381
f 2322//2322 2323//2323 2383//2383
f 2322//2322 2383//2383 2382//2382
f 2323//2323 2324//2324 2383//2383
f 2324//2324 2384//2384 2383//2383
f 2324//2324 2325//2325 2385//2385
f 2324//2324 2385//2385 2384//2384
f 2325//2325 2326//2326 2385//2385
f 2326//2326 2386//2386 2385//2385
f 2326//2326 2327//2327 2387//2387
f 2326//2326 2387//2387 2386//2386
f 2327//2327 2328//2328 2387//2387
f 2328//2328 2388//2388 2387//2387
f 2328//2328 2329//2329 2389//2389
f 2328//2328 2389//2389 2388//2388
f 2329//2329 2330//2330 2389//2389
f 2330//2330 2390//2390 2389//2389
f 2330//2330 2331//2331 2391//2391
f 2330//2330 2391//2391 2390//2390
f 2331//2331 2332//2332 2391//2391
f 2332//2332 2392//2392 2391//2391
f 2334//2334 2335//2335 2393//2393
f 2335//2335 2394//2394 2393//2393
f 2335//2335 2336//2336 2395//2395
f 2335//2335 2395//2395 2394//2394
f 2336//2336 2337//2337 2395//2395
f 2337//2337 2396//2396 2395//2395
f 2337//2337 2338//2338 2397//2397
f 2337//2337 2397//2397 2396//2396
f 2338//2338 2339//2339 2397//2397
f 2339//2339 2398//2398 2397//2397
f 2339//2339 2340//2340 2399//2399
f 2339//2339 2399//2399 2398//2398
f 2340//2340 2341//2341 2399//2399
f 2341//2341 2400//2400 2399//2399
f 2341//2341 2342//2342 2401//2401
f 2341//2341 2401//2401 2400//2400
f 2342//2342 2343//2343 2401//2401
f 2343//2343 2402//2402 2401//2401
f 2343//2343 2344//2344 2403//2403
f 2343//2343 2403//2403 2402//2402
f 2344//2344 2345//2345 2403//2403
f 2345//2345 2404//2404 2403//2403
f 2345//2345 2346//2346 2405//2405
f 2345//2345 2405//2405 2404//2404
f 2346//2346 2347//2347 2405//2405
f 2347//2347 2406//2406 2405//2405
f 2347//2347 2348//2348 2407//2407
f 2347//2347 2407//2407 2406//2406
f 2348//2348 2349//2349 2407//2407
f 2349//2349 2408//2408 2407//2407
f 2349//2349 2350//2350 2409//2409
f 2349//2349 2409//2409 2408//2408
f 2350//2350 2351//2351 2409//2409
f 2351//2351 2410//2410 2409//2409
f 2351//2351 2352//2352 2411//2411
f 2351//2351 2411//2411 2410//2410
f 2352//2352 2353//2353 2411//2411
f 2353//2353 2412//2412 2411//2411
f 2353//2353 2354//2354 2413//2413
f 2353//2353 2413//2413 2412//2412
f 2354//2354 2355//2355 2413//2413
f 2355//2355 2414//2414 2413//2413
f 2355//2355 2356//2356 2415//2415
f 2355//2355 2415//2415 2414//2414
f 2356//2356 2357//2357 2415//2415
f 2357//2357 2416//2416 2415//2415
f 2357//2357 2358//2358 2417//2417
f 2357//2357 2417//2417 2416//2416
f 2358//2358 2359//2359 2417//2417
f 2359//2359 2418//2418 2417//2417
f 2359//2359 2360//2360 2419//2419
f 2359//2359 2419//2419 2418//2418
f 2360//2360 2361//2361 2419//2419
f 2361//2361 2420//2420 2419//2419
f 2361//2361 2362//2362 2421//2421
f 2361//2361 2421//2421 2420//2420
f 2362//2362 2363//2363 2421//2421
f 2363//2363 2422//2422 2421//2421
f 2363//2363 2364//2364 2423//2423
f 2363//2363 2423//2423 2422//2422
f 2364//2364 2365//2365 2423//2423
f 2365//2365 2424//2424 2423//2423
f 2365//2365 2366//2366 2425//2425
f 2365//2365 2425//2425 2424//2424
f 2366//2366 2367//2367 2425//2425
f 2367//2367 2426//2426 2425//2425
f 2367//2367 2368//2368 2427//2427
f 2367//2367 2427//2427 2426//2426
f 2368//2368 2369//2369 2427//2427
f 2369//2369 2428//2428 2427//2427
f 2369//2369 2370//2370 2429//2429
f 2369//2369 2429//2429 2428//2428
f 2370//2370 2371//2371 2429//2429
f 2371//2371 2430//2430 2429//2429
f 2371//2371 2372//2372 2431//2431
f 2371//2371 2431//2431 2430//2430
f 2372//2372 2373//2373 2431//2431
f 2373//2373 2432//2432 2431//2431
f 2373//2373 2374//2374 2433//2433
f 2373//2373 2433//2433 2432//2432
f 2374//2374 2375//2375 2433//2433
f 2375//2375 2434//2434 2433//2433
f 2375//2375 2376//2376 2435//2435
f 2375//2375 2435//2435 2434//2434
f 2376//2376 2377//2377 2435//2435
f 2377//2377 2436//2436 2435//2435
f 2377//2377 2378//2378 2437//2437
f 2377//2377 2437//2437 2436//2436
f 2378//2378 2379//2379 2437//2437
f 2379//2379 2438//2438 2437//2437
f 2379//2379 2380//2380 2439//2439
f 2379//2379 2439//2439 2438//2438
f 2380//2380 2381//2381 2439//2439
f 2381//2381 2440//2440 2439//2439
f 2381//2381 2382//2382 2441//2441
f 2381//2381 2441//2441 2440//2440
f 2382//2382 2383//2383 2441//2441
f 2383//2383 2442//2442 2441//2441
f 2383//2383 2384//2384 2443//2443
f 2383//2383 2443//2443 2442//2442
f 2384//2384 2385//2385 2443//2443
f 2385//2385 2444//2444 2443//2443
f 2385//2385 2386//2386 2445//2445
f 2385//2385 2445//2445 2444//2444
f 2386//2386 2387//2387 2445//2445
f 2387//2387 2446//2446 2445//2445
f 2387//2387 2388//2388 2447//2447
f 2387//2387 2447//2447 2446//2446
f 2388//2388 2389//2389 2447//2447
f 2389//2389 2448//2448 2447//2447
f 2389//2389 2390//2390 2449//2449
f 2389//2389 2449//2449 2448//2448
f 2390//2390 2391//2391 2449//2449
f 2391//2391 2450//2450 2449//2449
f 2391//2391 2392//2392 2451//2451
f 2391//2391 2451//2451 2450//2450
f 2394//2394 2395//2395 2452//2452
f 2395//2395 2453//2453 2452//2452
f 2395//2395 2396//2396 2454//2454
f 2395//2395 2454//2454 2453//2453
f 2396//2396 2397//2397 2454//2454
f 2397//2397 2455//2455 2454//2454
f 2397//2397 2398//2398 2456//2456
f 2397//2397 2456//2456 2455//2455
f 2398//2398 2399//2399 2456//2456
f 2399//2399 2457//2457 2456//2456
f 2399//2399 2400//2400 2458//2458
f 2399//2399 2458//2458 2457//2457
f 2400//2400 2401//2401 2458//2458
f 2401//2401 2459//2459 2458//2458
f 2401//2401 2402//2402 2460//2460
f 2401//2401 2460//2460 2459//2459
f 2402//2402 2403//2403 2460//2460
f 2403//2403 2461//2461 2460//2460
f 2403//2403 2404//2404 2462//2462
f 2403//2403 2462//2462 2461//2461
f 2404//2404 2405//2405 2462//2462
f 2405//2405 2463//2463 2462//2462
f 2405//2405 2406//2406 2464//2464
f 2405//2405 2464//2464 2463//2463
f 2406//2406 2407//2407 2464//2464
f 2407//2407 2465//2465 2464//2464
f 2407//2407 2408//2408 2466//2466
f 2407//2407 2466//2466 2465//2465
f 2408//2408 2409//2409 2466//2466
f 2409//2409 2467//2467 2466//2466
f 2409//2409 2410//2410 2468//2468
f 2409//2409 2468//2468 2467//2467
f 2410//2410 2411//2411 2468//2468
f 2411//2411 2469//2469 2468//2468
f 2411//2411 2412//2412 2470//2470
f 2411//2411 2470//2470 2469//2469
f 2412//2412 2413//2413 2470//2470
f 2413//2413 2471//2471 2470//2470
f 2413//2413 2414//2414 2472//2472
f 2413//2413 2472//2472 2471//2471
f 2414//2414 2415//2415 2472//2472
f 2415//2415 2473//2473 2472//2472
f 2415//2415 2416//2416 2474//2474
f 2415//2415 2474//2474 2473//2473
f 2416//2416 2417//2417 2474//2474
f 2417//2417 2475//2475 2474//2474
f 2417//2417 2418//2418 2476//2476
f 2417//2417 2476//2476 2475//2475
f 2418//2418 2419//2419 2476//2476
f 2419//2419 2477//2477 2476//2476
f 2419//2419 2420//2420 2478//2478
f 2419//2419 2478//2478 2477//2477
f 2420//2420 2421//2421 2478//2478
f 2421//2421 2479//2479 2478//2478
f 2421//2421 2422//2422 2480//2480
f 2421//2421 2480//2480 2479//2479
f 2422//2422 2423//2423 2480//2480
f 2423//2423 2481//2481 2480//2480
f 2423//2423 2424//2424 2482//2482
f 2423//2423 2482//2482 2481//2481
f 2424//2424 2425//2425 2482//2482
f 2425//2425 2483//2483 2482//2482
f 2425//2425 2426//2426 2484//2484
f 2425//2425 2484//2484 2483//2483
f 2426//2426 2427//2427 2484//2484
f 2427//2427 2485//2485 2484//2484
f 2427//2427 2428//2428 2486//2486
f 2427//2427 2486//2486 2485//2485
f 2428//2428 2429//2429 2486//2486
f 2429//2429 2487//2487 2486//2486
f 2429//2429 2430//2430 2488//2488
f 2429//2429 2488//2488 2487//2487
f 2430//2430 2431//2431 2488//2488
f 2431//2431 2489//2489 2488//2488
f 2431//2431 2432//2432 2490//2490
f 2431//2431 2490//2490 2489//2489
f 2432//2432 2433//2433 2490//2490
f 2433//2433 2491//2491 2490//2490
f 2433//2433 2434//2434 2492//2492
f 2433//2433 2492//2492 2491//2491
f 2434//2434 2435//2435 2492//2492
f 2435//2435 2493//2493 2492//2492
f 2435//2435 2436//2436 2494//2494
f 2435//2435 2494//2494 2493//2493
f 2436//2436 2437//2437 2494//2494
f 2437//2437 2495//2495 2494//2494
f 2437//2437 2438//2438 2496//2496
f 2437//2437 2496//2496 2495//2495
f 2438//2438 2439//2439 2496//2496
f 2439//2439 2497//2497 2496//2496
f 2439//2439 2440//2440 2498//2498
f 2439//2439 2498//2498 2497//2497
f 2440//2440 2441//2441 2498//2498
f 2441//2441 2499//2499 2498//2498
f 2441//2441 2442//2442 2500//2500
f 2441//2441 2500//2500 2499//2499
f 2442//2442 2443//2443 2500//2500
f 2443//2443 2501//2501 2500//2500
f 2443//2443 2444//2444 2502//2502
f 2443//2443 2502//2502 2501//2501
f 2444//2444 2445//2445 2502//2502
f 2445//2445 2503//2503 2502//2502
f 2445//2445 2446//2446 2504//2504
f 2445//2445 2504//2504 2503//2503
f 2446//2446 2447//2447 2504//2504
f 2447//2447 2505//2505 2504//2504
f 2447//2447 2448//2448 2506//2506
f 2447//2447 2506//2506 2505//2505
f 2448//2448 2449//2449 2506//2506
f 2449//2449 2507//2507 2506//2506
f 2449//2449 2450//2450 2508//2508
f 2449//2449 2508//2508 2507//2507
f 2452//2452 2453//2453 2509//2509
f 2453//2453 2454//2454 2509//2509
f 2454//2454 2510//2510 2509//2509
f 2454//2454 2455//2455 2511//2511
f 2454//2454 2511//2511 2510//2510
f 2455//2455 2456//2456 2511//2511
f 2456//2456 2512//2512 2511//2511
f 2456//2456 2457//2457 2513//2513
f 2456//2456 2513//2513 2512//2512
f 2457//2457 2458//2458 2513//2513
f 2458//2458 2514//2514 2513//2513
f 2458//2458 2459//2459 2515//2515
f 2458//2458 2515//2515 2514//2514
f 2459//2459 2460//2460 2515//2515
f 2460//2460 2516//2516 2515//2515
f 2460//2460 2461//2461 2517//2517
f 2460//2460 2517//2517 2516//2516
f 2461//2461 2462//2462 2517//2517
f 2462//2462 2518//2518 2517//2517
f 2462//2462 2463//2463 2519//2519
f 2462//2462 2519//2519 2518//2518
f 2463//2463 2464//2464 2519//2519
f 2464//2464 2520//2520 2519//2519
f 2464//2464 2465//2465 2521//2521
f 2464//2464 2521//2521 2520//2520
f 2465//2465 2466//2466 2521//2521
f 2466//2466 2522//2522 2521//2521
f 2466//2466 2467//2467 2523//2523
f 2466//2466 2523//2523 2522//2522
f 2467//2467 2468//2468 2523//2523
f 2468//2468 2524//2524 2523//2523
f 2468//2468 2469//2469 2525//2525
f 2468//2468 2525//2525 2524//2524
f 2469//2469 2470//2470 2525//2525
f 2470//2470 2526//2526 2525//2525
f 2470//2470 2471//2471 2527//2527
f 2470//2470 2527//2527 2526//2526
f 2471//2471 2472//2472 2527//2527
f 2472//2472 2528//2528 2527//2527
f 2472//2472 2473//2473 2529//2529
f 2472//2472 2529//2529 2528//2528
f 2473//2473 2474//2474 2529//2529
f 2474//2474 2530//2530 2529//2529
f 2474//2474 2475//2475 2531//2531
f 2474//2474 2531//2531 2530//2530
f 2475//2475 2476//2476 2531//2531
f 2476//2476 2532//2532 2531//2531
f 2476//2476 2477//2477 2533//2533
f 2476//2476 2533//2533 2532//2532
f 2477//2477 2478//2478 2533//2533
f 2478//2478 2534//2534 2533//2533
f 2478//2478 2479//2479 2535//2535
f 2478//2478 2535//2535 2534//2534
f 2479//2479 2480//2480 2535//2535
f 2480//2480 2536//2536 2535//2535
f 2480//2480 2481//2481 2537//2537
f 2480//2480 2537//2537 2536//2536
f 2481//2481 2482//2482 2537//2537
f 2482//2482 2538//2538 2537//2537
f 2482//2482 2483//2483 2539//2539
f 2482//2482 2539//2539 2538//2538
f 2483//2483 2484//2484 2539//2539
f 2484//2484 2540//2540 2539//2539
f 2484//2484 2485//2485 2541//2541
f 2484//2484 2541//2541 2540//2540
f 2485//2485 2486//2486 2541//2541
f 2486//2486 2542//2542 2541//2541
f 2486//2486 2487//2487 2543//2543
f 2486//2486 2543//2543 2542//2542
f 2487//2487 2488//2488 2543//2543
f 2488//2488 2544//2544 2543//2543
f 2488//2488 2489//2489 2545//2545
f 2488//2488 2545//2545 2544//2544
f 2489//2489 2490//2490 2545//2545
f 2490//2490 2546//2546 2545//2545
f 2490//2490 2491//2491 2547//2547
f 2490//2490 2547//2547 2546//2546
f 2491//2491 2492//2492 2547//2547
f 2492//2492 2548//2548 2547//2547
f 2492//2492 2493//2493 2549//2549
f 2492//2492 2549//2549 2548//2548
f 2493//2493 2494//2494 2549//2549
f 2494//2494 2550//2550 2549//2549
f 2494//2494 2495//2495 2551//2551
f 2494//2494 2551//2551 2550//2550
f 2495//2495 2496//2496 2551//2551
f 2496//2496 2552//2552 2551//2551
f 2496//2496 2497//2497 2553//2553
f 2496//2496 2553//2553 2552//2552
f 2497//2497 2498//2498 2553//2553
f 2498//2498 2554//2554 2553//2553
f 2498//2498 2499//2499 2555//2555
f 2498//2498 2555//2555 2554//2554
f 2499//2499 2500//2500 2555//2555
f 2500//2500 2556//2556 2555//2555
f 2500//2500 2501//2501 2557//2557
f 2500//2500 2557//2557 2556//2556
f 2501//2501 2502//2502 2557//2557
f 2502//2502 2558//2558 2557//2557
f 2502//2502 2503//2503 2559//2559
f 2502//2502 2559//2559 2558//2558
f 2503//2503 2504//2504 2559//2559
f 2504//2504 2560//2560 2559//2559
f 2504//2504 2505//2505 2561//2561
f 2504//2504 2561//2561 2560//2560
f 2505//2505 2506//2506 2561//2561
f 2506//2506 2562//2562 2561//2561
f 2506//2506 2507//2507 2563//2563
f 2506//2506 2563//2563 2562//2562
f 2507//2507 2508//2508 2563//2563
f 2508//2508 2564//2564 2563//2563
f 2509//2509 2510//2510 2566//2566
f 2509//2509 2566//2566 2565//2565
f 2510//2510 2511//2511 2566//2566
f 2511//2511 2567//2567 2566//2566
f 2511//2511 2512//2512 2568//2568
f 2511//2511 2568//2568 2567//2567
f 2512//2512 2513//2513 2568//2568
f 2513//2513 2569//2569 2568//2568
f 2513//2513 2514//2514 2570//2570
f 2513//2513 2570//2570 2569//2569
f 2514//2514 2515//2515 2570//2570
f 2515//2515 2571//2571 2570//2570
f 2515//2515 2516//2516 2572//2572
f 2515//2515 2572//2572 2571//2571
f 2516//2516 2517//2517 2572//2572
f 2517//2517 2573//2573 2572//2572
f 2517//2517 2518//2518 2574//2574
f 2517//2517 2574//2574 2573//2573
f 2518//2518 2519//2519 2574//2574
f 2519//2519 2575//2575 2574//2574
f 2519//2519 2520//2520 2576//2576
f 2519//2519 2576//2576 2575//2575
f 2520//2520 2521//2521 2576//2576
f 2521//2521 2577//2577 2576//2576
f 2521//2521 2522//2522 2578//2578
f 2521//2521 2578//2578 2577//2577
f 2522//2522 2523//2523 2578//2578
f 2523//2523 2579//2579 2578//2578
f 2523//2523 2524//2524 2580//2580
f 2523//2523 2580//2580 2579//2579
f 2524//2524 2525//2525 2580//2580
f 2525//2525 2581//2581 2580//2580
f 2525//2525 2526//2526 2582//2582
f 2525//2525 2582//2582 2581//2581
f 2526//2526 2527//2527 2582//2582
f 2527//2527 2583//2583 2582//2582
f 2527//2527 2528//2528 2584//2584
f 2527//2527 2584//2584 2583//2583
f 2528//2528 2529//2529 2584//2584
f 2529//2529 2585//2585 2584//2584
f 2529//2529 2530//2530 2586//2586
f 2529//2529 2586//2586 2585//2585
f 2530//2530 2531//2531 2586//2586
f 2531//2531 2587//2587 2586//2586
f 2531//2531 2532//2532 2588//2588
f 2531//2531 2588//2588 2587//2587
f 2532//2532 2533//2533 2588//2588
f 2533//2533 2589//2589 2588//2588
f 2533//2533 2534//2534 2590//2590
f 2533//2533 2590//2590 2589//2589
f 2534//2534 2535//2535 2590//2590
f 2535//2535 2591//2591 2590//2590
f 2535//2535 2536//2536 2592//2592
f 2535//2535 2592//2592 2591//2591
f 2536//2536 2537//2537 2592//2592
f 2537//2537 2593//2593 2592//2592
f 2537//2537 2538//2538 2594//2594
f 2537//2537 2594//2594 2593//2593
f 2538//2538 2539//2539 2594//2594
f 2539//2539 2595//2595 2594//2594
f 2539//2539 2540//2540 2596//2596
f 2539//2539 2596//2596 2595//2595
f 2540//2540 2541//2541 2596//2596
f 2541//2541 2597//2597 2596//2596
f 2541//2541 2542//2542 2598//2598
f 2541//2541 2598//2598 2597//2597
f 2542//2542 2543//2543 2598//2598
f 2543//2543 2599//2599 2598//2598
f 2543//2543 2544//2544 2600//2600
f 2543//2543 2600//2600 2599//2599
f 2544//2544 2545//2545 2600//2600
f 2545//2545 2601//2601 2600//2600
f 2545//2545 2546//2546 2602//2602
f 2545//2545 2602//2602 2601//2601
f 2546//2546 2547//2547 2602//2602
f 2547//2547 2603//2603 2602//2602
f 2547//2547 2548//2548 2604//2604
f 2547//2547 2604//2604 2603//2603
f 2548//2548 2549//2549 2604//2604
f 2549//2549 2605//2605 2604//2604
f 2549//2549 2550//2550 2606//2606
f 2549//2549 2606//2606 2605//2605
f 2550//2550 2551//2551 2606//2606
f 2551//2551 2607//2607 2606//2606
f 2551//2551 2552//2552 2608//2608
f 2551//2551 2608//2608 2607//2607
f 2552//2552 2553//2553 2608//2608
f 2553//2553 2609//2609 2608//2608
f 2553//2553 2554//2554 2610//2610
f 2553//2553 2610//2610 2609//2609
f 2554//2554 2555//2555 2610//2610
f 2555//2555 2611//2611 2610//2610
f 2555//2555 2556//2556 2612//2612
f 2555//2555 2612//2612 2611//2611
f 2556//2556 2557//2557 2612//2612
f 2557//2557 2613//2613 2612//2612
f 2557//2557 2558//2558 2614//2614
f 2557//2557 2614//2614 2613//2613
f 2558//2558 2559//2559 2614//2614
f 2559//2559 2615//2615 2614//2614
f 2559//2559 2560//2560 2616//2616
f 2559//2559 2616//2616 2615//2615
f 2560//2560 2561//2561 2616//2616
f 2561//2561 2617//2617 2616//2616
f 2561//2561 2562//2562 2618//2618
f 2561//2561 2618//2618 2617//2617
f 2562//2562 2563//2563 2618//2618
f 2563//2563 2619//2619 2618//2618
f 2563//2563 2564//2564 2620//2620
f 2563//2563 2620//2620 2619//2619
f 2565//2565 2566//2566 2621//2621
f 2566//2566 2622//2622 2621//2621
f 2566//2566 2567//2567 2623//2623
f 2566//2566 2623//2623 2622//2622
f 2567//2567 2568//2568 2623//2623
f 2568//2568 2624//2624 2623//2623
f 2568//2568 2569//2569 2625//2625
f 2568//2568 2625//2625 2624//2624
f 2569//2569 2570//2570 2625//2625
f 2570//2570 2626//2626 2625//2625
f 2570//2570 2571//2571 2627//2627
f 2570//2570 2627//2627 2626//2626
f 2571//2571 2572//2572 2627//2627
f 2572//2572 2628//2628 2627//2627
f 2572//2572 2573//2573 2629//2629
f 2572//2572 2629//2629 2628//2628
f 2573//2573 2574//2574 2629//2629
f 2574//2574 2630//2630 2629//2629
f 2574//2574 2575//2575 2631//2631
f 2574//2574 2631//2631 2630//2630
f 2575//2575 2576//2576 2631//2631
f 2576//2576 2632//2632 2631//2631
f 2576//2576 2577//2577 2633//2633
f 2576//2576 2633//2633 2632//2632
f 2577//2577 2578//2578 2633//2633
f 2578//2578 2634//2634 2633//2633
f 2578//2578 2579//2579 2635//2635
f 2578//2578 2635//2635 2634//2634
f 2579//2579 2580//2580 2635//2635
f 2580//2580 2636//2636 2635//2635
f 2580//2580 2581//2581 2637//2637
f 2580//2580 2637//2637 2636//2636
f 2581//2581 2582//2582 2637//2637
f 2582//2582 2638//2638 2637//2637
f 2582//2582 2583//2583 2639//2639
f 2582//2582 2639//2639 2638//2638
f 2583//2583 2584//2584 2639//2639
f 2584//2584 2640//2640 2639//2639
f 2584//2584 2585//2585 2641//2641
f 2584//2584 2641//2641 2640//2640
f 2585//2585 2586//2586 2641//2641
f 2586//2586 2642//2642 2641//2641
f 2586//2586 2587//2587 2643//2643
f 2586//2586 2643//2643 2642//2642
f 2587//2587 2588//2588 2643//2643
f 2588//2588 2644//2644 2643//2643
f 2588//2588 2589//2589 2645//2645
f 2588//2588 2645//2645 2644//2644
f 2589//2589 2590//2590 2645//2645
f 2590//2590 2646//2646 2645//2645
f 2590//2590 2591//2591 2647//2647
f 2590//2590 2647//2647 2646//2646
f 2591//2591 2592//2592 2647//2647
f 2592//2592 2648//2648 2647//2647
f 2592//2592 2593//2593 2649//2649
f 2592//2592 2649//2649 2648//2648
f 2593//2593 2594//2594 2649//2649
f 2594//2594 2650//2650 2649//2649
f 2594//2594 2595//2595 2651//2651
f 2594//2594 2651//2651 2650//2650
f 2595//2595 2596//2596 2651//2651
f 2596//2596 2652//2652 2651//2651
f 2596//2596 2597//2597 2653//2653
f 2596//2596 2653//2653 2652//2652
f 2597//2597 2598//2598 2653//2653
f 2598//2598 2654//2654 2653//2653
f 2598//2598 2599//2599 2655//2655
f 2598//2598 2655//2655 2654//2654
f 2599//2599 2600//2600 2655//2655
f 2600//2600 2656//2656 2655//2655
f 2600//2600 2601//2601 2657//2657
f 2600//2600 2657//2657 2656//2656
f 2601//2601 2602//2602 2657//2657
f 2602//2602 2658//2658 2657//2657
f 2602//2602 2603//2603 2659//2659
f 2602//2602 2659//2659 2658//2658
f 2603//2603 2604//2604 2659//2659
f 2604//2604 2660//2660 2659//2659
f 2604//2604 2605//2605 2661//2661
f 2604//2604 2661//2661 2660//2660
f 2605//2605 2606//2606 2661//2661
f 2606//2606 2662//2662 2661//2661
f 2606//2606 2607//2607 2663//2663
f 2606//2606 2663//2663 2662//2662
f 2607//2607 2608//2608 2663//2663
f 2608//2608 2664//2664 2663//2663
f 2608//2608 2609//2609 2665//2665
f 2608//2608 2665//2665 2664//2664
f 2609//2609 2610//2610 2665//2665
f 2610//2610 2666//2666 2665//2665
f 2610//2610 2611//2611 2667//2667
f 2610//2610 2667//2667 2666//2666
f 2611//2611 2612//2612 2667//2667
f 2612//2612 2668//2668 2667//2667
f 2612//2612 2613//2613 2669//2669
f 2612//2612 2669//2669 2668//2668
f 2613//2613 2614//2614 2669//2669
f 2614//2614 2670//2670 2669//2669
f 2614//2614 2615//2615 2671//2671
f 2614//2614 2671//2671 2670//2670
f 2615//2615 2616//2616 2671//2671
f 2616//2616 2672//2672 2671//2671
f 2616//2616 2617//2617 2673//2673
f 2616//2616 2673//2673 2672//2672
f 2617//2617 2618//2618 2673//2673
f 2618//2618 2674//2674 2673//2673
f 2618//2618 2619//2619 2675//2675
f 2618//2618 2675//2675 2674//2674
f 2619//2619 2620//2620 2675//2675
f 2620//2620 2676//2676 2675//2675
f 2622//2622 2623//2623 2678//2678
f 2623//2623 2679//2679 2678//2678
f 2623//2623 2624//2624 2680//2680
f 2623//2623 2680//2680 2679//2679
f 2624//2624 2625//2625 2680//2680
f 2625//2625 2681//2681 2680//2680
f 2625//2625 2626//2626 2682//2682
f 2625//2625 2682//2682 2681//2681
f 2626//2626 2627//2627 2682//2682
f 2627//2627 2683//2683 2682//2682
f 2627//2627 2628//2628 2684//2684
f 2627//2627 2684//2684 2683//2683
f 2628//2628 2629//2629 2684//2684
f 2629//2629 2685//2685 2684//2684
f 2629//2629 2630//2630 2686//2686
f 2629//2629 2686//2686 2685//2685
f 2630//2630 2631//2631 2686//2686
f 2631//2631 2687//2687 2686//2686
f 2631//2631 2632//2632 2688//2688
f 2631//2631 2688//2688 2687//2687
f 2632//2632 2633//2633 2688//2688
f 2633//2633 2689//2689 2688//2688
f 2633//2633 2634//2634 2690//2690
f 2633//2633 2690//2690 2689//2689
f 2634//2634 2635//2635 2690//2690
f 2635//2635 2691//2691 2690//2690
f 2635//2635 2636//2636 2692//2692
f 2635//2635 2692//2692 2691//2691
f 2636//2636 2637//2637 2692//2692
f 2637//2637 2693//2693 2692//2692
f 2637//2637 2638//2638 2694//2694
f 2637//2637 2694//2694 2693//2693
f 2638//2638 2639//2639 2694//2694
f 2639//2639 2695//2695 2694//2694
f 2639//2639 2640//2640 2696//2696
f 2639//2639 2696//2696 2695//2695
f 2640//2640 2641//2641 2696//2696
f 2641//2641 2697//2697 2696//2696
f 2641//2641 2642//2642 2698//2698
f 2641//2641 2698//2698 2697//2697
f 2642//2642 2643//2643 2698//2698
f 2643//2643 2699//2699 2698//2698
f 2643//2643 2644//2644 2700//2700
f 2643//2643 2700//2700 2699//2699
f 2644//2644 2645//2645 2700//2700
f 2645//2645 2701//2701 2700//2700
f 2645//2645 2646//2646 2702//2702
f 2645//2645 2702//2702 2701//2701
f 2646//2646 2647//2647 2702//2702
f 2647//2647 2703//2703 2702//2702
f 2647//2647 2648//2648 2704//2704
f 2647//2647 2704//2704 2703//2703
f 2648//2648 2649//2649 2704//2704
f 2649//2649 2705//2705 2704//2704
f 2649//2649 2650//2650 2706//2706
f 2649//2649 2706//2706 2705//2705
f 2650//2650 2651//2651 2706//2706
f 2651//2651 2707//2707 2706//2706
f 2651//2651 2652//2652 2708//2708
f 2651//2651 2708//2708 2707//2707
f 2652//2652 2653//2653 2708//2708
f 2653//2653 2709//2709 2708//2708
f 2653//2653 2654//2654 2710//2710
f 2653//2653 2710//2710 2709//2709
f 2654//2654 2655//2655 2710//2710
f 2655//2655 2711//2711 2710//2710
f 2655//2655 2656//2656 2712//2712
f 2655//2655 2712//2712 2711//2711
f 2656//2656 2657//2657 2712//2712
f 2657//2657 2713//2713 2712//2712
f 2657//2657 2658//2658 2714//2714
f 2657//2657 2714//2714 2713//2713
f 2658//2658 2659//2659 2714//2714
f 2659//2659 2715//2715 2714//2714
f 2659//2659 2660//2660 2716//2716
f 2659//2659 2716//2716 2715//2715
f 2660//2660 2661//2661 2716//2716
f 2661//2661 2717//2717 2716//2716
f 2661//2661 2662//2662 2718//2718
f 2661//2661 2718//2718 2717//2717
f 2662//2662 2663//2663 2718//2718
f 2663//2663 2719//2719 2718//2718
f 2663//2663 2664//2664 2720//2720
f 2663//2663 2720//2720 2719//2719
f 2664//2664 2665//2665 2720//2720
f 2665//2665 2721//2721 2720//2720
f 2665//2665 2666//2666 2722//2722
f 2665//2665 2722//2722 2721//2721
f 2666//2666 2667//2667 2722//2722
f 2667//2667 2723//2723 2722//2722
f 2667//2667 2668//2668 2724//2724
f 2667//2667 2724//2724 2723//2723
f 2668//2668 2669//2669 2724//2724
f 2669//2669 2725//2725 2724//2724
f 2669//2669 2670//2670 2726//2726
f 2669//2669 2726//2726 2725//2725
f 2670//2670 2671//2671 2726//2726
f 2671//2671 2727//2727 2726//2726
f 2671//2671 2672//2672 2728//2728
f 2671//2671 2728//2728 2727//2727
f 2672//2672 2673//2673 2728//2728
f 2673//2673 2729//2729 2728//2728
f 2673//2673 2674//2674 2730//2730
f 2673//2673 2730//2730 2729//2729
f 2674//2674 2675//2675 2730//2730
f 2675//2675 2731//2731 2730//2730
f 2675//2675 2676//2676 2732//2732
f 2675//2675 2732//2732 2731//2731
f 2676//2676 2677//2677 2732//2732
f 2677//2677 2733//2733 2732//2732
f 2679//2679 2680//2680 2734//2734
f 2680//2680 2735//2735 2734//2734
f 2680//2680 2681//2681 2736//2736
f 2680//2680 2736//2736 2735//2735
f 2681//2681 2682//2682 2736//2736
f 2682//2682 2737//2737 2736//2736
f 2682//2682 2683//2683 2738//2738
f 2682//2682 2738//2738 2737//2737
f 2683//2683 2684//2684 2738//2738
f 2684//2684 2739//2739 2738//2738
f 2684//2684 2685//2685 2740//2740
f 2684//2684 2740//2740 2739//2739
f 2685//2685 2686//2686 2740//2740
f 2686//2686 2741//2741 2740//2740
f 2686//2686 2687//2687 2742//2742
f 2686//2686 2742//2742 2741//2741
f 2687//2687 2688//2688 2742//2742
f 2688//2688 2743//2743 2742//2742
f 2688//2688 2689//2689 2744//2744
f 2688//2688 2744//2744 2743//2743
f 2689//2689 2690//2690 2744//2744
f 2690//2690 2745//2745 2744//2744
f 2690//2690 2691//2691 2746//2746
f 2690//2690 2746//2746 2745//2745
f 2691//2691 2692//2692 2746//2746
f 2692//2692 2747//2747 2746//2746
f 2692//2692 2693//2693 2748//2748
f 2692//2692 2748//2748 2747//2747
f 2693//2693 2694//2694 2748//2748
f 2694//2694 2749//2749 2748//2748
f 2694//2694 2695//2695 2750//2750
f 2694//2694 2750//2750 2749//2749
f 2695//2695 2696//2696 2750//2750
f 2696//2696 2751//2751 2750//2750
f 2696//2696 2697//2697 2752//2752
f 2696//2696 2752//2752 2751//2751
f 2697//2697 2698//2698 2752//2752
f 2698//2698 2753//2753 2752//2752
f 2698//2698 2699//2699 2754//2754
f 2698//2698 2754//2754 2753//2753
f 2699//2699 2700//2700 2754//2754
f 2700//2700 2755//2755 2754//2754
f 2700//2700 2701//2701 2756//2756
f 2700//2700 2756//2756 2755//2755
f 2701//2701 2702//2702 2756//2756
f 2702//2702 2757//2757 2756//2756
f 2702//2702 2703//2703 2758//2758
f 2702//2702 2758//2758 2757//2757
f 2703//2703 2704//2704 2758//2758
f 2704//2704 2759//2759 2758//2758
f 2704//2704 2705//2705 2760//2760
f 2704//2704 2760//2760 2759//2759
f 2705//2705 2706//2706 2760//2760
f 2706//2706 2761//2761 2760//2760
f 2706//2706 2707//2707 2762//2762
f 2706//2706 2762//2762 2761//2761
f 2707//2707 2708//2708 2762//2762
f 2708//2708 2763//2763 2762//2762
f 2708//2708 2709//2709 2764//2764
f 2708//2708 2764//2764 2763//2763
f 2709//2709 2710//2710 2764//2764
f 2710//2710 2765//2765 2764//2764
f 2710//2710 2711//2711 2766//2766
f 2710//2710 2766//2766 2765//2765
f 2711//2711 2712//2712 2766//2766
f 2712//2712 2767//2767 2766//2766
f 2712//2712 2713//2713 2768//2768
f 2712//2712 2768//2768 2767//2767
f 2713//2713 2714//2714 2768//2768
f 2714//2714 2769//2769 2768//2768
f 2714//2714 2715//2715 2770//2770
f 2714//2714 2770//2770 2769//2769
f 2715//2715 2716//2716 2770//2770
f 2716//2716 2771//2771 2770//2770
f 2716//2716 2717//2717 2772//2772
f 2716//2716 2772//2772 2771//2771
f 2717//2717 2718//2718 2772//2772
f 2718//2718 2773//2773 2772//2772
f 2718//2718 2719//2719 2774//2774
f 2718//2718 2774//2774 2773//2773
f 2719//2719 2720//2720 2774//2774
f 2720//2720 2775//2775 2774//2774
f 2720//2720 2721//2721 2776//2776
f 2720//2720 2776//2776 2775//2775
f 2721//2721 2722//2722 2776//2776
f 2722//2722 2777//2777 2776//2776
f 2722//2722 2723//2723 2778//2778
f 2722//2722 2778//2778 2777//2777
f 2723//2723 2724//2724 2778//2778
f 2724//2724 2779//2779 2778//2778
f 2724//2724 2725//2725 2780//2780
f 2724//2724 2780//2780 2779//2779
f 2725//2725 2726//2726 2780//2780
f 2726//2726 2781//2781 2780//2780
f 2726//2726 2727//2727 2782//2782
f 2726//2726 2782//2782 2781//2781
f 2727//2727 2728//2728 2782//2782
f 2728//2728 2783//2783 2782//2782
f 2728//2728 2729//2729 2784//2784
f 2728//2728 2784//2784 2783//2783
f 2729//2729 2730//2730 2784//2784
f 2730//2730 2785//2785 2784//2784
f 2730//2730 2731//2731 2786//2786
f 2730//2730 2786//2786 2785//2785
f 2731//2731 2732//2732 2786//2786
f 2732//2732 2787//2787 2786//2786
f 2732//2732 2733//2733 2788//2788
f 2732//2732 2788//2788 2787//2787
f 2735//2735 2736//2736 2789//2789
f 2736//2736 2790//2790 2789//2789
f 2736//2736 2737//2737 2791//2791
f 2736//2736 2791//2791 2790//2790
f 2737//2737 2738//2738 2791//2791
f 2738//2738 2792//2792 2791//2791
f 2738//2738 2739//2739 2793//2793
f 2738//2738 2793//2793 2792//2792
f 2739//2739 2740//2740 2793//2793
f 2740//2740 2794//2794 2793//2793
f 2740//2740 2741//2741 2795//2795
f 2740//2740 2795//2795 2794//2794
f 2741//2741 2742//2742 2795//2795
f 2742//2742 2796//2796 2795//2795
f 2742//2742 2743//2743 2797//2797
f 2742//2742 2797//2797 2796//2796
f 2743//2743 2744//2744 2797//2797
f 2744//2744 2798//2798 2797//2797
f 2744//2744 2745//2745 2799//2799
f 2744//2744 2799//2799 2798//2798
f 2745//2745 2746//2746 2799//2799
f 2746//2746 2800//2800 2799//2799
f 2746//2746 2747//2747 2801//2801
f 2746//2746 2801//2801 2800//2800
f 2747//2747 2748//2748 2801//2801
f 2748//2748 2802//2802 2801//2801
f 2748//2748 2749//2749 2803//2803
f 2748//2748 2803//2803 2802//2802
f 2749//2749 2750//2750 2803//2803
f 2750//2750 2804//2804 2803//2803
f 2750//2750 2751//2751 2805//2805
f 2750//2750 2805//2805 2804//2804
f 2751//2751 2752//2752 2805//2805
f 2752//2752 2806//2806 2805//2805
f 2752//2752 2753//2753 2807//2807
f 2752//2752 2807//2807 2806//2806
f 2753//2753 2754//2754 2807//2807
f 2754//2754 2808//2808 2807//2807
f 2754//2754 2755//2755 2809//2809
f 2754//2754 2809//2809 2808//2808
f 2755//2755 2756//2756 2809//2809
f 2756//2756 2810//2810 2809//2809
f 2756//2756 2757//2757 2811//2811
f 2756//2756 2811//2811 2810//2810
f 2757//2757 2758//2758 2811//2811
f 2758//2758 2812//2812 2811//2811
f 2758//2758 2759//2759 2813//2813
f 2758//2758 2813//2813 2812//2812
f 2759//2759 2760//2760 2813//2813
f 2760//2760 2814//2814 2813//2813
f 2760//2760 2761//2761 2815//2815
f 2760//2760 2815//2815 2814//2814
f 2761//2761 2762//2762 2815//2815
f 2762//2762 2816//2816 2815//2815
f 2762//2762 2763//2763 2817//2817
f 2762//2762 2817//2817 2816//2816
f 2763//2763 2764//2764 2817//2817
f 2764//2764 2818//2818 2817//2817
f 2764//2764 2765//2765 2819//2819
f 2764//2764 2819//2819 2818//2818
f 2765//2765 2766//2766 2819//2819
f 2766//2766 2820//2820 2819//2819
f 2766//2766 2767//2767 2821//2821
f 2766//2766 2821//2821 2820//2820
f 2767//2767 2768//2768 2821//2821
f 2768//2768 2822//2822 2821//2821
f 2768//2768 2769//2769 2823//2823
f 2768//2768 2823//2823 2822//2822
f 2769//2769 2770//2770 2823//2823
f 2770//2770 2824//2824 2823//2823
f 2770//2770 2771//2771 2825//2825
f 2770//2770 2825//2825 2824//2824
f 2771//2771 2772//2772 2825//2825
f 2772//2772 2826//2826 2825//2825
f 2772//2772 2773//2773 2827//2827
f 2772//2772 2827//2827 2826//2826
f 2773//2773 2774//2774 2827//2827
f 2774//2774 2828//2828 2827//2827
f 2774//2774 2775//2775 2829//2829
f 2774//2774 2829//2829 2828//2828
f 2775//2775 2776//2776 2829//2829
f 2776//2776 2830//2830 2829//2829
f 2776//2776 2777//2777 2831//2831
f 2776//2776 2831//2831 2830//2830
f 2777//2777 2778//2778 2831//2831
f 2778//2778 2832//2832 2831//2831
f 2778//2778 2779//2779 2833//2833
f 2778//2778 2833//2833 2832//2832
f 2779//2779 2780//2780 2833//2833
f 2780//2780 2834//2834 2833//2833
f 2780//2780 2781//2781 2835//2835
f 2780//2780 2835//2835 2834//2834
f 2781//2781 2782//2782 2835//2835
f 2782//2782 2836//2836 2835//2835
f 2782//2782 2783//2783 2837//2837
f 2782//2782 2837//2837 2836//2836
f 2783//2783 2784//2784 2837//2837
f 2784//2784 2838//2838 2837//2837
f 2784//2784 2785//2785 2839//2839
f 2784//2784 2839//2839 2838//2838
f 2785//2785 2786//2786 2839//2839
f 2786//2786 2840//2840 2839//2839
f 2786//2786 2787//2787 2841//2841
f 2786//2786 2841//2841 2840//2840
f 2787//2787 2788//2788 2841//2841
f 2788//2788 2842//2842 2841//2841
f 2790//2790 2791//2791 2843//2843
f 2791//2791 2844//2844 2843//2843
f 2791//2791 2792//2792 2845//2845
f 2791//2791 2845//2845 2844//2844
f 2792//2792 2793//2793 2845//2845
f 2793//2793 2846//2846 2845//2845
f 2793//2793 2794//2794 2847//2847
f 2793//2793 2847//2847 2846//2846
f 2794//2794 2795//2795 2847//2847
f 2795//2795 2848//2848 2847//2847
f 2795//2795 2796//2796 2849//2849
f 2795//2795 2849//2849 2848//2848
f 2796//2796 2797//2797 2849//2849
f 2797//2797 2850//2850 2849//2849
f 2797//2797 2798//2798 2851//2851
f 2797//2797 2851//2851 2850//2850
f 2798//2798 2799//2799 2851//2851
f 2799//2799 2852//2852 2851//2851
f 2799//2799 2800//2800 2853//2853
f 2799//2799 2853//2853 2852//2852
f 2800//2800 2801//2801 2853//2853
f 2801//2801 2854//2854 2853//2853
f 2801//2801 2802//2802 2855//2855
f 2801//2801 2855//2855 2854//2854
f 2802//2802 2803//2803 2855//2855
f 2803//2803 2856//2856 2855//2855
f 2803//2803 2804//2804 2857//2857
f 2803//2803 2857//2857 2856//2856
f 2804//2804 2805//2805 2857//2857
f 2805//2805 2858//2858 2857//2857
f 2805//2805 2806//2806 2859//2859
f 2805//2805 2859//2859 2858//2858
f 2806//2806 2807//2807 2859//2859
f 2807//2807 2860//2860 2859//2859
f 2807//2807 2808//2808 2861//2861
f 2807//2807 2861//2861 2860//2860
f 2808//2808 2809//2809 2861//2861
f 2809//2809 2862//2862 2861//2861
f 2809//2809 2810//2810 2863//2863
f 2809//2809 2863//2863 2862//2862
f 2810//2810 2811//2811 2863//2863
f 2811//2811 2864//2864 2863//2863
f 2811//2811 2812//2812 2865//2865
f 2811//2811 2865//2865 2864//2864
f 2812//2812 2813//2813 2865//2865
f 2813//2813 2866//2866 2865//2865
f 2813//2813 2814//2814 2867//2867
f 2813//2813 2867//2867 2866//2866
f 2814//2814 2815//2815 2867//2867
f 2815//2815 2868//2868 2867//2867
f 2815//2815 2816//2816 2869//2869
f 2815//2815 2869//2869 2868//2868
f 2816//2816 2817//2817 2869//2869
f 2817//2817 2870//2870 2869//2869
f 2817//2817 2818//2818 2871//2871
f 2817//2817 2871//2871 2870//2870
f 2818//2818 2819//2819 2871//2871
f 2819//2819 2872//2872 2871//2871
f 2819//2819 2820//2820 2873//2873
f 2819//2819 2873//2873 2872//2872
f 2820//2820 2821//2821 2873//2873
f 2821//2821 2874//2874 2873//2873
f 2821//2821 2822//2822 2875//2875
f 2821//2821 2875//2875 2874//2874
f 2822//2822 2823//2823 2875//2875
f 2823//2823 2876//2876 2875//2875
f 2823//2823 2824//2824 2877//2877
f 2823//2823 2877//2877 2876//2876
f 2824//2824 2825//2825 2877//2877
f 2825//2825 2878//2878 2877//2877
f 2825//2825 2826//2826 2879//2879
f 2825//2825 2879//2879 2878//2878
f 2826//2826 2827//2827 2879//2879
f 2827//2827 2880//2880 2879//2879
f 2827//2827 2828//2828 2881//2881
f 2827//2827 2881//2881 2880//2880
f 2828//2828 2829//2829 2881//2881
f 2829//2829 2882//2882 2881//2881
f 2829//2829 2830//2830 2883//2883
f 2829//2829 2883//2883 2882//2882
f 2830//2830 2831//2831 2883//2883
f 2831//2831 2884//2884 2883//2883
f 2831//2831 2832//2832 2885//2885
f 2831//2831 2885//2885 2884//2884
f 2832//2832 2833//2833 2885//2885
f 2833//2833 2886//2886 2885//2885
f 2833//2833 2834//2834 2887//2887
f 2833//2833 2887//2887 2886//2886
f 2834//2834 2835//2835 2887//2887
f 2835//2835 2888//2888 2887//2887
f 2835//2835 2836//2836 2889//2889
f 2835//2835 2889//2889 2888//2888
f 2836//2836 2837//2837 2889//2889
f 2837//2837 2890//2890 2889//2889
f 2837//2837 2838//2838 2891//2891
f 2837//2837 2891//2891 2890//2890
f 2838//2838 2839//2839 2891//2891
f 2839//2839 2892//2892 2891//2891
f 2839//2839 2840//2840 2893//2893
f 2839//2839 2893//2893 2892//2892
f 2840//2840 2841//2841 2893//2893
f 2841//2841 2894//2894 2893//2893
f 2841//2841 2842//2842 2895//2895
f 2841//2841 2895//2895 2894//2894
f 2844//2844 2845//2845 2896//2896
f 2845//2845 2897//2897 2896//2896
f 2845//2845 2846//2846 2898//2898
f 2845//2845 2898//2898 2897//2897
f 2846//2846 2847//2847 2898//2898
f 2847//2847 2899//2899 2898//2898
f 2847//2847 2848//2848 2900//2900
f 2847//2847 2900//2900 2899//2899
f 2848//2848 2849//2849 2900//2900
f 2849//2849 2901//2901 2900//2900
f 2849//2849 2850//2850 2902//2902
f 2849//2849 2902//2902 2901//2901
f 2850//2850 2851//2851 2902//2902
f 2851//2851 2903//2903 2902//2902
f 2851//2851 2852//2852 2904//2904
f 2851//2851 2904//2904 2903//2903
f 2852//2852 2853//2853 2904//2904
f 2853//2853 2905//2905 2904//2904
f 2853//2853 2854//2854 2906//2906
f 2853//2853 2906//2906 2905//2905
f 2854//2854 2855//2855 2906//2906
f 2855//2855 2907//2907 2906//2906
f 2855//2855 2856//2856 2908//2908
f 2855//2855 2908//2908 2907//2907
f 2856//2856 2857//2857 2908//2908
f 2857//2857 2909//2909 2908//2908
f 2857//2857 2858//2858 2910//2910
f 2857//2857 2910//2910 2909//2909
f 2858//2858 2859//2859 2910//2910
f 2859//2859 2911//2911 2910//2910
f 2859//2859 2860//2860 2912//2912
f 2859//2859 2912//2912 2911//2911
f 2860//2860 2861//2861 2912//2912
f 2861//2861 2913//2913 2912//2912
f 2861//2861 2862//2862 2914//2914
f 2861//2861 2914//2914 2913//2913
f 2862//2862 2863//2863 2914//2914
f 2863//2863 2915//2915 2914//2914
f 2863//2863 2864//2864 2916//2916
f 2863//2863 2916//2916 2915//2915
f 2864//2864 2865//2865 2916//2916
f 2865//2865 2917//2917 2916//2916
f 2865//2865 2866//2866 2918//2918
f 2865//2865 2918//2918 2917//2917
f 2866//2866 2867//2867 2918//2918
f 2867//2867 2919//2919 2918//2918
f 2867//2867 2868//2868 2920//2920
f 2867//2867 2920//2920 2919//2919
f 2868//2868 2869//2869 2920//2920
f 2869//2869 2921//2921 2920//2920
f 2869//2869 2870//2870 2922//2922
f 2869//2869 2922//2922 2921//2921
f 2870//2870 2871//2871 2922//2922
f 2871//2871 2923//2923 2922//2922
f 2871//2871 2872//2872 2924//2924
f 2871//2871 2924//2924 2923//2923
f 2872//2872 2873//2873 2924//2924
f 2873//2873 2925//2925 2924//2924
f 2873//2873 2874//2874 2926//2926
f 2873//2873 2926//2926 2925//2925
f 2874//2874 2875//2875 2926//2926
f 2875//2875 2927//2927 2926//2926
f 2875//2875 2876//2876 2928//2928
f 2875//2875 2928//2928 2927//2927
f 2876//2876 2877//2877 2928//2928
f 2877//2877 2929//2929 2928//2928
f 2877//2877 2878//2878 2930//2930
f 2877//2877 2930//2930 2929//2929
f 2878//2878 2879//2879 2930//2930
f 2879//2879 2931//2931 2930//2930
f 2879//2879 2880//2880 2932//2932
f 2879//2879 2932//2932 2931//2931
f 2880//2880 2881//2881 2932//2932
f 2881//2881 2933//2933 2932//2932
f 2881//2881 2882//2882 2934//2934
f 2881//2881 2934//2934 2933//2933
f 2882//2882 2883//2883 2934//2934
f 2883//2883 2935//2935 2934//2934
f 2883//2883 2884//2884 2936//2936
f 2883//2883 2936//2936 2935//2935
f 2884//2884 2885//2885 2936//2936
f 2885//2885 2937//2937 2936//2936
f 2885//2885 2886//2886 2938//2938
f 2885//2885 2938//2938 2937//2937
f 2886//2886 2887//2887 2938//2938
f 2887//2887 2939//2939 2938//2938
f 2887//2887 2888//2888 2940//2940
f 2887//2887 2940//2940 2939//2939
f 2888//2888 2889//2889 2940//2940
f 2889//2889 2941//2941 2940//2940
f 2889//2889 2890//2890 2942//2942
f 2889//2889 2942//2942 2941//2941
f 2890//2890 2891//2891 2942//2942
f 2891//2891 2943//2943 2942//2942
f 2891//2891 2892//2892 2944//2944
f 2891//2891 2944//2944 2943//2943
f 2892//2892 2893//2893 2944//2944
f 2893//2893 2945//2945 2944//2944
f 2893//2893 2894//2894 2946//2946
f 2893//2893 2946//2946 2945//2945
f 2898//2898 2899//2899 2947//2947
f 2899//2899 2900//2900 2947//2947
f 2900//2900 2948//2948 2947//2947
f 2900//2900 2901//2901 2949//2949
f 2900//2900 2949//2949 2948//2948
f 2901//2901 2902//2902 2949//2949
f 2902//2902 2950//2950 2949//2949
f 2902//2902 2903//2903 2951//2951
f 2902//2902 2951//2951 2950//2950
f 2903//2903 2904//2904 2951//2951
f 2904//2904 2952//2952 2951//2951
f 2904//2904 2905//2905 2953//2953
f 2904//2904 2953//2953 2952//2952
f 2905//2905 2906//2906 2953//2953
f 2906//2906 2954//2954 2953//2953
f 2906//2906 2907//2907 2955//2955
f 2906//2906 2955//2955 2954//2954
f 2907//2907 2908//2908 2955//2955
f 2908//2908 2956//2956 2955//2955
f 2908//2908 2909//2909 2957//2957
f 2908//2908 2957//2957 2956//2956
f 2909//2909 2910//2910 2957//2957
f 2910//2910 2958//2958 2957//2957
f 2910//2910 2911//2911 2959//2959
f 2910//2910 2959//2959 2958//2958
f 2911//2911 2912//2912 2959//2959
f 2912//2912 2960//2960 2959//2959
f 2912//2912 2913//2913 2961//2961
f 2912//2912 2961//2961 2960//2960
f 2913//2913 2914//2914 2961//2961
f 2914//2914 2962//2962 2961//2961
f 2914//2914 2915//2915 2963//2963
f 2914//2914 2963//2963 2962//2962
f 2915//2915 2916//2916 2963//2963
f 2916//2916 2964//2964 2963//2963
f 2916//2916 2917//2917 2965//2965
f 2916//2916 2965//2965 2964//2964
f 2917//2917 2918//2918 2965//2965
f 2918//2918 2966//2966 2965//2965
f 2918//2918 2919//2919 2967//2967
f 2918//2918 2967//2967 2966//2966
f 2919//2919 2920//2920 2967//2967
f 2920//2920 2968//2968 2967//2967
f 2920//2920 2921//2921 2969//2969
f 2920//2920 2969//2969 2968//2968
f 2921//2921 2922//2922 2969//2969
f 2922//2922 2970//2970 2969//2969
f 2922//2922 2923//2923 2971//2971
f 2922//2922 2971//2971 2970//2970
f 2923//2923 2924//2924 2971//2971
f 2924//2924 2972//2972 2971//2971
f 2924//2924 2925//2925 2973//2973
f 2924//2924 2973//2973 2972//2972
f 2925//2925 2926//2926 2973//2973
f 2926//2926 2974//2974 2973//2973
f 2926//2926 2927//2927 2975//2975
f 2926//2926 2975//2975 2974//2974
f 2927//2927 2928//2928 2975//2975
f 2928//2928 2976//2976 2975//2975
f 2928//2928 2929//2929 2977//2977
f 2928//2928 2977//2977 2976//2976
f 2929//2929 2930//2930 2977//2977
f 2930//2930 2978//2978 2977//2977
f 2930//2930 2931//2931 2979//2979
f 2930//2930 2979//2979 2978//2978
f 2931//2931 2932//2932 2979//2979
f 2932//2932 2980//2980 2979//2979
f 2932//2932 2933//2933 2981//2981
f 2932//2932 2981//2981 2980//2980
f 2933//2933 2934//2934 2981//2981
f 2934//2934 2982//2982 2981//2981
f 2934//2934 2935//2935 2983//2983
f 2934//2934 2983//2983 2982//2982
f 2935//2935 2936//2936 2983//2983
f 2936//2936 2984//2984 2983//2983
f 2936//2936 2937//2937 2985//2985
f 2936//2936 2985//2985 2984//2984
f 2937//2937 2938//2938 2985//2985
f 2938//2938 2986//2986 2985//2985
f 2938//2938 2939//2939 2987//2987
f 2938//2938 2987//2987 2986//2986
f 2939//2939 2940//2940 2987//2987
f 2940//2940 2988//2988 2987//2987
f 2940//2940 2941//2941 2989//2989
f 2940//2940 2989//2989 2988//2988
f 2941//2941 2942//2942 2989//2989
f 2942//2942 2990//2990 2989//2989
f 2942//2942 2943//2943 2991//2991
f 2942//2942 2991//2991 2990//2990
f 2943//2943 2944//2944 2991//2991
f 2944//2944 2992//2992 2991//2991
f 2944//2944 2945//2945 2993//2993
f 2944//2944 2993//2993 2992//2992
f 2945//2945 2946//2946 2993//2993
f 2948//2948 2949//2949 2994//2994
f 2949//2949 2995//2995 2994//2994
f 2949//2949 2950//2950 2996//2996
f 2949//2949 2996//2996 2995//2995
f 2950//2950 2951//2951 2996//2996
f 2951//2951 2997//2997 2996//2996
f 2951//2951 2952//2952 2998//2998
f 2951//2951 2998//2998 2997//2997
f 2952//2952 2953//2953 2998//2998
f 2953//2953 2999//2999 2998//2998
f 2953//2953 2954//2954 3000//3000
f 2953//2953 3000//3000 2999//2999
f 2954//2954 2955//2955 3000//3000
f 2955//2955 3001//3001 3000//3000
f 2955//2955 2956//2956 3002//3002
f 2955//2955 3002//3002 3001//3001
f 2956//2956 2957//2957 3002//3002
f 2957//2957 3003//3003 3002//3002
f 2957//2957 2958//2958 3004//3004
f 2957//2957 3004//3004 3003//3003
f 2958//2958 2959//2959 3004//3004
f 2959//2959 3005//3005 3004//3004
f 2959//2959 2960//2960 3006//3006
f 2959//2959 3006//3006 3005//3005
f 2960//2960 2961//2961 3006//3006
f 2961//2961 3007//3007 3006//3006
f 2961//2961 2962//2962 3008//3008
f 2961//2961 3008//3008 3007//3007
f 2962//2962 2963//2963 3008//3008
f 2963//2963 3009//3009 3008//3008
f 2963//2963 2964//2964 3010//3010
f 2963//2963 3010//3010 3009//3009
f 2964//2964 2965//2965 3010//3010
f 2965//2965 3011//3011 3010//3010
f 2965//2965 2966//2966 3012//3012
f 2965//2965 3012//3012 3011//3011
f 2966//2966 2967//2967 3012//3012
f 2967//2967 3013//3013 3012//3012
f 2967//2967 2968//2968 3014//3014
f 2967//2967 3014//3014 3013//3013
f 2968//2968 2969//2969 3014//3014
f 2969//2969 3015//3015 3014//3014
f 2969//2969 2970//2970 3016//3016
f 2969//2969 3016//3016 3015//3015
f 2970//2970 2971//2971 3016//3016
f 2971//2971 3017//3017 3016//3016
f 2971//2971 2972//2972 3018//3018
f 2971//2971 3018//3018 3017//3017
f 2972//2972 2973//2973 3018//3018
f 2973//2973 3019//3019 3018//3018
f 2973//2973 2974//2974 3020//3020
f 2973//2973 3020//3020 3019//3019
f 2974//2974 2975//2975 3020//3020
f 2975//2975 3021//3021 3020//3020
f 2975//2975 2976//2976 3022//3022
f 2975//2975 3022//3022 3021//3021
f 2976//2976 2977//2977 3022//3022
f 2977//2977 3023//3023 3022//3022
f 2977//2977 2978//2978 3024//3024
f 2977//2977 3024//3024 3023//3023
f 2978//2978 2979//2979 3024//3024
f 2979//2979 3025//3025 3024//3024
f 2979//2979 2980//2980 3026//3026
f 2979//2979 3026//3026 3025//3025
f 2980//2980 2981//2981 3026//3026
f 2981//2981 3027//3027 3026//3026
f 2981//2981 2982//2982 3028//3028
f 2981//2981 3028//3028 3027//3027
f 2982//2982 2983//2983 3028//3028
f 2983//2983 3029//3029 3028//3028
f 2983//2983 2984//2984 3030//3030
f 2983//2983 3030//3030 3029//3029
f 2984//2984 2985//2985 3030//3030
f 2985//2985 3031//3031 3030//3030
f 2985//2985 2986//2986 3032//3032
f 2985//2985 3032//3032 3031//3031
f 2986//2986 2987//2987 3032//3032
f 2987//2987 3033//3033 3032//3032
f 2987//2987 2988//2988 3034//3034
f 2987//2987 3034//3034 3033//3033
f 2988//2988 2989//2989 3034//3034
f 2989//2989 3035//3035 3034//3034
f 2989//2989 2990//2990 3036//3036
f 2989//2989 3036//3036 3035//3035
f 2990//2990 2991//2991 3036//3036
f 2991//2991 3037//3037 3036//3036
f 2991//2991 2992//2992 3038//3038
f 2991//2991 3038//3038 3037//3037
f 2992//2992 2993//2993 3038//3038
f 2996//2996 2997//2997 3039//3039
f 2997//2997 2998//2998 3039//3039
f 2998//2998 3040//3040 3039//3039
f 2998//2998 2999//2999 3041//3041
f 2998//2998 3041//3041 3040//3040
f 2999//2999 3000//3000 3041//3041
f 3000//3000 3042//3042 3041//3041
f 3000//3000 3001//3001 3043//3043
f 3000//3000 3043//3043 3042//3042
f 3001//3001 3002//3002 3043//3043
f 3002//3002 3044//3044 3043//3043
f 3002//3002 3003//3003 3045//3045
f 3002//3002 3045//3045 3044//3044
f 3003//3003 3004//3004 3045//3045
f 3004//3004 3046//3046 3045//3045
f 3004//3004 3005//3005 3047//3047
f 3004//3004 3047//3047 3046//3046
f 3005//3005 3006//3006 3047//3047
f 3006//3006 3048//3048 3047//3047
f 3006//3006 3007//3007 3049//3049
f 3006//3006 3049//3049 3048//3048
f 3007//3007 3008//3008 3049//3049
f 3008//3008 3050//3050 3049//3049
f 3008//3008 3009//3009 3051//3051
f 3008//3008 3051//3051 3050//3050
f 3009//3009 3010//3010 3051//3051
f 3010//3010 3052//3052 3051//3051
f 3010//3010 3011//3011 3053//3053
f 3010//3010 3053//3053 3052//3052
f 3011//3011 3012//3012 3053//3053
f 3012//3012 3054//3054 3053//3053
f 3012//3012 3013//3013 3055//3055
f 3012//3012 3055//3055 3054//3054
f 3013//3013 3014//3014 3055//3055
f 3014//3014 3056//3056 3055//3055
f 3014//3014 3015//3015 3057//3057
f 3014//3014 3057//3057 3056//3056
f 3015//3015 3016//3016 3057//3057
f 3016//3016 3058//3058 3057//3057
f 3016//3016 3017//3017 3059//3059
f 3016//3016 3059//3059 3058//3058
f 3017//3017 3018//3018 3059//3059
f 3018//3018 3060//3060 3059//3059
f 3018//3018 3019//3019 3061//3061
f 3018//3018 3061//3061 3060//3060
f 3019//3019 3020//3020 3061//3061
f 3020//3020 3062//3062 3061//3061
f 3020//3020 3021//3021 3063//3063
f 3020//3020 3063//3063 3062//3062
f 3021//3021 3022//3022 3063//3063
f 3022//3022 3064//3064 3063//3063
f 3022//3022 3023//3023 3065//3065
f 3022//3022 3065//3065 3064//3064
f 3023//3023 3024//3024 3065//3065
f 3024//3024 3066//3066 3065//3065
f 3024//3024 3025//3025 3067//3067
f 3024//3024 3067//3067 3066//3066
f 3025//3025 3026//3026 3067//3067
f 3026//3026 3068//3068 3067//3067
f 3026//3026 3027//3027 3069//3069
f 3026//3026 3069//3069 3068//3068
f 3027//3027 3028//3028 3069//3069
f 3028//3028 3070//3070 3069//3069
f 3028//3028 3029//3029 3071//3071
f 3028//3028 3071//3071 3070//3070
f 3029//3029 3030//3030 3071//3071
f 3030//3030 3072//3072 3071//3071
f 3030//3030 3031//3031 3073//3073
f 3030//3030 3073//3073 3072//3072
f 3031//3031 3032//3032 3073//3073
f 3032//3032 3074//3074 3073//3073
f 3032//3032 3033//3033 3075//3075
f 3032//3032 3075//3075 3074//3074
f 3033//3033 3034//3034 3075//3075
f 3034//3034 3076//3076 3075//3075
f 3034//3034 3035//3035 3077//3077
f 3034//3034 3077//3077 3076//3076
f 3035//3035 3036//3036 3077//3077
f 3036//3036 3078//3078 3077//3077
f 3036//3036 3037//3037 3079//3079
f 3036//3036 3079//3079 3078//3078
f 3037//3037 3038//3038 3079//3079
f 3041//3041 3042//3042 3080//3080
f 3042//3042 3043//3043 3080//3080
f 3043//3043 3081//3081 3080//3080
f 3043//3043 3044//3044 3082//3082
f 3043//3043 3082//3082 3081//3081
f 3044//3044 3045//3045 3082//3082
f 3045//3045 3083//3083 3082//3082
f 3045//3045 3046//3046 3084//3084
f 3045//3045 3084//3084 3083//3083
f 3046//3046 3047//3047 3084//3084
f 3047//3047 3085//3085 3084//3084
f 3047//3047 3048//3048 3086//3086
f 3047//3047 3086//3086 3085//3085
f 3048//3048 3049//3049 3086//3086
f 3049//3049 3087//3087 3086//3086
f 3049//3049 3050//3050 3088//3088
f 3049//3049 3088//3088 3087//3087
f 3050//3050 3051//3051 3088//3088
f 3051//3051 3089//3089 3088//3088
f 3051//3051 3052//3052 3090//3090
f 3051//3051 3090//3090 3089//3089
f 3052//3052 3053//3053 3090//3090
f 3053//3053 3091//3091 3090//3090
f 3053//3053 3054//3054 3092//3092
f 3053//3053 3092//3092 3091//3091
f 3054//3054 3055//3055 3092//3092
f 3055//3055 3093//3093 3092//3092
f 3055//3055 3056//3056 3094//3094
f 3055//3055 3094//3094 3093//3093
f 3056//3056 3057//3057 3094//3094
f 3057//3057 3095//3095 3094//3094
f 3057//3057 3058//3058 3096//3096
f 3057//3057 3096//3096 3095//3095
f 3058//3058 3059//3059 3096//3096
f 3059//3059 3097//3097 3096//3096
f 3059//3059 3060//3060 3098//3098
f 3059//3059 3098//3098 3097//3097
f 3060//3060 3061//3061 3098//3098
f 3061//3061 3099//3099 3098//3098
f 3061//3061 3062//3062 3100//3100
f 3061//3061 3100//3100 3099//3099
f 3062//3062 3063//3063 3100//3100
f 3063//3063 3101//3101 3100//3100
f 3063//3063 3064//3064 3102//3102
f 3063//3063 3102//3102 3101//3101
f 3064//3064 3065//3065 3102//3102
f 3065//3065 3103//3103 3102//3102
f 3065//3065 3066//3066 3104//3104
f 3065//3065 3104//3104 3103//3103
f 3066//3066 3067//3067 3104//3104
f 3067//3067 3105//3105 3104//3104
f 3067//3067 3068//3068 3106//3106
f 3067//3067 3106//3106 3105//3105
f 3068//3068 3069//3069 3106//3106
f 3069//3069 3107//3107 3106//3106
f 3069//3069 3070//3070 3108//3108
f 3069//3069 3108//3108 3107//3107
f 3070//3070 3071//3071 3108//3108
f 3071//3071 3109//3109 3108//3108
f 3071//3071 3072//3072 3110//3110
f 3071//3071 3110//3110 3109//3109
f 3072//3072 3073//3073 3110//3110
f 3073//3073 3111//3111 3110//3110
f 3073//3073 3074//3074 3112//3112
f 3073//3073 3112//3112 3111//3111
f 3074//3074 3075//3075 3112//3112
f 3075//3075 3113//3113 3112//3112
f 3075//3075 3076//3076 3114//3114
f 3075//3075 3114//3114 3113//3113
f 3076//3076 3077//3077 3114//3114
f 3077//3077 3115//3115 3114//3114
f 3077//3077 3078//3078 3116//3116
f 3077//3077 3116//3116 3115//3115
f 3078//3078 3079//3079 3116//3116
f 3081//3081 3082//3082 3117//3117
f 3082//3082 3118//3118 3117//3117
f 3082//3082 3083//3083 3119//3119
f 3082//3082 3119//3119 3118//3118
f 3083//3083 3084//3084 3119//3119
f 3084//3084 3120//3120 3119//3119
f 3084//3084 3085//3085 3121//3121
f 3084//3084 3121//3121 3120//3120
f 3085//3085 3086//3086 3121//3121
f 3086//3086 3122//3122 3121//3121
f 3086//3086 3087//3087 3123//3123
f 3086//3086 3123//3123 3122//3122
f 3087//3087 3088//3088 3123//3123
f 3088//3088 3124//3124 3123//3123
f 3088//3088 3089//3089 3125//3125
f 3088//3088 3125//3125 3124//3124
f 3089//3089 3090//3090 3125//3125
f 3090//3090 3126//3126 3125//3125
f 3090//3090 3091//3091 3127//3127
f 3090//3090 3127//3127 3126//3126
f 3091//3091 3092//3092 3127//3127
f 3092//3092 3128//3128 3127//3127
f 3092//3092 3093//3093 3129//3129
f 3092//3092 3129//3129 3128//3128
f 3093//3093 3094//3094 3129//3129
f 3094//3094 3130//3130 3129//3129
f 3094//3094 3095//3095 3131//3131
f 3094//3094 3131//3131 3130//3130
f 3095//3095 3096//3096 3131//3131
f 3096//3096 3132//3132 3131//3131
f 3096//3096 3097//3097 3133//3133
f 3096//3096 3133//3133 3132//3132
f 3097//3097 3098//3098 3133//3133
f 3098//3098 3134//3134 3133//3133
f 3098//3098 3099//3099 3135//3135
f 3098//3098 3135//3135 3134//3134
f 3099//3099 3100//3100 3135//3135
f 3100//3100 3136//3136 3135//3135
f 3100//3100 3101//3101 3137//3137
f 3100//3100 3137//3137 3136//3136
f 3101//3101 3102//3102 3137//3137
f 3102//3102 3138//3138 3137//3137
f 3102//3102 3103//3103 3139//3139
f 3102//3102 3139//3139 3138//3138
f 3103//3103 3104//3104 3139//3139
f 3104//3104 3140//3140 3139//3139
f 3104//3104 3105//3105 3141//3141
f 3104//3104 3141//3141 3140//3140
f 3105//3105 3106//3106 3141//3141
f 3106//3106 3142//3142 3141//3141
f 3106//3106 3107//3107 3143//3143
f 3106//3106 3143//3143 3142//3142
f 3107//3107 3108//3108 3143//3143
f 3108//3108 3144//3144 3143//3143
f 3108//3108 3109//3109 3145//3145
f 3108//3108 3145//3145 3144//3144
f 3109//3109 3110//3110 3145//3145
f 3110//3110 3146//3146 3145//3145
f 3110//3110 3111//3111 3147//3147
f 3110//3110 3147//3147 3146//3146
f 3111//3111 3112//3112 3147//3147
f 3112//3112 3148//3148 3147//3147
f 3112//3112 3113//3113 3149//3149
f 3112//3112 3149//3149 3148//3148
f 3113//3113 3114//3114 3149//3149
f 3114//3114 3150//3150 3149//3149
f 3114//3114 3115//3115 3151//3151
f 3114//3114 3151//3151 3150//3150
f 3115//3115 3116//3116 3151//3151
f 3120//3120 3121//3121 3152//3152
f 3121//3121 3153//3153 3152//3152
f 3121//3121 3122//3122 3154//3154
f 3121//3121 3154//3154 3153//3153
f 3122//3122 3123//3123 3154//3154
f 3123//3123 3155//3155 3154//3154
f 3123//3123 3124//3124 3156//3156
f 3123//3123 3156//3156 3155//3155
f 3124//3124 3125//3125 3156//3156
f 3125//3125 3157//3157 3156//3156
f 3125//3125 3126//3126 3158//3158
f 3125//3125 3158//3158 3157//3157
f 3126//3126 3127//3127 3158//3158
f 3127//3127 3159//3159 3158//3158
f 3127//3127 3128//3128 3160//3160
f 3127//3127 3160//3160 3159//3159
f 3128//3128 3129//3129 3160//3160
f 3129//3129 3161//3161 3160//3160
f 3129//3129 3130//3130 3162//3162
f 3129//3129 3162//3162 3161//3161
f 3130//3130 3131//3131 3162//3162
f 3131//3131 3163//3163 3162//3162
f 3131//3131 3132//3132 3164//3164
f 3131//3131 3164//3164 3163//3163
f 3132//3132 3133//3133 3164//3164
f 3133//3133 3165//3165 3164//3164
f 3133//3133 3134//3134 3166//3166
f 3133//3133 3166//3166 3165//3165
f 3134//3134 3135//3135 3166//3166
f 3135//3135 3167//3167 3166//3166
f 3135//3135 3136//3136 3168//3168
f 3135//3135 3168//3168 3167//3167
f 3136//3136 3137//3137 3168//3168
f 3137//3137 3169//3169 3168//3168
f 3137//3137 3138//3138 3170//3170
f 3137//3137 3170//3170 3169//3169
f 3138//3138 3139//3139 3170//3170
f 3139//3139 3171//3171 3170//3170
f 3139//3139 3140//3140 3172//3172
f 3139//3139 3172//3172 3171//3171
f 3140//3140 3141//3141 3172//3172
f 3141//3141 3173//3173 3172//3172
f 3141//3141 3142//3142 3174//3174
f 3141//3141 3174//3174 3173//3173
f 3142//3142 3143//3143 3174//3174
f 3143//3143 3175//3175 3174//3174
f 3143//3143 3144//3144 3176//3176
f 3143//3143 3176//3176 3175//3175
f 3144//3144 3145//3145 3176//3176
f 3145//3145 3177//3177 3176//3176
f 3145//3145 3146//3146 3178//3178
f 3145//3145 3178//3178 3177//3177
f 3146//3146 3147//3147 3178//3178
f 3147//3147 3179//3179 3178//3178
f 3147//3147 3148//3148 3180//3180
f 3147//3147 3180//3180 3179//3179
f 3148//3148 3149//3149 3180//3180
f 3149//3149 3181//3181 3180//3180
f 3149//3149 3150//3150 3182//3182
f 3149//3149 3182//3182 3181//3181
f 3150//3150 3151//3151 3182//3182
f 3154//3154 3155//3155 3183//3183
f 3155//3155 3156//3156 3183//3183
f 3156//3156 3184//3184 3183//3183
f 3156//3156 3157//3157 3185//3185
f 3156//3156 3185//3185 3184//3184
f 3157//3157 3158//3158 3185//3185
f 3158//3158 3186//3186 3185//3185
f 3158//3158 3159//3159 3187//3187
f 3158//3158 3187//3187 3186//3186
f 3159//3159 3160//3160 3187//3187
f 3160//3160 3188//3188 3187//3187
f 3160//3160 3161//3161 3189//3189
f 3160//3160 3189//3189 3188//3188
f 3161//3161 3162//3162 3189//3189
f 3162//3162 3190//3190 3189//3189
f 3162//3162 3163//3163 3191//3191
f 3162//3162 3191//3191 3190//3190
f 3163//3163 3164//3164 3191//3191
f 3164//3164 3192//3192 3191//3191
f 3164//3164 3165//3165 3193//3193
f 3164//3164 3193//3193 3192//3192
f 3165//3165 3166//3166 3193//3193
f 3166//3166 3194//3194 3193//3193
f 3166//3166 3167//3167 3195//3195
f 3166//3166 3195//3195 3194//3194
f 3167//3167 3168//3168 3195//3195
f 3168//3168 3196//3196 3195//3195
f 3168//3168 3169//3169 3197//3197
f 3168//3168 3197//3197 3196//3196
f 3169//3169 3170//3170 3197//3197
f 3170//3170 3198//3198 3197//3197
f 3170//3170 3171//3171 3199//3199
f 3170//3170 3199//3199 3198//3198
f 3171//3171 3172//3172 3199//3199
f 3172//3172 3200//3200 3199//3199
f 3172//3172 3173//3173 3201//3201
f 3172//3172 3201//3201 3200//3200
f 3173//3173 3174//3174 3201//3201
f 3174//3174 3202//3202 3201//3201
f 3174//3174 3175//3175 3203//3203
f 3174//3174 3203//3203 3202//3202
f 3175//3175 3176//3176 3203//3203
f 3176//3176 3204//3204 3203//3203
f 3176//3176 3177//3177 3205//3205
f 3176//3176 3205//3205 3204//3204
f 3177//3177 3178//3178 3205//3205
f 3178//3178 3206//3206 3205//3205
f 3178//3178 3179//3179 3207//3207
f 3178//3178 3207//3207 3206//3206
f 3179//3179 3180//3180 3207//3207
f 3180//3180 3208//3208 3207//3207
f 3180//3180 3181//3181 3209//3209
f 3180//3180 3209//3209 3208//3208
f 3185//3185 3186//3186 3210//3210
f 3186//3186 3187//3187 3210//3210
f 3187//3187 3211//3211 3210//3210
f 3187//3187 3188//3188 3212//3212
f 3187//3187 3212//3212 3211//3211
f 3188//3188 3189//3189 3212//3212
f 3189//3189 3213//3213 3212//3212
f 3189//3189 3190//3190 3214//3214
f 3189//3189 3214//3214 3213//3213
f 3190//3190 3191//3191 3214//3214
f 3191//3191 3215//3215 3214//3214
f 3191//3191 3192//3192 3216//3216
f 3191//3191 3216//3216 3215//3215
f 3192//3192 3193//3193 3216//3216
f 3193//3193 3217//3217 3216//3216
f 3193//3193 3194//3194 3218//3218
f 3193//3193 3218//3218 3217//3217
f 3194//3194 3195//3195 3218//3218
f 3195//3195 3219//3219 3218//3218
f 3195//3195 3196//3196 3220//3220
f 3195//3195 3220//3220 3219//3219
f 3196//3196 3197//3197 3220//3220
f 3197//3197 3221//3221 3220//3220
f 3197//3197 3198//3198 3222//3222
f 3197//3197 3222//3222 3221//3221
f 3198//3198 3199//3199 3222//3222
f 3199//3199 3223//3223 3222//3222
f 3199//3199 3200//3200 3224//3224
f 3199//3199 3224//3224 3223//3223
f 3200//3200 3201//3201 3224//3224
f 3201//3201 3225//3225 3224//3224
f 3201//3201 3202//3202 3226//3226
f 3201//3201 3226//3226 3225//3225
f 3202//3202 3203//3203 3226//3226
f 3203//3203 3227//3227 3226//3226
f 3203//3203 3204//3204 3228//3228
f 3203//3203 3228//3228 3227//3227
f 3204//3204 3205//3205 3228//3228
f 3205//3205 3229//3229 3228//3228
f 3205//3205 3206//3206 3230//3230
f 3205//3205 3230//3230 3229//3229
f 3206//3206 3207//3207 3230//3230
f 3212//3212 3213//3213 3231//3231
f 3213//3213 3214//3214 3231//3231
f 3214//3214 3232//3232 3231//3231
f 3214//3214 3215//3215 3233//3233
f 3214//3214 3233//3233 3232//3232
f 3215//3215 3216//3216 3233//3233
f 3216//3216 3234//3234 3233//3233
f 3216//3216 3217//3217 3235//3235
f 3216//3216 3235//3235 3234//3234
f 3217//3217 3218//3218 3235//3235
f 3218//3218 3236//3236 3235//3235
f 3218//3218 3219//3219 3237//3237
f 3218//3218 3237//3237 3236//3236
f 3219//3219 3220//3220 3237//3237
f 3220//3220 3238//3238 3237//3237
f 3220//3220 3221//3221 3239//3239
f 3220//3220 3239//3239 3238//3238
f 3221//3221 3222//3222 3239//3239
f 3222//3222 3240//3240 3239//3239
f 3222//3222 3223//3223 3241//3241
f 3222//3222 3241//3241 3240//3240
f 3223//3223 3224//3224 3241//3241
f 3224//3224 3242//3242 3241//3241
f 3224//3224 3225//3225 3243//3243
f 3224//3224 3243//3243 3242//3242
f 3225//3225 3226//3226 3243//3243
f 3226//3226 3244//3244 3243//3243
f 3226//3226 3227//3227 3245//3245
f 3226//3226 3245//3245 3244//3244
f 3227//3227 3228//3228 3245//3245
f 3228//3228 3246//3246 3245//3245
f 3228//3228 3229//3229 3247//3247
f 3228//3228 3247//3247 3246//3246
f 3235//3235 3236//3236 3248//3248
f 3236//3236 3237//3237 3248//3248
f 3237//3237 3249//3249 3248//3248
f 3237//3237 3238//3238 3250//3250
f 3237//3237 3250//3250 3249//3249
f 3238//3238 3239//3239 3250//3250
f 3239//3239 3251//3251 3250//3250
f 3239//3239 3240//3240 3252//3252
f 3239//3239 3252//3252 3251//3251
f 3240//3240 3241//3241 3252//3252
f 3241//3241 3253//3253 3252//3252
f 3241//3241 3242//3242 3254//3254
f 3241//3241 3254//3254 3253//3253
f 3242//3242 3243//3243 3254//3254
f 3243//3243 3255//3255 3254//3254
f 3243//3243 3244//3244 3256//3256
f 3243//3243 3256//3256 3255//3255
f 3244//3244 3245//3245 3256//3256
# 6241 faces, 0 coords texture

# End of File
